{
  "title": "Pizza Club Tarneit",
  "subTitle": null,
  "price": null,
  "menu": null,
  "categoryName": "Pizza restaurant",
  "address": "1035 Dohertys Rd, Tarneit VIC 3029, Australia",
  "locatedIn": null,
  "neighborhood": "1035 Dohertys Rd",
  "street": "1035 Dohertys Rd",
  "city": "Tarneit",
  "postalCode": "3029",
  "state": "Victoria",
  "countryCode": "AU",
  "plusCode": "5MHR+MX Tarneit, Victoria, Australia",
  "website": null,
  "phone": "+61 3 9119 0657",
  "temporarilyClosed": false,
  "location": {
    "lat": -37.8208098,
    "lng": 144.6924587
  },
  "permanentlyClosed": false,
  "totalScore": 5,
  "isAdvertisement": false,
  "rank": 18,
  "placeId": "ChIJv2KmNdWP1moRpNclX1iDy48",
  "categories": [
    "Pizza restaurant"
  ],
  "cid": "10361519783272634276",
  "url": "https://www.google.com/maps/place/Pizza+Club+Tarneit/@-37.8208098,144.6924587,17z/data=!3m1!4b1!4m5!3m4!1s0x6ad68fd535a662bf:0x8fcb83585f25d7a4!8m2!3d-37.8208098!4d144.6924587?hl=en",
  "searchPageUrl": "https://www.google.com/maps/search/pizza/@-37.8413092,144.5505163,15z?hl=en",
  "searchString": "pizza",
  "scrapedAt": "2022-08-01T17:02:07.936Z",
  "openingHours": [
    {
      "day": "Tuesday,",
      "hours": "11AM to 11PM"
    },
    {
      "day": "Wednesday,",
      "hours": "11AM to 11PM"
    },
    {
      "day": "Thursday,",
      "hours": "11AM to 11PM"
    },
    {
      "day": "Friday,",
      "hours": "11AM to 12AM"
    },
    {
      "day": "Saturday,",
      "hours": "11AM to 12AM"
    },
    {
      "day": "Sunday,",
      "hours": "11AM to 11PM"
    },
    {
      "day": "Monday,",
      "hours": "11AM to 11PM"
    }
  ],
  "additionalInfo": {
    "Service options": [
      {
        "Kerbside pickup": true
      },
      {
        "No-contact delivery": true
      },
      {
        "Delivery": true
      },
      {
        "Takeaway": true
      },
      {
        "Dine-in": true
      }
    ],
    "Accessibility": [
      {
        "Wheelchair-accessible car park": true
      }
    ],
    "Amenities": [
      {
        "Good for kids": true
      }
    ],
    "Atmosphere": [
      {
        "Casual": true
      }
    ]
  },
  "reviewsCount": 6,
  "reviewsDistribution": {
    "oneStar": 0,
    "twoStar": 0,
    "threeStar": 0,
    "fourStar": 0,
    "fiveStar": 6
  },
  "reviews": [],
  "orderBy": [
    {
      "name": "menulog.com.au",
      "url": "https://www.menulog.com.au/restaurants-pizza-club-tarneit/menu?utm_source=google&utm_medium=organic&utm_campaign=orderaction"
    }
  ]
}