{
  "title": "Pippo's Pizza",
  "subTitle": null,
  "price": null,
  "menu": null,
  "categoryName": "Pizza takeaway",
  "address": "77 Hoffmans Rd, Niddrie VIC 3042, Australia",
  "locatedIn": null,
  "neighborhood": "77 Hoffmans Rd",
  "street": "77 Hoffmans Rd",
  "city": "Niddrie",
  "postalCode": "3042",
  "state": "Victoria",
  "countryCode": "AU",
  "plusCode": "7V4R+9F Niddrie, Victoria, Australia",
  "website": "https://pippospizza.com.au/",
  "phone": "+61 3 9331 2122",
  "temporarilyClosed": false,
  "location": {
    "lat": -37.744094,
    "lng": 144.891136
  },
  "permanentlyClosed": false,
  "totalScore": 4.3,
  "isAdvertisement": false,
  "rank": 6,
  "placeId": "ChIJW6bythNc1moRzfimJjNJZ74",
  "categories": [
    "Pizza restaurant",
    "Italian restaurant",
    "Meal delivery",
    "Takeout restaurant",
    "Pizza takeaway"
  ],
  "cid": "13720015273848142029",
  "url": "https://www.google.com/maps/place/Pippo's+Pizza/@-37.744094,144.891136,17z/data=!3m1!4b1!4m5!3m4!1s0x6ad65c13b6f2a65b:0xbe67493326a6f8cd!8m2!3d-37.744094!4d144.891136?hl=en",
  "searchPageUrl": "https://www.google.com/maps/search/pizza/@-37.7320935,144.8645135,15z?hl=en",
  "searchString": "pizza",
  "scrapedAt": "2022-08-01T17:06:24.445Z",
  "popularTimesLiveText": null,
  "popularTimesLivePercent": null,
  "popularTimesHistogram": {
    "Su": [
      {
        "hour": 6,
        "occupancyPercent": 0
      },
      {
        "hour": 7,
        "occupancyPercent": 0
      },
      {
        "hour": 8,
        "occupancyPercent": 0
      },
      {
        "hour": 9,
        "occupancyPercent": 0
      },
      {
        "hour": 10,
        "occupancyPercent": 0
      },
      {
        "hour": 11,
        "occupancyPercent": 0
      },
      {
        "hour": 12,
        "occupancyPercent": 0
      },
      {
        "hour": 13,
        "occupancyPercent": 0
      },
      {
        "hour": 14,
        "occupancyPercent": 0
      },
      {
        "hour": 15,
        "occupancyPercent": 0
      },
      {
        "hour": 16,
        "occupancyPercent": 22
      },
      {
        "hour": 17,
        "occupancyPercent": 41
      },
      {
        "hour": 18,
        "occupancyPercent": 61
      },
      {
        "hour": 19,
        "occupancyPercent": 69
      },
      {
        "hour": 20,
        "occupancyPercent": 58
      },
      {
        "hour": 21,
        "occupancyPercent": 0
      },
      {
        "hour": 22,
        "occupancyPercent": 0
      },
      {
        "hour": 23,
        "occupancyPercent": 0
      }
    ],
    "Mo": [],
    "Tu": [
      {
        "hour": 6,
        "occupancyPercent": 0
      },
      {
        "hour": 7,
        "occupancyPercent": 0
      },
      {
        "hour": 8,
        "occupancyPercent": 0
      },
      {
        "hour": 9,
        "occupancyPercent": 0
      },
      {
        "hour": 10,
        "occupancyPercent": 0
      },
      {
        "hour": 11,
        "occupancyPercent": 0
      },
      {
        "hour": 12,
        "occupancyPercent": 0
      },
      {
        "hour": 13,
        "occupancyPercent": 0
      },
      {
        "hour": 14,
        "occupancyPercent": 0
      },
      {
        "hour": 15,
        "occupancyPercent": 0
      },
      {
        "hour": 16,
        "occupancyPercent": 41
      },
      {
        "hour": 17,
        "occupancyPercent": 47
      },
      {
        "hour": 18,
        "occupancyPercent": 44
      },
      {
        "hour": 19,
        "occupancyPercent": 33
      },
      {
        "hour": 20,
        "occupancyPercent": 27
      },
      {
        "hour": 21,
        "occupancyPercent": 0
      },
      {
        "hour": 22,
        "occupancyPercent": 0
      },
      {
        "hour": 23,
        "occupancyPercent": 0
      }
    ],
    "We": [
      {
        "hour": 6,
        "occupancyPercent": 0
      },
      {
        "hour": 7,
        "occupancyPercent": 0
      },
      {
        "hour": 8,
        "occupancyPercent": 0
      },
      {
        "hour": 9,
        "occupancyPercent": 0
      },
      {
        "hour": 10,
        "occupancyPercent": 0
      },
      {
        "hour": 11,
        "occupancyPercent": 0
      },
      {
        "hour": 12,
        "occupancyPercent": 0
      },
      {
        "hour": 13,
        "occupancyPercent": 0
      },
      {
        "hour": 14,
        "occupancyPercent": 0
      },
      {
        "hour": 15,
        "occupancyPercent": 0
      },
      {
        "hour": 16,
        "occupancyPercent": 22
      },
      {
        "hour": 17,
        "occupancyPercent": 33
      },
      {
        "hour": 18,
        "occupancyPercent": 44
      },
      {
        "hour": 19,
        "occupancyPercent": 47
      },
      {
        "hour": 20,
        "occupancyPercent": 41
      },
      {
        "hour": 21,
        "occupancyPercent": 0
      },
      {
        "hour": 22,
        "occupancyPercent": 0
      },
      {
        "hour": 23,
        "occupancyPercent": 0
      }
    ],
    "Th": [
      {
        "hour": 6,
        "occupancyPercent": 0
      },
      {
        "hour": 7,
        "occupancyPercent": 0
      },
      {
        "hour": 8,
        "occupancyPercent": 0
      },
      {
        "hour": 9,
        "occupancyPercent": 0
      },
      {
        "hour": 10,
        "occupancyPercent": 0
      },
      {
        "hour": 11,
        "occupancyPercent": 0
      },
      {
        "hour": 12,
        "occupancyPercent": 0
      },
      {
        "hour": 13,
        "occupancyPercent": 0
      },
      {
        "hour": 14,
        "occupancyPercent": 0
      },
      {
        "hour": 15,
        "occupancyPercent": 0
      },
      {
        "hour": 16,
        "occupancyPercent": 52
      },
      {
        "hour": 17,
        "occupancyPercent": 63
      },
      {
        "hour": 18,
        "occupancyPercent": 66
      },
      {
        "hour": 19,
        "occupancyPercent": 61
      },
      {
        "hour": 20,
        "occupancyPercent": 50
      },
      {
        "hour": 21,
        "occupancyPercent": 0
      },
      {
        "hour": 22,
        "occupancyPercent": 0
      },
      {
        "hour": 23,
        "occupancyPercent": 0
      }
    ],
    "Fr": [
      {
        "hour": 6,
        "occupancyPercent": 0
      },
      {
        "hour": 7,
        "occupancyPercent": 0
      },
      {
        "hour": 8,
        "occupancyPercent": 0
      },
      {
        "hour": 9,
        "occupancyPercent": 0
      },
      {
        "hour": 10,
        "occupancyPercent": 0
      },
      {
        "hour": 11,
        "occupancyPercent": 0
      },
      {
        "hour": 12,
        "occupancyPercent": 0
      },
      {
        "hour": 13,
        "occupancyPercent": 0
      },
      {
        "hour": 14,
        "occupancyPercent": 0
      },
      {
        "hour": 15,
        "occupancyPercent": 0
      },
      {
        "hour": 16,
        "occupancyPercent": 38
      },
      {
        "hour": 17,
        "occupancyPercent": 72
      },
      {
        "hour": 18,
        "occupancyPercent": 100
      },
      {
        "hour": 19,
        "occupancyPercent": 100
      },
      {
        "hour": 20,
        "occupancyPercent": 72
      },
      {
        "hour": 21,
        "occupancyPercent": 44
      },
      {
        "hour": 22,
        "occupancyPercent": 25
      },
      {
        "hour": 23,
        "occupancyPercent": 0
      }
    ],
    "Sa": [
      {
        "hour": 6,
        "occupancyPercent": 0
      },
      {
        "hour": 7,
        "occupancyPercent": 0
      },
      {
        "hour": 8,
        "occupancyPercent": 0
      },
      {
        "hour": 9,
        "occupancyPercent": 0
      },
      {
        "hour": 10,
        "occupancyPercent": 0
      },
      {
        "hour": 11,
        "occupancyPercent": 0
      },
      {
        "hour": 12,
        "occupancyPercent": 0
      },
      {
        "hour": 13,
        "occupancyPercent": 0
      },
      {
        "hour": 14,
        "occupancyPercent": 0
      },
      {
        "hour": 15,
        "occupancyPercent": 0
      },
      {
        "hour": 16,
        "occupancyPercent": 16
      },
      {
        "hour": 17,
        "occupancyPercent": 25
      },
      {
        "hour": 18,
        "occupancyPercent": 33
      },
      {
        "hour": 19,
        "occupancyPercent": 33
      },
      {
        "hour": 20,
        "occupancyPercent": 27
      },
      {
        "hour": 21,
        "occupancyPercent": 22
      },
      {
        "hour": 22,
        "occupancyPercent": 13
      },
      {
        "hour": 23,
        "occupancyPercent": 0
      }
    ]
  },
  "openingHours": [
    {
      "day": "Tuesday,",
      "hours": "4:30 to 9PM"
    },
    {
      "day": "Wednesday,",
      "hours": "4:30 to 9PM"
    },
    {
      "day": "Thursday,",
      "hours": "4:30 to 9PM"
    },
    {
      "day": "Friday,",
      "hours": "4:30 to 10:30PM"
    },
    {
      "day": "Saturday,",
      "hours": "4:30 to 10:30PM"
    },
    {
      "day": "Sunday,",
      "hours": "4:30 to 9PM"
    },
    {
      "day": "Monday,",
      "hours": "Closed"
    }
  ],
  "additionalInfo": {
    "Service options": [
      {
        "Delivery": true
      },
      {
        "Takeaway": true
      }
    ],
    "Dining options": [
      {
        "Dinner": true
      }
    ],
    "Amenities": [
      {
        "Good for kids": true
      }
    ],
    "Atmosphere": [
      {
        "Casual": true
      }
    ],
    "Payments": [
      {
        "Debit cards": true
      },
      {
        "NFC mobile payments": true
      },
      {
        "Credit cards": true
      }
    ]
  },
  "reviewsCount": 67,
  "reviewsDistribution": {
    "oneStar": 7,
    "twoStar": 3,
    "threeStar": 3,
    "fourStar": 7,
    "fiveStar": 47
  },
  "reviews": [],
  "orderBy": [
    {
      "name": "order.online",
      "url": "https://order.online/business/pippos-pizza-826450"
    },
    {
      "name": "menulog.com.au",
      "url": "https://www.menulog.com.au/restaurants-pippos-pizza/menu?utm_source=google&utm_medium=organic&utm_campaign=orderaction"
    },
    {
      "name": "deliveroo.com.au",
      "url": "https://deliveroo.com.au/menu/melbourne/essendon/pippos-pizza-niddrie?utm_medium=affiliate&utm_source=google_maps_link"
    },
    {
      "name": "doordash.com",
      "url": "https://www.doordash.com/en-AU/store/pippos-pizza-niddrie-1768623/?utm_campaign=gpa"
    }
  ]
}