{
  "title": "South Yarra Pizza",
  "subTitle": null,
  "price": null,
  "menu": null,
  "categoryName": "Pizza restaurant",
  "address": "394A Chapel St, South Yarra VIC 3141, Australia",
  "locatedIn": null,
  "neighborhood": "394A Chapel St",
  "street": "394A Chapel St",
  "city": "South Yarra",
  "postalCode": "3141",
  "state": "Victoria",
  "countryCode": "AU",
  "plusCode": "5X3V+PV South Yarra, Victoria, Australia",
  "website": null,
  "phone": "+61 402 980 263",
  "temporarilyClosed": false,
  "location": {
    "lat": -37.8456428,
    "lng": 144.9947025
  },
  "permanentlyClosed": false,
  "totalScore": 4.9,
  "isAdvertisement": false,
  "rank": 12,
  "placeId": "ChIJybbLkfpp1moRf3Zjk4fW6rc",
  "categories": [
    "Pizza restaurant"
  ],
  "cid": "13252640731272803967",
  "url": "https://www.google.com/maps/place/South+Yarra+Pizza/@-37.8456428,144.9947025,17z/data=!3m1!4b1!4m5!3m4!1s0x6ad669fa91cbb6c9:0xb7ead6879363767f!8m2!3d-37.8456428!4d144.9947025?hl=en",
  "searchPageUrl": "https://www.google.com/maps/search/a5+pizza/@-37.8413092,145.0040678,15z?hl=en",
  "searchString": "a5 pizza",
  "scrapedAt": "2022-08-01T19:08:03.655Z",
  "openingHours": [
    {
      "day": "Tuesday,",
      "hours": "Closed"
    },
    {
      "day": "Wednesday,",
      "hours": "4:30 to 9PM"
    },
    {
      "day": "Thursday,",
      "hours": "5:30 to 9:30PM"
    },
    {
      "day": "Friday,",
      "hours": "5:30 to 10:30PM"
    },
    {
      "day": "Saturday,",
      "hours": "5:30 to 10:30PM"
    },
    {
      "day": "Sunday,",
      "hours": "5 to 9:30PM"
    },
    {
      "day": "Monday,",
      "hours": "Closed"
    }
  ],
  "additionalInfo": {
    "Service options": [
      {
        "Kerbside pickup": true
      },
      {
        "No-contact delivery": true
      },
      {
        "Delivery": true
      },
      {
        "Takeaway": true
      },
      {
        "Dine-in": true
      }
    ],
    "Amenities": [
      {
        "Good for kids": true
      }
    ]
  },
  "reviewsCount": 8,
  "reviewsDistribution": {
    "oneStar": 0,
    "twoStar": 0,
    "threeStar": 0,
    "fourStar": 1,
    "fiveStar": 7
  },
  "reviews": [],
  "orderBy": []
}