{
  "title": "Fay Jays Pizza",
  "subTitle": null,
  "price": null,
  "menu": null,
  "categoryName": "Pizza takeaway",
  "address": "40 Johnson St, Reservoir VIC 3073, Australia",
  "locatedIn": null,
  "neighborhood": "40 Johnson St",
  "street": "40 Johnson St",
  "city": "Reservoir",
  "postalCode": "3073",
  "state": "Victoria",
  "countryCode": "AU",
  "plusCode": "8236+PX Reservoir, Victoria, Australia",
  "website": null,
  "phone": "+61 3 9462 6955",
  "temporarilyClosed": false,
  "location": {
    "lat": -37.6956767,
    "lng": 145.0124479
  },
  "permanentlyClosed": true,
  "totalScore": null,
  "isAdvertisement": false,
  "rank": 4,
  "placeId": "ChIJKy_8TnxP1moR0cTeqW7SPS0",
  "categories": [
    "Pizza restaurant",
    "Pizza takeaway"
  ],
  "cid": "3259993078024291537",
  "url": "https://www.google.com/maps/place/Fay+Jays+Pizza/@-37.6956767,145.0124479,17z/data=!3m1!4b1!4m5!3m4!1s0x6ad64f7c4efc2f2b:0x2d3dd26ea9dec4d1!8m2!3d-37.6956779!4d145.0124614?hl=en",
  "searchPageUrl": "https://www.google.com/maps/search/fj+pizza/@-37.6774856,145.0040678,15z?hl=en",
  "searchString": "fj pizza",
  "scrapedAt": "2022-08-02T04:47:34.300Z",
  "additionalInfo": {
    "Service options": [
      {
        "Takeaway": true
      }
    ],
    "Amenities": [
      {
        "Good for kids": true
      }
    ]
  },
  "reviewsCount": 0,
  "reviewsDistribution": {
    "oneStar": 0,
    "twoStar": 0,
    "threeStar": 0,
    "fourStar": 0,
    "fiveStar": 0
  },
  "reviews": [],
  "orderBy": []
}