{
  "title": "Steves pizza and kebab",
  "subTitle": null,
  "price": null,
  "menu": null,
  "categoryName": "Pizza restaurant",
  "address": "1429 Sydney Rd, Campbellfield VIC 3061, Australia",
  "locatedIn": null,
  "neighborhood": "1429 Sydney Rd",
  "street": "1429 Sydney Rd",
  "city": "Campbellfield",
  "postalCode": "3061",
  "state": "Victoria",
  "countryCode": "AU",
  "plusCode": "8X55+F5 Campbellfield, Victoria, Australia",
  "website": null,
  "phone": "+61 3 9359 9037",
  "temporarilyClosed": false,
  "location": {
    "lat": -37.6913307,
    "lng": 144.9579455
  },
  "permanentlyClosed": false,
  "totalScore": 3.7,
  "isAdvertisement": false,
  "rank": 14,
  "placeId": "ChIJT-x_mDFb1moRlIjrbyUqzhI",
  "categories": [
    "Pizza restaurant"
  ],
  "cid": "1355066878164961428",
  "url": "https://www.google.com/maps/place/Steves+pizza+and+kebab/@-37.6913307,144.9579455,17z/data=!3m1!4b1!4m5!3m4!1s0x6ad65b31987fec4f:0x12ce2a256feb8894!8m2!3d-37.6913307!4d144.9579455?hl=en",
  "searchPageUrl": "https://www.google.com/maps/search/pizza/@-37.6774856,144.9342907,15z?hl=en",
  "searchString": "pizza",
  "scrapedAt": "2022-08-01T17:07:37.706Z",
  "popularTimesLiveText": null,
  "popularTimesLivePercent": null,
  "popularTimesHistogram": {
    "Su": [
      {
        "hour": 6,
        "occupancyPercent": 0
      },
      {
        "hour": 7,
        "occupancyPercent": 0
      },
      {
        "hour": 8,
        "occupancyPercent": 0
      },
      {
        "hour": 9,
        "occupancyPercent": 0
      },
      {
        "hour": 10,
        "occupancyPercent": 0
      },
      {
        "hour": 11,
        "occupancyPercent": 0
      },
      {
        "hour": 12,
        "occupancyPercent": 0
      },
      {
        "hour": 13,
        "occupancyPercent": 0
      },
      {
        "hour": 14,
        "occupancyPercent": 0
      },
      {
        "hour": 15,
        "occupancyPercent": 0
      },
      {
        "hour": 16,
        "occupancyPercent": 0
      },
      {
        "hour": 17,
        "occupancyPercent": 0
      },
      {
        "hour": 18,
        "occupancyPercent": 27
      },
      {
        "hour": 19,
        "occupancyPercent": 41
      },
      {
        "hour": 20,
        "occupancyPercent": 51
      },
      {
        "hour": 21,
        "occupancyPercent": 54
      },
      {
        "hour": 22,
        "occupancyPercent": 52
      },
      {
        "hour": 23,
        "occupancyPercent": 51
      },
      {
        "hour": 0,
        "occupancyPercent": 55
      },
      {
        "hour": 1,
        "occupancyPercent": 60
      },
      {
        "hour": 2,
        "occupancyPercent": 62
      }
    ],
    "Mo": [
      {
        "hour": 6,
        "occupancyPercent": 0
      },
      {
        "hour": 7,
        "occupancyPercent": 0
      },
      {
        "hour": 8,
        "occupancyPercent": 0
      },
      {
        "hour": 9,
        "occupancyPercent": 0
      },
      {
        "hour": 10,
        "occupancyPercent": 0
      },
      {
        "hour": 11,
        "occupancyPercent": 0
      },
      {
        "hour": 12,
        "occupancyPercent": 0
      },
      {
        "hour": 13,
        "occupancyPercent": 0
      },
      {
        "hour": 14,
        "occupancyPercent": 0
      },
      {
        "hour": 15,
        "occupancyPercent": 0
      },
      {
        "hour": 16,
        "occupancyPercent": 0
      },
      {
        "hour": 17,
        "occupancyPercent": 0
      },
      {
        "hour": 18,
        "occupancyPercent": 17
      },
      {
        "hour": 19,
        "occupancyPercent": 31
      },
      {
        "hour": 20,
        "occupancyPercent": 44
      },
      {
        "hour": 21,
        "occupancyPercent": 52
      },
      {
        "hour": 22,
        "occupancyPercent": 61
      },
      {
        "hour": 23,
        "occupancyPercent": 71
      },
      {
        "hour": 0,
        "occupancyPercent": 74
      },
      {
        "hour": 1,
        "occupancyPercent": 64
      },
      {
        "hour": 2,
        "occupancyPercent": 41
      }
    ],
    "Tu": [],
    "We": [
      {
        "hour": 6,
        "occupancyPercent": 0
      },
      {
        "hour": 7,
        "occupancyPercent": 0
      },
      {
        "hour": 8,
        "occupancyPercent": 0
      },
      {
        "hour": 9,
        "occupancyPercent": 0
      },
      {
        "hour": 10,
        "occupancyPercent": 0
      },
      {
        "hour": 11,
        "occupancyPercent": 0
      },
      {
        "hour": 12,
        "occupancyPercent": 0
      },
      {
        "hour": 13,
        "occupancyPercent": 0
      },
      {
        "hour": 14,
        "occupancyPercent": 0
      },
      {
        "hour": 15,
        "occupancyPercent": 0
      },
      {
        "hour": 16,
        "occupancyPercent": 0
      },
      {
        "hour": 17,
        "occupancyPercent": 0
      },
      {
        "hour": 18,
        "occupancyPercent": 38
      },
      {
        "hour": 19,
        "occupancyPercent": 70
      },
      {
        "hour": 20,
        "occupancyPercent": 56
      },
      {
        "hour": 21,
        "occupancyPercent": 41
      },
      {
        "hour": 22,
        "occupancyPercent": 33
      },
      {
        "hour": 23,
        "occupancyPercent": 40
      },
      {
        "hour": 0,
        "occupancyPercent": 68
      },
      {
        "hour": 1,
        "occupancyPercent": 93
      },
      {
        "hour": 2,
        "occupancyPercent": 83
      }
    ],
    "Th": [
      {
        "hour": 6,
        "occupancyPercent": 0
      },
      {
        "hour": 7,
        "occupancyPercent": 0
      },
      {
        "hour": 8,
        "occupancyPercent": 0
      },
      {
        "hour": 9,
        "occupancyPercent": 0
      },
      {
        "hour": 10,
        "occupancyPercent": 0
      },
      {
        "hour": 11,
        "occupancyPercent": 0
      },
      {
        "hour": 12,
        "occupancyPercent": 0
      },
      {
        "hour": 13,
        "occupancyPercent": 0
      },
      {
        "hour": 14,
        "occupancyPercent": 0
      },
      {
        "hour": 15,
        "occupancyPercent": 0
      },
      {
        "hour": 16,
        "occupancyPercent": 0
      },
      {
        "hour": 17,
        "occupancyPercent": 0
      },
      {
        "hour": 18,
        "occupancyPercent": 24
      },
      {
        "hour": 19,
        "occupancyPercent": 34
      },
      {
        "hour": 20,
        "occupancyPercent": 46
      },
      {
        "hour": 21,
        "occupancyPercent": 55
      },
      {
        "hour": 22,
        "occupancyPercent": 64
      },
      {
        "hour": 23,
        "occupancyPercent": 68
      },
      {
        "hour": 0,
        "occupancyPercent": 67
      },
      {
        "hour": 1,
        "occupancyPercent": 61
      },
      {
        "hour": 2,
        "occupancyPercent": 51
      },
      {
        "hour": 3,
        "occupancyPercent": 41
      },
      {
        "hour": 4,
        "occupancyPercent": 33
      }
    ],
    "Fr": [
      {
        "hour": 6,
        "occupancyPercent": 0
      },
      {
        "hour": 7,
        "occupancyPercent": 0
      },
      {
        "hour": 8,
        "occupancyPercent": 0
      },
      {
        "hour": 9,
        "occupancyPercent": 0
      },
      {
        "hour": 10,
        "occupancyPercent": 0
      },
      {
        "hour": 11,
        "occupancyPercent": 0
      },
      {
        "hour": 12,
        "occupancyPercent": 0
      },
      {
        "hour": 13,
        "occupancyPercent": 0
      },
      {
        "hour": 14,
        "occupancyPercent": 0
      },
      {
        "hour": 15,
        "occupancyPercent": 0
      },
      {
        "hour": 16,
        "occupancyPercent": 0
      },
      {
        "hour": 17,
        "occupancyPercent": 0
      },
      {
        "hour": 18,
        "occupancyPercent": 25
      },
      {
        "hour": 19,
        "occupancyPercent": 35
      },
      {
        "hour": 20,
        "occupancyPercent": 45
      },
      {
        "hour": 21,
        "occupancyPercent": 54
      },
      {
        "hour": 22,
        "occupancyPercent": 61
      },
      {
        "hour": 23,
        "occupancyPercent": 64
      },
      {
        "hour": 0,
        "occupancyPercent": 71
      },
      {
        "hour": 1,
        "occupancyPercent": 91
      },
      {
        "hour": 2,
        "occupancyPercent": 100
      },
      {
        "hour": 3,
        "occupancyPercent": 70
      },
      {
        "hour": 4,
        "occupancyPercent": 62
      }
    ],
    "Sa": [
      {
        "hour": 6,
        "occupancyPercent": 0
      },
      {
        "hour": 7,
        "occupancyPercent": 0
      },
      {
        "hour": 8,
        "occupancyPercent": 0
      },
      {
        "hour": 9,
        "occupancyPercent": 0
      },
      {
        "hour": 10,
        "occupancyPercent": 0
      },
      {
        "hour": 11,
        "occupancyPercent": 0
      },
      {
        "hour": 12,
        "occupancyPercent": 0
      },
      {
        "hour": 13,
        "occupancyPercent": 0
      },
      {
        "hour": 14,
        "occupancyPercent": 0
      },
      {
        "hour": 15,
        "occupancyPercent": 0
      },
      {
        "hour": 16,
        "occupancyPercent": 0
      },
      {
        "hour": 17,
        "occupancyPercent": 0
      },
      {
        "hour": 18,
        "occupancyPercent": 30
      },
      {
        "hour": 19,
        "occupancyPercent": 43
      },
      {
        "hour": 20,
        "occupancyPercent": 57
      },
      {
        "hour": 21,
        "occupancyPercent": 71
      },
      {
        "hour": 22,
        "occupancyPercent": 83
      },
      {
        "hour": 23,
        "occupancyPercent": 89
      },
      {
        "hour": 0,
        "occupancyPercent": 85
      },
      {
        "hour": 1,
        "occupancyPercent": 71
      },
      {
        "hour": 2,
        "occupancyPercent": 51
      },
      {
        "hour": 3,
        "occupancyPercent": 65
      },
      {
        "hour": 4,
        "occupancyPercent": 45
      }
    ]
  },
  "openingHours": [
    {
      "day": "Tuesday,",
      "hours": "Closed"
    },
    {
      "day": "Wednesday,",
      "hours": "6PM to 3AM"
    },
    {
      "day": "Thursday,",
      "hours": "6PM to 5AM"
    },
    {
      "day": "Friday,",
      "hours": "6PM to 5AM"
    },
    {
      "day": "Saturday,",
      "hours": "6PM to 5AM"
    },
    {
      "day": "Sunday,",
      "hours": "6PM to 3AM"
    },
    {
      "day": "Monday,",
      "hours": "6PM to 3AM"
    }
  ],
  "additionalInfo": {
    "Service options": [
      {
        "Kerbside pickup": true
      },
      {
        "No-contact delivery": true
      },
      {
        "Delivery": true
      },
      {
        "Takeaway": true
      },
      {
        "Dine-in": true
      }
    ],
    "Health and safety": [
      {
        "Staff wear masks": true
      },
      {
        "Staff get temperature checks": true
      },
      {
        "Staff required to disinfect surfaces between visits": true
      }
    ],
    "Accessibility": [
      {
        "Wheelchair-accessible car park": true
      },
      {
        "Wheelchair-accessible entrance": true
      }
    ],
    "Offerings": [
      {
        "Halal food": true
      },
      {
        "Late-night food": true
      }
    ],
    "Dining options": [
      {
        "Lunch": true
      },
      {
        "Dinner": true
      }
    ],
    "Amenities": [
      {
        "Good for kids": true
      }
    ],
    "Atmosphere": [
      {
        "Casual": true
      }
    ]
  },
  "reviewsCount": 75,
  "reviewsDistribution": {
    "oneStar": 18,
    "twoStar": 3,
    "threeStar": 3,
    "fourStar": 10,
    "fiveStar": 41
  },
  "reviews": [],
  "orderBy": []
}