{
  "title": "Global Pizza",
  "subTitle": null,
  "price": "$",
  "menu": null,
  "categoryName": "Pizza takeaway",
  "address": "7 Were St, Montmorency VIC 3094, Australia",
  "locatedIn": null,
  "neighborhood": "7 Were St",
  "street": "7 Were St",
  "city": "Montmorency",
  "postalCode": "3094",
  "state": "Victoria",
  "countryCode": "AU",
  "plusCode": "74MC+48 Montmorency, Victoria, Australia",
  "website": "https://globalpizzamonty.com.au/",
  "phone": "+61 3 9434 5088",
  "temporarilyClosed": false,
  "location": {
    "lat": -37.7172432,
    "lng": 145.1208141
  },
  "permanentlyClosed": false,
  "totalScore": 4.4,
  "isAdvertisement": false,
  "rank": 4,
  "placeId": "ChIJlxoZ4RVI1moRH5R31U4GXE0",
  "categories": [
    "Pizza takeaway",
    "Donut shop",
    "Pasta shop",
    "Pizza delivery"
  ],
  "cid": "5574337374436430879",
  "url": "https://www.google.com/maps/place/Global+Pizza/@-37.7172432,145.1208141,17z/data=!3m1!4b1!4m5!3m4!1s0x6ad64815e1191a97:0x4d5c064ed577941f!8m2!3d-37.7172432!4d145.1208141?hl=en",
  "searchPageUrl": "https://www.google.com/maps/search/pizza/@-37.7320935,145.1087335,15z?hl=en",
  "searchString": "pizza",
  "scrapedAt": "2022-08-01T17:08:22.812Z",
  "openingHours": [
    {
      "day": "Tuesday,",
      "hours": "3 to 9PM"
    },
    {
      "day": "Wednesday,",
      "hours": "3 to 9PM"
    },
    {
      "day": "Thursday,",
      "hours": "3 to 9PM"
    },
    {
      "day": "Friday,",
      "hours": "12 to 10PM"
    },
    {
      "day": "Saturday,",
      "hours": "12 to 10PM"
    },
    {
      "day": "Sunday,",
      "hours": "3 to 9PM"
    },
    {
      "day": "Monday,",
      "hours": "Closed"
    }
  ],
  "additionalInfo": {
    "Service options": [
      {
        "Kerbside pickup": true
      },
      {
        "No-contact delivery": true
      },
      {
        "Delivery": true
      },
      {
        "Takeaway": true
      },
      {
        "Dine-in": false
      }
    ],
    "Accessibility": [
      {
        "Wheelchair-accessible car park": true
      }
    ],
    "Offerings": [
      {
        "Halal food": true
      },
      {
        "Late-night food": true
      }
    ],
    "Dining options": [
      {
        "Dinner": true
      },
      {
        "Dessert": true
      }
    ],
    "Amenities": [
      {
        "Good for kids": true
      }
    ],
    "Atmosphere": [
      {
        "Casual": true
      }
    ],
    "Planning": [
      {
        "Accepts reservations": true
      }
    ],
    "Payments": [
      {
        "NFC mobile payments": true
      }
    ]
  },
  "reviewsCount": 139,
  "reviewsDistribution": {
    "oneStar": 7,
    "twoStar": 11,
    "threeStar": 9,
    "fourStar": 10,
    "fiveStar": 102
  },
  "reviews": [],
  "orderBy": [
    {
      "name": "doepizza.com.au",
      "url": "http://www.doepizza.com.au/"
    }
  ]
}