{
  "title": "Mariams Pizza",
  "subTitle": null,
  "price": null,
  "menu": null,
  "categoryName": "Pizza restaurant",
  "address": "Shop 16a/22 McKimmies Rd, Lalor VIC 3075, Australia",
  "locatedIn": "Floor G · Lalor Plaza Shopping Centre",
  "neighborhood": "Shop 16a/22 McKimmies Rd",
  "street": "Shop 16a/22 McKimmies Rd",
  "city": "Lalor",
  "postalCode": "3075",
  "state": "Victoria",
  "countryCode": "AU",
  "plusCode": "82FP+W3 Lalor, Victoria, Australia",
  "website": "http://www.mariamspizza.com.au/",
  "phone": "+61 3 9464 7017",
  "temporarilyClosed": false,
  "location": {
    "lat": -37.675247,
    "lng": 145.0351255
  },
  "permanentlyClosed": false,
  "totalScore": 3.8,
  "isAdvertisement": false,
  "rank": 19,
  "placeId": "ChIJIzy1SiRP1moRPcV6DSn79e0",
  "categories": [
    "Pizza restaurant"
  ],
  "cid": "17146887310021412157",
  "url": "https://www.google.com/maps/place/Mariams+Pizza/@-37.675247,145.0351255,17z/data=!3m1!4b1!4m5!3m4!1s0x6ad64f244ab53c23:0xedf5fb290d7ac53d!8m2!3d-37.675247!4d145.0351255?hl=en",
  "searchPageUrl": "https://www.google.com/maps/search/pizza/@-37.6501817,145.0040678,15z?hl=en",
  "searchString": "pizza",
  "scrapedAt": "2022-08-01T17:07:08.171Z",
  "openingHours": [
    {
      "day": "Tuesday,",
      "hours": "12:30 to 9:30PM"
    },
    {
      "day": "Wednesday,",
      "hours": "12:30 to 9:30PM"
    },
    {
      "day": "Thursday,",
      "hours": "12:30 to 9:30PM"
    },
    {
      "day": "Friday,",
      "hours": "12:30 to 9:30PM"
    },
    {
      "day": "Saturday,",
      "hours": "12:30 to 9:30PM"
    },
    {
      "day": "Sunday,",
      "hours": "12:30 to 9:30PM"
    },
    {
      "day": "Monday,",
      "hours": "Closed"
    }
  ],
  "additionalInfo": {
    "Service options": [
      {
        "Delivery": true
      },
      {
        "Takeaway": true
      },
      {
        "Dine-in": true
      }
    ],
    "Accessibility": [
      {
        "Wheelchair-accessible car park": true
      },
      {
        "Wheelchair-accessible entrance": true
      },
      {
        "Wheelchair-accessible toilet": true
      }
    ],
    "Offerings": [
      {
        "Halal food": true
      }
    ],
    "Dining options": [
      {
        "Lunch": true
      },
      {
        "Dinner": true
      },
      {
        "Seating": true
      }
    ],
    "Amenities": [
      {
        "Good for kids": true
      },
      {
        "Toilets": true
      }
    ],
    "Atmosphere": [
      {
        "Casual": true
      }
    ],
    "Crowd": [
      {
        "Family friendly": true
      }
    ]
  },
  "reviewsCount": 49,
  "reviewsDistribution": {
    "oneStar": 9,
    "twoStar": 2,
    "threeStar": 5,
    "fourStar": 7,
    "fiveStar": 26
  },
  "reviews": [],
  "orderBy": [
    {
      "name": "mariamspizzaonline.com.au",
      "url": "https://mariamspizzaonline.com.au/ordernow"
    },
    {
      "name": "doordash.com",
      "url": "https://www.doordash.com/en-AU/store/mariam%E2%80%99s-pizza-lalor-860498/?utm_campaign=gpa"
    }
  ]
}