{
  "title": "NWS Kebab And Pizza",
  "subTitle": null,
  "price": null,
  "menu": null,
  "categoryName": "Takeout restaurant",
  "address": "305 Ormond Rd, Narre Warren South VIC 3805, Australia",
  "locatedIn": null,
  "neighborhood": "305 Ormond Rd",
  "street": "305 Ormond Rd",
  "city": "Narre Warren South",
  "postalCode": "3805",
  "state": "Victoria",
  "countryCode": "AU",
  "plusCode": "W7VR+44 Narre Warren South, Victoria, Australia",
  "website": "https://nwskebabandpizza.com.au/",
  "phone": "+61 3 9904 9567",
  "temporarilyClosed": false,
  "location": {
    "lat": -38.0571617,
    "lng": 145.2903116
  },
  "permanentlyClosed": false,
  "totalScore": 3.5,
  "isAdvertisement": false,
  "rank": 5,
  "placeId": "ChIJU5NRQWER1moRzeZdjmyZ8_E",
  "categories": [
    "Takeout restaurant"
  ],
  "cid": "17434447274005358285",
  "url": "https://www.google.com/maps/place/NWS+Kebab+And+Pizza/@-38.0571617,145.2903116,17z/data=!3m1!4b1!4m5!3m4!1s0x6ad6116141519353:0xf1f3996c8e5de6cd!8m2!3d-38.0571617!4d145.2903116?hl=en",
  "searchPageUrl": "https://www.google.com/maps/search/pizza/@-38.0597408,145.2831764,15z?hl=en",
  "searchString": "pizza",
  "scrapedAt": "2022-08-01T17:10:36.458Z",
  "popularTimesLiveText": null,
  "popularTimesLivePercent": null,
  "popularTimesHistogram": {
    "Su": [
      {
        "hour": 6,
        "occupancyPercent": 0
      },
      {
        "hour": 7,
        "occupancyPercent": 0
      },
      {
        "hour": 8,
        "occupancyPercent": 1
      },
      {
        "hour": 9,
        "occupancyPercent": 6
      },
      {
        "hour": 10,
        "occupancyPercent": 18
      },
      {
        "hour": 11,
        "occupancyPercent": 29
      },
      {
        "hour": 12,
        "occupancyPercent": 39
      },
      {
        "hour": 13,
        "occupancyPercent": 46
      },
      {
        "hour": 14,
        "occupancyPercent": 46
      },
      {
        "hour": 15,
        "occupancyPercent": 44
      },
      {
        "hour": 16,
        "occupancyPercent": 43
      },
      {
        "hour": 17,
        "occupancyPercent": 43
      },
      {
        "hour": 18,
        "occupancyPercent": 44
      },
      {
        "hour": 19,
        "occupancyPercent": 43
      },
      {
        "hour": 20,
        "occupancyPercent": 36
      },
      {
        "hour": 21,
        "occupancyPercent": 24
      },
      {
        "hour": 22,
        "occupancyPercent": 0
      },
      {
        "hour": 23,
        "occupancyPercent": 0
      }
    ],
    "Mo": [
      {
        "hour": 6,
        "occupancyPercent": 0
      },
      {
        "hour": 7,
        "occupancyPercent": 0
      },
      {
        "hour": 8,
        "occupancyPercent": 1
      },
      {
        "hour": 9,
        "occupancyPercent": 1
      },
      {
        "hour": 10,
        "occupancyPercent": 5
      },
      {
        "hour": 11,
        "occupancyPercent": 13
      },
      {
        "hour": 12,
        "occupancyPercent": 17
      },
      {
        "hour": 13,
        "occupancyPercent": 18
      },
      {
        "hour": 14,
        "occupancyPercent": 18
      },
      {
        "hour": 15,
        "occupancyPercent": 25
      },
      {
        "hour": 16,
        "occupancyPercent": 36
      },
      {
        "hour": 17,
        "occupancyPercent": 48
      },
      {
        "hour": 18,
        "occupancyPercent": 51
      },
      {
        "hour": 19,
        "occupancyPercent": 46
      },
      {
        "hour": 20,
        "occupancyPercent": 31
      },
      {
        "hour": 21,
        "occupancyPercent": 15
      },
      {
        "hour": 22,
        "occupancyPercent": 0
      },
      {
        "hour": 23,
        "occupancyPercent": 0
      }
    ],
    "Tu": [
      {
        "hour": 6,
        "occupancyPercent": 0
      },
      {
        "hour": 7,
        "occupancyPercent": 0
      },
      {
        "hour": 8,
        "occupancyPercent": 1
      },
      {
        "hour": 9,
        "occupancyPercent": 1
      },
      {
        "hour": 10,
        "occupancyPercent": 5
      },
      {
        "hour": 11,
        "occupancyPercent": 13
      },
      {
        "hour": 12,
        "occupancyPercent": 15
      },
      {
        "hour": 13,
        "occupancyPercent": 5
      },
      {
        "hour": 14,
        "occupancyPercent": 1
      },
      {
        "hour": 15,
        "occupancyPercent": 1
      },
      {
        "hour": 16,
        "occupancyPercent": 18
      },
      {
        "hour": 17,
        "occupancyPercent": 48
      },
      {
        "hour": 18,
        "occupancyPercent": 72
      },
      {
        "hour": 19,
        "occupancyPercent": 67
      },
      {
        "hour": 20,
        "occupancyPercent": 39
      },
      {
        "hour": 21,
        "occupancyPercent": 12
      },
      {
        "hour": 22,
        "occupancyPercent": 0
      },
      {
        "hour": 23,
        "occupancyPercent": 0
      }
    ],
    "We": [
      {
        "hour": 6,
        "occupancyPercent": 0
      },
      {
        "hour": 7,
        "occupancyPercent": 0
      },
      {
        "hour": 8,
        "occupancyPercent": 1
      },
      {
        "hour": 9,
        "occupancyPercent": 1
      },
      {
        "hour": 10,
        "occupancyPercent": 1
      },
      {
        "hour": 11,
        "occupancyPercent": 5
      },
      {
        "hour": 12,
        "occupancyPercent": 8
      },
      {
        "hour": 13,
        "occupancyPercent": 12
      },
      {
        "hour": 14,
        "occupancyPercent": 13
      },
      {
        "hour": 15,
        "occupancyPercent": 18
      },
      {
        "hour": 16,
        "occupancyPercent": 34
      },
      {
        "hour": 17,
        "occupancyPercent": 62
      },
      {
        "hour": 18,
        "occupancyPercent": 68
      },
      {
        "hour": 19,
        "occupancyPercent": 39
      },
      {
        "hour": 20,
        "occupancyPercent": 13
      },
      {
        "hour": 21,
        "occupancyPercent": 3
      },
      {
        "hour": 22,
        "occupancyPercent": 0
      },
      {
        "hour": 23,
        "occupancyPercent": 0
      }
    ],
    "Th": [
      {
        "hour": 6,
        "occupancyPercent": 0
      },
      {
        "hour": 7,
        "occupancyPercent": 0
      },
      {
        "hour": 8,
        "occupancyPercent": 1
      },
      {
        "hour": 9,
        "occupancyPercent": 3
      },
      {
        "hour": 10,
        "occupancyPercent": 10
      },
      {
        "hour": 11,
        "occupancyPercent": 13
      },
      {
        "hour": 12,
        "occupancyPercent": 13
      },
      {
        "hour": 13,
        "occupancyPercent": 10
      },
      {
        "hour": 14,
        "occupancyPercent": 6
      },
      {
        "hour": 15,
        "occupancyPercent": 8
      },
      {
        "hour": 16,
        "occupancyPercent": 18
      },
      {
        "hour": 17,
        "occupancyPercent": 36
      },
      {
        "hour": 18,
        "occupancyPercent": 46
      },
      {
        "hour": 19,
        "occupancyPercent": 44
      },
      {
        "hour": 20,
        "occupancyPercent": 31
      },
      {
        "hour": 21,
        "occupancyPercent": 15
      },
      {
        "hour": 22,
        "occupancyPercent": 3
      },
      {
        "hour": 23,
        "occupancyPercent": 0
      }
    ],
    "Fr": [
      {
        "hour": 6,
        "occupancyPercent": 0
      },
      {
        "hour": 7,
        "occupancyPercent": 0
      },
      {
        "hour": 8,
        "occupancyPercent": 0
      },
      {
        "hour": 9,
        "occupancyPercent": 1
      },
      {
        "hour": 10,
        "occupancyPercent": 5
      },
      {
        "hour": 11,
        "occupancyPercent": 10
      },
      {
        "hour": 12,
        "occupancyPercent": 12
      },
      {
        "hour": 13,
        "occupancyPercent": 13
      },
      {
        "hour": 14,
        "occupancyPercent": 13
      },
      {
        "hour": 15,
        "occupancyPercent": 18
      },
      {
        "hour": 16,
        "occupancyPercent": 39
      },
      {
        "hour": 17,
        "occupancyPercent": 77
      },
      {
        "hour": 18,
        "occupancyPercent": 100
      },
      {
        "hour": 19,
        "occupancyPercent": 82
      },
      {
        "hour": 20,
        "occupancyPercent": 44
      },
      {
        "hour": 21,
        "occupancyPercent": 20
      },
      {
        "hour": 22,
        "occupancyPercent": 13
      },
      {
        "hour": 23,
        "occupancyPercent": 10
      }
    ],
    "Sa": [
      {
        "hour": 6,
        "occupancyPercent": 0
      },
      {
        "hour": 7,
        "occupancyPercent": 0
      },
      {
        "hour": 8,
        "occupancyPercent": 0
      },
      {
        "hour": 9,
        "occupancyPercent": 1
      },
      {
        "hour": 10,
        "occupancyPercent": 6
      },
      {
        "hour": 11,
        "occupancyPercent": 17
      },
      {
        "hour": 12,
        "occupancyPercent": 27
      },
      {
        "hour": 13,
        "occupancyPercent": 32
      },
      {
        "hour": 14,
        "occupancyPercent": 32
      },
      {
        "hour": 15,
        "occupancyPercent": 34
      },
      {
        "hour": 16,
        "occupancyPercent": 44
      },
      {
        "hour": 17,
        "occupancyPercent": 62
      },
      {
        "hour": 18,
        "occupancyPercent": 74
      },
      {
        "hour": 19,
        "occupancyPercent": 77
      },
      {
        "hour": 20,
        "occupancyPercent": 65
      },
      {
        "hour": 21,
        "occupancyPercent": 46
      },
      {
        "hour": 22,
        "occupancyPercent": 25
      },
      {
        "hour": 23,
        "occupancyPercent": 8
      }
    ]
  },
  "openingHours": [
    {
      "day": "Tuesday,",
      "hours": "8AM to 10PM"
    },
    {
      "day": "Wednesday,",
      "hours": "8AM to 10PM"
    },
    {
      "day": "Thursday,",
      "hours": "8AM to 11PM"
    },
    {
      "day": "Friday,",
      "hours": "9AM to 12AM"
    },
    {
      "day": "Saturday,",
      "hours": "9AM to 12AM"
    },
    {
      "day": "Sunday,",
      "hours": "8AM to 10PM"
    },
    {
      "day": "Monday,",
      "hours": "8AM to 10PM"
    }
  ],
  "additionalInfo": {
    "Service options": [
      {
        "Delivery": true
      },
      {
        "Takeaway": true
      },
      {
        "Dine-in": true
      }
    ],
    "Accessibility": [
      {
        "Wheelchair-accessible car park": true
      }
    ],
    "Dining options": [
      {
        "Dinner": true
      }
    ],
    "Amenities": [
      {
        "Good for kids": true
      }
    ],
    "Atmosphere": [
      {
        "Casual": true
      }
    ],
    "Planning": [
      {
        "Accepts reservations": true
      }
    ]
  },
  "reviewsCount": 37,
  "reviewsDistribution": {
    "oneStar": 10,
    "twoStar": 4,
    "threeStar": 1,
    "fourStar": 3,
    "fiveStar": 19
  },
  "reviews": [],
  "orderBy": [
    {
      "name": "nwskebabandpizza.com.au",
      "url": "https://nwskebabandpizza.com.au/order-now#pizza"
    }
  ]
}