{
  "title": "Domino's Pizza Port Melbourne",
  "subTitle": null,
  "price": "$",
  "menu": null,
  "categoryName": "Fast food restaurant",
  "address": "253 Bay St, Port Melbourne VIC 3207, Australia",
  "locatedIn": null,
  "neighborhood": "253 Bay St",
  "street": "253 Bay St",
  "city": "Port Melbourne",
  "postalCode": "3207",
  "state": "Victoria",
  "countryCode": "AU",
  "plusCode": "5W6V+W3 Port Melbourne, Victoria, Australia",
  "website": "https://www.dominos.com.au/store/vic-port-melbourne-98558?utm_source=google&utm_medium=places-organic",
  "phone": "+61 3 8342 9820      phones7",
  "temporarilyClosed": false,
  "location": {
    "lat": -37.837731,
    "lng": 144.942739
  },
  "permanentlyClosed": false,
  "totalScore": 3.9,
  "isAdvertisement": false,
  "rank": 10,
  "placeId": "ChIJZ5TIb-xn1moRF9fZuJfKjyc",
  "categories": [
    "Pizza restaurant",
    "Dessert restaurant",
    "Family restaurant",
    "Lunch restaurant",
    "Meal delivery",
    "Takeout restaurant",
    "Pizza delivery",
    "Fast food restaurant",
    "Pizza takeaway",
    "Restaurant"
  ],
  "cid": "2850719842138969879",
  "url": "https://www.google.com/maps/place/Domino's+Pizza+Port+Melbourne/@-37.837731,144.942739,17z/data=!3m1!4b1!4m5!3m4!1s0x6ad667ec6fc89467:0x278fca97b8d9d717!8m2!3d-37.837731!4d144.942739?hl=en",
  "searchPageUrl": "https://www.google.com/maps/search/pizza/@-37.8413092,144.9342907,15z?hl=en",
  "searchString": "pizza",
  "scrapedAt": "2022-08-01T17:07:43.404Z",
  "popularTimesLiveText": null,
  "popularTimesLivePercent": null,
  "popularTimesHistogram": {
    "Su": [
      {
        "hour": 6,
        "occupancyPercent": 0
      },
      {
        "hour": 7,
        "occupancyPercent": 0
      },
      {
        "hour": 8,
        "occupancyPercent": 0
      },
      {
        "hour": 9,
        "occupancyPercent": 0
      },
      {
        "hour": 10,
        "occupancyPercent": 0
      },
      {
        "hour": 11,
        "occupancyPercent": 4
      },
      {
        "hour": 12,
        "occupancyPercent": 17
      },
      {
        "hour": 13,
        "occupancyPercent": 30
      },
      {
        "hour": 14,
        "occupancyPercent": 31
      },
      {
        "hour": 15,
        "occupancyPercent": 23
      },
      {
        "hour": 16,
        "occupancyPercent": 21
      },
      {
        "hour": 17,
        "occupancyPercent": 32
      },
      {
        "hour": 18,
        "occupancyPercent": 48
      },
      {
        "hour": 19,
        "occupancyPercent": 60
      },
      {
        "hour": 20,
        "occupancyPercent": 58
      },
      {
        "hour": 21,
        "occupancyPercent": 43
      },
      {
        "hour": 22,
        "occupancyPercent": 25
      },
      {
        "hour": 23,
        "occupancyPercent": 0
      }
    ],
    "Mo": [
      {
        "hour": 6,
        "occupancyPercent": 0
      },
      {
        "hour": 7,
        "occupancyPercent": 0
      },
      {
        "hour": 8,
        "occupancyPercent": 0
      },
      {
        "hour": 9,
        "occupancyPercent": 0
      },
      {
        "hour": 10,
        "occupancyPercent": 0
      },
      {
        "hour": 11,
        "occupancyPercent": 25
      },
      {
        "hour": 12,
        "occupancyPercent": 58
      },
      {
        "hour": 13,
        "occupancyPercent": 50
      },
      {
        "hour": 14,
        "occupancyPercent": 33
      },
      {
        "hour": 15,
        "occupancyPercent": 33
      },
      {
        "hour": 16,
        "occupancyPercent": 35
      },
      {
        "hour": 17,
        "occupancyPercent": 34
      },
      {
        "hour": 18,
        "occupancyPercent": 32
      },
      {
        "hour": 19,
        "occupancyPercent": 28
      },
      {
        "hour": 20,
        "occupancyPercent": 22
      },
      {
        "hour": 21,
        "occupancyPercent": 16
      },
      {
        "hour": 22,
        "occupancyPercent": 11
      },
      {
        "hour": 23,
        "occupancyPercent": 0
      }
    ],
    "Tu": [
      {
        "hour": 6,
        "occupancyPercent": 0
      },
      {
        "hour": 7,
        "occupancyPercent": 0
      },
      {
        "hour": 8,
        "occupancyPercent": 0
      },
      {
        "hour": 9,
        "occupancyPercent": 0
      },
      {
        "hour": 10,
        "occupancyPercent": 0
      },
      {
        "hour": 11,
        "occupancyPercent": 19
      },
      {
        "hour": 12,
        "occupancyPercent": 82
      },
      {
        "hour": 13,
        "occupancyPercent": 100
      },
      {
        "hour": 14,
        "occupancyPercent": 43
      },
      {
        "hour": 15,
        "occupancyPercent": 24
      },
      {
        "hour": 16,
        "occupancyPercent": 37
      },
      {
        "hour": 17,
        "occupancyPercent": 53
      },
      {
        "hour": 18,
        "occupancyPercent": 56
      },
      {
        "hour": 19,
        "occupancyPercent": 44
      },
      {
        "hour": 20,
        "occupancyPercent": 26
      },
      {
        "hour": 21,
        "occupancyPercent": 10
      },
      {
        "hour": 22,
        "occupancyPercent": 1
      },
      {
        "hour": 23,
        "occupancyPercent": 0
      }
    ],
    "We": [
      {
        "hour": 6,
        "occupancyPercent": 0
      },
      {
        "hour": 7,
        "occupancyPercent": 0
      },
      {
        "hour": 8,
        "occupancyPercent": 0
      },
      {
        "hour": 9,
        "occupancyPercent": 0
      },
      {
        "hour": 10,
        "occupancyPercent": 0
      },
      {
        "hour": 11,
        "occupancyPercent": 9
      },
      {
        "hour": 12,
        "occupancyPercent": 47
      },
      {
        "hour": 13,
        "occupancyPercent": 85
      },
      {
        "hour": 14,
        "occupancyPercent": 44
      },
      {
        "hour": 15,
        "occupancyPercent": 22
      },
      {
        "hour": 16,
        "occupancyPercent": 31
      },
      {
        "hour": 17,
        "occupancyPercent": 48
      },
      {
        "hour": 18,
        "occupancyPercent": 66
      },
      {
        "hour": 19,
        "occupancyPercent": 75
      },
      {
        "hour": 20,
        "occupancyPercent": 72
      },
      {
        "hour": 21,
        "occupancyPercent": 58
      },
      {
        "hour": 22,
        "occupancyPercent": 38
      },
      {
        "hour": 23,
        "occupancyPercent": 0
      }
    ],
    "Th": [
      {
        "hour": 6,
        "occupancyPercent": 0
      },
      {
        "hour": 7,
        "occupancyPercent": 0
      },
      {
        "hour": 8,
        "occupancyPercent": 0
      },
      {
        "hour": 9,
        "occupancyPercent": 0
      },
      {
        "hour": 10,
        "occupancyPercent": 0
      },
      {
        "hour": 11,
        "occupancyPercent": 22
      },
      {
        "hour": 12,
        "occupancyPercent": 67
      },
      {
        "hour": 13,
        "occupancyPercent": 93
      },
      {
        "hour": 14,
        "occupancyPercent": 64
      },
      {
        "hour": 15,
        "occupancyPercent": 31
      },
      {
        "hour": 16,
        "occupancyPercent": 30
      },
      {
        "hour": 17,
        "occupancyPercent": 40
      },
      {
        "hour": 18,
        "occupancyPercent": 47
      },
      {
        "hour": 19,
        "occupancyPercent": 45
      },
      {
        "hour": 20,
        "occupancyPercent": 35
      },
      {
        "hour": 21,
        "occupancyPercent": 22
      },
      {
        "hour": 22,
        "occupancyPercent": 10
      },
      {
        "hour": 23,
        "occupancyPercent": 0
      }
    ],
    "Fr": [
      {
        "hour": 6,
        "occupancyPercent": 0
      },
      {
        "hour": 7,
        "occupancyPercent": 0
      },
      {
        "hour": 8,
        "occupancyPercent": 0
      },
      {
        "hour": 9,
        "occupancyPercent": 0
      },
      {
        "hour": 10,
        "occupancyPercent": 0
      },
      {
        "hour": 11,
        "occupancyPercent": 29
      },
      {
        "hour": 12,
        "occupancyPercent": 66
      },
      {
        "hour": 13,
        "occupancyPercent": 56
      },
      {
        "hour": 14,
        "occupancyPercent": 31
      },
      {
        "hour": 15,
        "occupancyPercent": 34
      },
      {
        "hour": 16,
        "occupancyPercent": 54
      },
      {
        "hour": 17,
        "occupancyPercent": 74
      },
      {
        "hour": 18,
        "occupancyPercent": 89
      },
      {
        "hour": 19,
        "occupancyPercent": 91
      },
      {
        "hour": 20,
        "occupancyPercent": 82
      },
      {
        "hour": 21,
        "occupancyPercent": 66
      },
      {
        "hour": 22,
        "occupancyPercent": 48
      },
      {
        "hour": 23,
        "occupancyPercent": 34
      }
    ],
    "Sa": [
      {
        "hour": 6,
        "occupancyPercent": 0
      },
      {
        "hour": 7,
        "occupancyPercent": 0
      },
      {
        "hour": 8,
        "occupancyPercent": 0
      },
      {
        "hour": 9,
        "occupancyPercent": 0
      },
      {
        "hour": 10,
        "occupancyPercent": 0
      },
      {
        "hour": 11,
        "occupancyPercent": 26
      },
      {
        "hour": 12,
        "occupancyPercent": 31
      },
      {
        "hour": 13,
        "occupancyPercent": 35
      },
      {
        "hour": 14,
        "occupancyPercent": 35
      },
      {
        "hour": 15,
        "occupancyPercent": 32
      },
      {
        "hour": 16,
        "occupancyPercent": 32
      },
      {
        "hour": 17,
        "occupancyPercent": 59
      },
      {
        "hour": 18,
        "occupancyPercent": 95
      },
      {
        "hour": 19,
        "occupancyPercent": 69
      },
      {
        "hour": 20,
        "occupancyPercent": 41
      },
      {
        "hour": 21,
        "occupancyPercent": 39
      },
      {
        "hour": 22,
        "occupancyPercent": 36
      },
      {
        "hour": 23,
        "occupancyPercent": 28
      }
    ]
  },
  "openingHours": [
    {
      "day": "Tuesday,",
      "hours": "11AM to 11PM"
    },
    {
      "day": "Wednesday,",
      "hours": "11AM to 11PM"
    },
    {
      "day": "Thursday,",
      "hours": "11AM to 11PM"
    },
    {
      "day": "Friday,",
      "hours": "11AM to 12AM"
    },
    {
      "day": "Saturday,",
      "hours": "11AM to 12AM"
    },
    {
      "day": "Sunday,",
      "hours": "11AM to 11PM"
    },
    {
      "day": "Monday,",
      "hours": "11AM to 11PM"
    }
  ],
  "additionalInfo": {
    "Service options": [
      {
        "Kerbside pickup": true
      },
      {
        "No-contact delivery": true
      },
      {
        "Delivery": true
      },
      {
        "Takeaway": true
      },
      {
        "Dine-in": true
      }
    ],
    "Accessibility": [
      {
        "Wheelchair-accessible entrance": true
      },
      {
        "Wheelchair-accessible seating": false
      }
    ],
    "Offerings": [
      {
        "Late-night food": true
      },
      {
        "Vegetarian options": true
      }
    ],
    "Dining options": [
      {
        "Lunch": true
      },
      {
        "Dinner": true
      },
      {
        "Catering": true
      },
      {
        "Dessert": true
      }
    ],
    "Amenities": [
      {
        "Good for kids": true
      }
    ],
    "Atmosphere": [
      {
        "Casual": true
      }
    ],
    "Crowd": [
      {
        "Family friendly": true
      },
      {
        "Groups": true
      },
      {
        "LGBTQ+ friendly": true
      },
      {
        "Transgender safe space": true
      }
    ],
    "Payments": [
      {
        "Debit cards": true
      },
      {
        "NFC mobile payments": true
      }
    ]
  },
  "reviewsCount": 289,
  "reviewsDistribution": {
    "oneStar": 41,
    "twoStar": 13,
    "threeStar": 20,
    "fourStar": 76,
    "fiveStar": 139
  },
  "reviews": [],
  "orderBy": []
}