{
  "title": "Totino's Pizza",
  "subTitle": null,
  "price": null,
  "menu": null,
  "categoryName": "Pizza restaurant",
  "address": "431 Highbury Rd, Burwood East VIC 3151, Australia",
  "locatedIn": null,
  "neighborhood": "431 Highbury Rd",
  "street": "431 Highbury Rd",
  "city": "Burwood East",
  "postalCode": "3151",
  "state": "Victoria",
  "countryCode": "AU",
  "plusCode": "44VJ+3P Burwood East, Victoria, Australia",
  "website": null,
  "phone": "+61 3 9887 9566",
  "temporarilyClosed": false,
  "location": {
    "lat": -37.8572887,
    "lng": 145.1318288
  },
  "permanentlyClosed": true,
  "totalScore": null,
  "isAdvertisement": false,
  "rank": 17,
  "placeId": "ChIJm2UK2XtA1moR-qx6lsiwHlg",
  "categories": [
    "Pizza restaurant"
  ],
  "cid": "6349706900203547898",
  "url": "https://www.google.com/maps/place/Totino's+Pizza/@-37.8572887,145.1318288,17z/data=!3m1!4b1!4m5!3m4!1s0x6ad6407bd90a659b:0x581eb0c8967aacfa!8m2!3d-37.8574253!4d145.1317975?hl=en",
  "searchPageUrl": "https://www.google.com/maps/search/62+pizza/@-37.8140053,145.1785107,15z?hl=en",
  "searchString": "62 pizza",
  "scrapedAt": "2022-08-04T21:00:05.234Z",
  "additionalInfo": {
    "Service options": [
      {
        "Dine-in": true
      }
    ],
    "Dining options": [
      {
        "Lunch": true
      },
      {
        "Dinner": true
      }
    ],
    "Atmosphere": [
      {
        "Casual": true
      }
    ]
  },
  "reviewsCount": 0,
  "reviewsDistribution": {
    "oneStar": 0,
    "twoStar": 0,
    "threeStar": 0,
    "fourStar": 0,
    "fiveStar": 0
  },
  "reviews": [],
  "orderBy": []
}