{
  "title": "samuels italian pizza",
  "subTitle": null,
  "price": null,
  "menu": null,
  "categoryName": "Italian restaurant",
  "address": "Ringwood VIC 3134, Australia",
  "locatedIn": null,
  "neighborhood": null,
  "street": null,
  "city": "Ringwood",
  "postalCode": "3134",
  "state": "Victoria",
  "countryCode": "AU",
  "plusCode": "56MR+C8 Ringwood, Victoria, Australia",
  "website": null,
  "phone": null,
  "temporarilyClosed": false,
  "location": {
    "lat": -37.8163825,
    "lng": 145.2407767
  },
  "permanentlyClosed": false,
  "totalScore": null,
  "isAdvertisement": false,
  "rank": 15,
  "placeId": "ChIJs97pVlU71moROJFlSTFNLpQ",
  "categories": [
    "Italian restaurant"
  ],
  "cid": "10677556640622154040",
  "url": "https://www.google.com/maps/place/samuels+italian+pizza/@-37.8163825,145.2407767,17z/data=!3m1!4b1!4m5!3m4!1s0x6ad63b5556e9deb3:0x942e4d3149659138!8m2!3d-37.8164567!4d145.240754?hl=en",
  "searchPageUrl": "https://www.google.com/maps/search/pizza/@-37.8140053,145.2482878,15z?hl=en",
  "searchString": "pizza",
  "scrapedAt": "2022-08-01T17:10:36.543Z",
  "additionalInfo": {
    "Service options": [
      {
        "Takeaway": true
      },
      {
        "Dine-in": true
      }
    ],
    "Accessibility": [
      {
        "Wheelchair-accessible car park": true
      }
    ],
    "Atmosphere": [
      {
        "Casual": true
      }
    ]
  },
  "reviewsCount": 0,
  "reviewsDistribution": {
    "oneStar": 0,
    "twoStar": 0,
    "threeStar": 0,
    "fourStar": 0,
    "fiveStar": 0
  },
  "reviews": [],
  "orderBy": []
}