{
  "title": "Landing Point Woodfired Pizza Restaurant & Bar",
  "subTitle": null,
  "price": "$$",
  "menu": null,
  "categoryName": "Takeout restaurant",
  "address": "Shop2/101 Overton Rd, Williams Landing VIC 3027, Australia",
  "locatedIn": null,
  "neighborhood": "Shop2/101 Overton Rd",
  "street": "Shop2/101 Overton Rd",
  "city": "Williams Landing",
  "postalCode": "3027",
  "state": "Victoria",
  "countryCode": "AU",
  "plusCode": "4PMW+62 Williams Landing, Victoria, Australia",
  "website": "http://landingpoint.com.au/",
  "phone": "+61 3 8360 3328",
  "temporarilyClosed": false,
  "location": {
    "lat": -37.8668815,
    "lng": 144.745089
  },
  "permanentlyClosed": false,
  "totalScore": 4.6,
  "isAdvertisement": false,
  "rank": 12,
  "placeId": "ChIJNekA9oaJ1moRDl0X2WUagzo",
  "categories": [
    "Takeout restaurant"
  ],
  "cid": "4216242700885122318",
  "url": "https://www.google.com/maps/place/Landing+Point+Woodfired+Pizza+Restaurant+%26+Bar/@-37.8668815,144.745089,17z/data=!3m1!4b1!4m5!3m4!1s0x6ad68986f600e935:0x3a831a65d9175d0e!8m2!3d-37.8668815!4d144.745089?hl=en",
  "searchPageUrl": "https://www.google.com/maps/search/as+pizza/@-37.8686132,144.7598478,15z?hl=en",
  "searchString": "as pizza",
  "scrapedAt": "2022-08-01T18:21:19.556Z",
  "popularTimesLiveText": null,
  "popularTimesLivePercent": null,
  "popularTimesHistogram": {
    "Su": [
      {
        "hour": 6,
        "occupancyPercent": 0
      },
      {
        "hour": 7,
        "occupancyPercent": 0
      },
      {
        "hour": 8,
        "occupancyPercent": 0
      },
      {
        "hour": 9,
        "occupancyPercent": 1
      },
      {
        "hour": 10,
        "occupancyPercent": 11
      },
      {
        "hour": 11,
        "occupancyPercent": 35
      },
      {
        "hour": 12,
        "occupancyPercent": 59
      },
      {
        "hour": 13,
        "occupancyPercent": 61
      },
      {
        "hour": 14,
        "occupancyPercent": 44
      },
      {
        "hour": 15,
        "occupancyPercent": 35
      },
      {
        "hour": 16,
        "occupancyPercent": 46
      },
      {
        "hour": 17,
        "occupancyPercent": 66
      },
      {
        "hour": 18,
        "occupancyPercent": 77
      },
      {
        "hour": 19,
        "occupancyPercent": 69
      },
      {
        "hour": 20,
        "occupancyPercent": 48
      },
      {
        "hour": 21,
        "occupancyPercent": 26
      },
      {
        "hour": 22,
        "occupancyPercent": 0
      },
      {
        "hour": 23,
        "occupancyPercent": 0
      }
    ],
    "Mo": [
      {
        "hour": 6,
        "occupancyPercent": 0
      },
      {
        "hour": 7,
        "occupancyPercent": 0
      },
      {
        "hour": 8,
        "occupancyPercent": 0
      },
      {
        "hour": 9,
        "occupancyPercent": 14
      },
      {
        "hour": 10,
        "occupancyPercent": 21
      },
      {
        "hour": 11,
        "occupancyPercent": 28
      },
      {
        "hour": 12,
        "occupancyPercent": 34
      },
      {
        "hour": 13,
        "occupancyPercent": 36
      },
      {
        "hour": 14,
        "occupancyPercent": 36
      },
      {
        "hour": 15,
        "occupancyPercent": 36
      },
      {
        "hour": 16,
        "occupancyPercent": 39
      },
      {
        "hour": 17,
        "occupancyPercent": 48
      },
      {
        "hour": 18,
        "occupancyPercent": 57
      },
      {
        "hour": 19,
        "occupancyPercent": 55
      },
      {
        "hour": 20,
        "occupancyPercent": 40
      },
      {
        "hour": 21,
        "occupancyPercent": 21
      },
      {
        "hour": 22,
        "occupancyPercent": 0
      },
      {
        "hour": 23,
        "occupancyPercent": 0
      }
    ],
    "Tu": [
      {
        "hour": 6,
        "occupancyPercent": 0
      },
      {
        "hour": 7,
        "occupancyPercent": 0
      },
      {
        "hour": 8,
        "occupancyPercent": 0
      },
      {
        "hour": 9,
        "occupancyPercent": 14
      },
      {
        "hour": 10,
        "occupancyPercent": 36
      },
      {
        "hour": 11,
        "occupancyPercent": 62
      },
      {
        "hour": 12,
        "occupancyPercent": 78
      },
      {
        "hour": 13,
        "occupancyPercent": 70
      },
      {
        "hour": 14,
        "occupancyPercent": 47
      },
      {
        "hour": 15,
        "occupancyPercent": 30
      },
      {
        "hour": 16,
        "occupancyPercent": 34
      },
      {
        "hour": 17,
        "occupancyPercent": 54
      },
      {
        "hour": 18,
        "occupancyPercent": 71
      },
      {
        "hour": 19,
        "occupancyPercent": 68
      },
      {
        "hour": 20,
        "occupancyPercent": 47
      },
      {
        "hour": 21,
        "occupancyPercent": 24
      },
      {
        "hour": 22,
        "occupancyPercent": 0
      },
      {
        "hour": 23,
        "occupancyPercent": 0
      }
    ],
    "We": [
      {
        "hour": 6,
        "occupancyPercent": 0
      },
      {
        "hour": 7,
        "occupancyPercent": 0
      },
      {
        "hour": 8,
        "occupancyPercent": 0
      },
      {
        "hour": 9,
        "occupancyPercent": 16
      },
      {
        "hour": 10,
        "occupancyPercent": 29
      },
      {
        "hour": 11,
        "occupancyPercent": 44
      },
      {
        "hour": 12,
        "occupancyPercent": 56
      },
      {
        "hour": 13,
        "occupancyPercent": 60
      },
      {
        "hour": 14,
        "occupancyPercent": 53
      },
      {
        "hour": 15,
        "occupancyPercent": 41
      },
      {
        "hour": 16,
        "occupancyPercent": 34
      },
      {
        "hour": 17,
        "occupancyPercent": 45
      },
      {
        "hour": 18,
        "occupancyPercent": 70
      },
      {
        "hour": 19,
        "occupancyPercent": 81
      },
      {
        "hour": 20,
        "occupancyPercent": 61
      },
      {
        "hour": 21,
        "occupancyPercent": 28
      },
      {
        "hour": 22,
        "occupancyPercent": 0
      },
      {
        "hour": 23,
        "occupancyPercent": 0
      }
    ],
    "Th": [
      {
        "hour": 6,
        "occupancyPercent": 0
      },
      {
        "hour": 7,
        "occupancyPercent": 0
      },
      {
        "hour": 8,
        "occupancyPercent": 0
      },
      {
        "hour": 9,
        "occupancyPercent": 18
      },
      {
        "hour": 10,
        "occupancyPercent": 26
      },
      {
        "hour": 11,
        "occupancyPercent": 34
      },
      {
        "hour": 12,
        "occupancyPercent": 39
      },
      {
        "hour": 13,
        "occupancyPercent": 42
      },
      {
        "hour": 14,
        "occupancyPercent": 41
      },
      {
        "hour": 15,
        "occupancyPercent": 42
      },
      {
        "hour": 16,
        "occupancyPercent": 54
      },
      {
        "hour": 17,
        "occupancyPercent": 71
      },
      {
        "hour": 18,
        "occupancyPercent": 78
      },
      {
        "hour": 19,
        "occupancyPercent": 63
      },
      {
        "hour": 20,
        "occupancyPercent": 40
      },
      {
        "hour": 21,
        "occupancyPercent": 37
      },
      {
        "hour": 22,
        "occupancyPercent": 0
      },
      {
        "hour": 23,
        "occupancyPercent": 0
      }
    ],
    "Fr": [
      {
        "hour": 6,
        "occupancyPercent": 0
      },
      {
        "hour": 7,
        "occupancyPercent": 0
      },
      {
        "hour": 8,
        "occupancyPercent": 0
      },
      {
        "hour": 9,
        "occupancyPercent": 15
      },
      {
        "hour": 10,
        "occupancyPercent": 29
      },
      {
        "hour": 11,
        "occupancyPercent": 45
      },
      {
        "hour": 12,
        "occupancyPercent": 57
      },
      {
        "hour": 13,
        "occupancyPercent": 57
      },
      {
        "hour": 14,
        "occupancyPercent": 49
      },
      {
        "hour": 15,
        "occupancyPercent": 40
      },
      {
        "hour": 16,
        "occupancyPercent": 44
      },
      {
        "hour": 17,
        "occupancyPercent": 64
      },
      {
        "hour": 18,
        "occupancyPercent": 89
      },
      {
        "hour": 19,
        "occupancyPercent": 100
      },
      {
        "hour": 20,
        "occupancyPercent": 85
      },
      {
        "hour": 21,
        "occupancyPercent": 55
      },
      {
        "hour": 22,
        "occupancyPercent": 26
      },
      {
        "hour": 23,
        "occupancyPercent": 0
      }
    ],
    "Sa": [
      {
        "hour": 6,
        "occupancyPercent": 0
      },
      {
        "hour": 7,
        "occupancyPercent": 0
      },
      {
        "hour": 8,
        "occupancyPercent": 0
      },
      {
        "hour": 9,
        "occupancyPercent": 6
      },
      {
        "hour": 10,
        "occupancyPercent": 21
      },
      {
        "hour": 11,
        "occupancyPercent": 43
      },
      {
        "hour": 12,
        "occupancyPercent": 62
      },
      {
        "hour": 13,
        "occupancyPercent": 63
      },
      {
        "hour": 14,
        "occupancyPercent": 52
      },
      {
        "hour": 15,
        "occupancyPercent": 43
      },
      {
        "hour": 16,
        "occupancyPercent": 51
      },
      {
        "hour": 17,
        "occupancyPercent": 72
      },
      {
        "hour": 18,
        "occupancyPercent": 89
      },
      {
        "hour": 19,
        "occupancyPercent": 90
      },
      {
        "hour": 20,
        "occupancyPercent": 72
      },
      {
        "hour": 21,
        "occupancyPercent": 45
      },
      {
        "hour": 22,
        "occupancyPercent": 22
      },
      {
        "hour": 23,
        "occupancyPercent": 0
      }
    ]
  },
  "openingHours": [
    {
      "day": "Tuesday,",
      "hours": "9AM to 10PM"
    },
    {
      "day": "Wednesday,",
      "hours": "9AM to 10PM"
    },
    {
      "day": "Thursday,",
      "hours": "9AM to 10PM"
    },
    {
      "day": "Friday,",
      "hours": "9AM to 11PM"
    },
    {
      "day": "Saturday,",
      "hours": "9AM to 11PM"
    },
    {
      "day": "Sunday,",
      "hours": "9AM to 10PM"
    },
    {
      "day": "Monday,",
      "hours": "9AM to 10PM"
    }
  ],
  "additionalInfo": {
    "Service options": [
      {
        "Outdoor seating": true
      },
      {
        "No-contact delivery": true
      },
      {
        "Delivery": true
      },
      {
        "Takeaway": true
      },
      {
        "Dine-in": true
      }
    ],
    "Health and safety": [
      {
        "Staff wear masks": true
      },
      {
        "Staff required to disinfect surfaces between visits": true
      }
    ],
    "Accessibility": [
      {
        "Wheelchair-accessible car park": true
      },
      {
        "Wheelchair-accessible entrance": true
      },
      {
        "Wheelchair-accessible seating": true
      },
      {
        "Wheelchair-accessible toilet": true
      }
    ],
    "Offerings": [
      {
        "Coffee": true
      },
      {
        "Kids' menu": true
      },
      {
        "Late-night food": true
      },
      {
        "Small plates": true
      }
    ],
    "Dining options": [
      {
        "Breakfast": true
      },
      {
        "Lunch": true
      },
      {
        "Dinner": true
      },
      {
        "Catering": true
      },
      {
        "Dessert": true
      },
      {
        "Seating": true
      }
    ],
    "Amenities": [
      {
        "Good for kids": true
      },
      {
        "Toilets": true
      }
    ],
    "Atmosphere": [
      {
        "Casual": true
      },
      {
        "Cosy": true
      }
    ],
    "Crowd": [
      {
        "Family friendly": true
      },
      {
        "Groups": true
      }
    ],
    "Planning": [
      {
        "Accepts reservations": true
      }
    ],
    "Payments": [
      {
        "Debit cards": true
      }
    ]
  },
  "reviewsCount": 367,
  "reviewsDistribution": {
    "oneStar": 17,
    "twoStar": 5,
    "threeStar": 9,
    "fourStar": 34,
    "fiveStar": 302
  },
  "reviews": [],
  "orderBy": [
    {
      "name": "nextorder.com.au",
      "url": "https://landing-point.nextorder.com.au/"
    },
    {
      "name": "myfoodorder.com.au",
      "url": "https://landingpointorders.myfoodorder.com.au/"
    }
  ]
}