{
  "title": "Mt Waverley Pizza and Pasta",
  "subTitle": null,
  "price": null,
  "menu": null,
  "categoryName": "Pizza restaurant",
  "address": "173 Waverley Rd, Mount Waverley VIC 3149, Australia",
  "locatedIn": null,
  "neighborhood": "173 Waverley Rd",
  "street": "173 Waverley Rd",
  "city": "Mount Waverley",
  "postalCode": "3149",
  "state": "Victoria",
  "countryCode": "AU",
  "plusCode": "4495+3V Mount Waverley, Victoria, Australia",
  "website": null,
  "phone": "+61 3 9888 1604",
  "temporarilyClosed": false,
  "location": {
    "lat": -37.8823576,
    "lng": 145.1096762
  },
  "permanentlyClosed": true,
  "totalScore": 3.8,
  "isAdvertisement": false,
  "rank": 6,
  "placeId": "ChIJf0uF3p1q1moRQeAwaLR_8JI",
  "categories": [
    "Pizza restaurant",
    "Italian restaurant",
    "Meal delivery",
    "Takeout restaurant",
    "Pizza delivery",
    "Pizza takeaway"
  ],
  "cid": "10588103136766910529",
  "url": "https://www.google.com/maps/place/Mt+Waverley+Pizza+and+Pasta/@-37.8823576,145.1096762,17z/data=!3m1!4b1!4m5!3m4!1s0x6ad66a9dde854b7f:0x92f07fb46830e041!8m2!3d-37.8823576!4d145.1096762?hl=en",
  "searchPageUrl": "https://www.google.com/maps/search/m9+pizza/@-37.8686132,145.1087335,15z?hl=en",
  "searchString": "m9 pizza",
  "scrapedAt": "2022-08-02T21:43:16.329Z",
  "openingHours": [
    {
      "day": "Wednesday,",
      "hours": "5 to 10PM"
    },
    {
      "day": "Thursday,",
      "hours": "5 to 10PM"
    },
    {
      "day": "Friday,",
      "hours": "5 to 11PM"
    },
    {
      "day": "Saturday,",
      "hours": "5 to 11PM"
    },
    {
      "day": "Sunday,",
      "hours": "5 to 10PM"
    },
    {
      "day": "Monday,",
      "hours": "Closed"
    },
    {
      "day": "Tuesday,",
      "hours": "5 to 10PM"
    }
  ],
  "additionalInfo": {
    "Service options": [
      {
        "Dine-in": true
      }
    ],
    "Offerings": [
      {
        "Late-night food": true
      }
    ],
    "Amenities": [
      {
        "Good for kids": true
      }
    ]
  },
  "reviewsCount": 10,
  "reviewsDistribution": {
    "oneStar": 3,
    "twoStar": 0,
    "threeStar": 0,
    "fourStar": 0,
    "fiveStar": 7
  },
  "reviews": [],
  "orderBy": []
}