{
  "title": "131 Pizza",
  "subTitle": null,
  "price": null,
  "menu": null,
  "categoryName": "Restaurant",
  "address": "220 Plenty Rd, Preston VIC 3072, Australia",
  "locatedIn": null,
  "neighborhood": "220 Plenty Rd",
  "street": "220 Plenty Rd",
  "city": "Preston",
  "postalCode": "3072",
  "state": "Victoria",
  "countryCode": "AU",
  "plusCode": "7234+HC Preston, Victoria, Australia",
  "website": "http://131pizzaonline.com.au/A7a4",
  "phone": null,
  "temporarilyClosed": false,
  "location": {
    "lat": -37.7461198,
    "lng": 145.0060856
  },
  "permanentlyClosed": false,
  "totalScore": 4.3,
  "isAdvertisement": false,
  "rank": 16,
  "placeId": "ChIJrXn2_MZF1moRm_e6wbDkCxI",
  "categories": [
    "Restaurant"
  ],
  "cid": "1300384365242152859",
  "url": "https://www.google.com/maps/place/131+Pizza/@-37.7461198,145.0060856,17z/data=!3m1!4b1!4m5!3m4!1s0x6ad645c6fcf679ad:0x120be4b0c1baf79b!8m2!3d-37.7461198!4d145.0060856?hl=en",
  "searchPageUrl": "https://www.google.com/maps/search/a0+pizza/@-37.7593974,145.0040678,15z?hl=en",
  "searchString": "a0 pizza",
  "scrapedAt": "2022-08-01T18:50:30.451Z",
  "openingHours": [
    {
      "day": "Tuesday,",
      "hours": "5PM to 12AM"
    },
    {
      "day": "Wednesday,",
      "hours": "5PM to 12AM"
    },
    {
      "day": "Thursday,",
      "hours": "5PM to 12AM"
    },
    {
      "day": "Friday,",
      "hours": "5PM to 12AM"
    },
    {
      "day": "Saturday,",
      "hours": "5PM to 12AM"
    },
    {
      "day": "Sunday,",
      "hours": "5PM to 12AM"
    },
    {
      "day": "Monday,",
      "hours": "5PM to 12AM"
    }
  ],
  "additionalInfo": {
    "Service options": [
      {
        "Delivery": true
      },
      {
        "Takeaway": true
      },
      {
        "Dine-in": true
      }
    ],
    "Dining options": [
      {
        "Dinner": true
      }
    ],
    "Atmosphere": [
      {
        "Casual": true
      }
    ],
    "Planning": [
      {
        "Accepts reservations": true
      }
    ]
  },
  "reviewsCount": 4,
  "reviewsDistribution": {
    "oneStar": 0,
    "twoStar": 1,
    "threeStar": 0,
    "fourStar": 0,
    "fiveStar": 3
  },
  "reviews": [],
  "orderBy": [
    {
      "name": "foodhub.com.au",
      "url": "https://foodhub.com.au/ordernow/131%20pizza/Preston/4197080"
    },
    {
      "name": "doordash.com",
      "url": "https://www.doordash.com/en-AU/store/131-pizza-preston-2144689/?utm_campaign=gpa"
    }
  ]
}