{
  "title": "Pane e Pizzico",
  "subTitle": null,
  "price": "$$",
  "menu": null,
  "categoryName": "Bakery",
  "address": "7/1142 Mt Alexander Rd, Essendon VIC 3084, Australia",
  "locatedIn": "Punthill Apartment Hotels | Essendon",
  "neighborhood": "7/1142 Mt Alexander Rd",
  "street": "7/1142 Mt Alexander Rd",
  "city": "Essendon",
  "postalCode": "3084",
  "state": "Victoria",
  "countryCode": "AU",
  "plusCode": "7W46+88 Essendon, Victoria, Australia",
  "website": "https://m.facebook.com/PanePizzico/",
  "phone": "+61 3 9379 9009",
  "temporarilyClosed": false,
  "location": {
    "lat": -37.7441942,
    "lng": 144.9108579
  },
  "permanentlyClosed": false,
  "totalScore": 4.5,
  "isAdvertisement": false,
  "rank": 14,
  "placeId": "ChIJDROP7ntc1moRKlihsRfeWos",
  "categories": [
    "Bakery"
  ],
  "cid": "10041582512521697322",
  "url": "https://www.google.com/maps/place/Pane+e+Pizzico/@-37.7441942,144.9108579,17z/data=!3m1!4b1!4m5!3m4!1s0x6ad65c7bee8f130d:0x8b5ade17b1a1582a!8m2!3d-37.7441942!4d144.9108579?hl=en",
  "searchPageUrl": "https://www.google.com/maps/search/e+pizza/@-37.7320935,144.8994021,15z?hl=en",
  "searchString": "e pizza",
  "scrapedAt": "2022-08-02T02:00:03.563Z",
  "popularTimesLiveText": "Now: Usually not too busy",
  "popularTimesLivePercent": null,
  "popularTimesHistogram": {
    "Su": [
      {
        "hour": 6,
        "occupancyPercent": 0
      },
      {
        "hour": 7,
        "occupancyPercent": 3
      },
      {
        "hour": 8,
        "occupancyPercent": 22
      },
      {
        "hour": 9,
        "occupancyPercent": 65
      },
      {
        "hour": 10,
        "occupancyPercent": 100
      },
      {
        "hour": 11,
        "occupancyPercent": 98
      },
      {
        "hour": 12,
        "occupancyPercent": 79
      },
      {
        "hour": 13,
        "occupancyPercent": 58
      },
      {
        "hour": 14,
        "occupancyPercent": 33
      },
      {
        "hour": 15,
        "occupancyPercent": 0
      },
      {
        "hour": 16,
        "occupancyPercent": 0
      },
      {
        "hour": 17,
        "occupancyPercent": 0
      },
      {
        "hour": 18,
        "occupancyPercent": 0
      },
      {
        "hour": 19,
        "occupancyPercent": 0
      },
      {
        "hour": 20,
        "occupancyPercent": 0
      },
      {
        "hour": 21,
        "occupancyPercent": 0
      },
      {
        "hour": 22,
        "occupancyPercent": 0
      },
      {
        "hour": 23,
        "occupancyPercent": 0
      }
    ],
    "Mo": [
      {
        "hour": 6,
        "occupancyPercent": 0
      },
      {
        "hour": 7,
        "occupancyPercent": 20
      },
      {
        "hour": 8,
        "occupancyPercent": 39
      },
      {
        "hour": 9,
        "occupancyPercent": 39
      },
      {
        "hour": 10,
        "occupancyPercent": 47
      },
      {
        "hour": 11,
        "occupancyPercent": 58
      },
      {
        "hour": 12,
        "occupancyPercent": 53
      },
      {
        "hour": 13,
        "occupancyPercent": 39
      },
      {
        "hour": 14,
        "occupancyPercent": 28
      },
      {
        "hour": 15,
        "occupancyPercent": 22
      },
      {
        "hour": 16,
        "occupancyPercent": 14
      },
      {
        "hour": 17,
        "occupancyPercent": 0
      },
      {
        "hour": 18,
        "occupancyPercent": 0
      },
      {
        "hour": 19,
        "occupancyPercent": 0
      },
      {
        "hour": 20,
        "occupancyPercent": 0
      },
      {
        "hour": 21,
        "occupancyPercent": 0
      },
      {
        "hour": 22,
        "occupancyPercent": 0
      },
      {
        "hour": 23,
        "occupancyPercent": 0
      }
    ],
    "Tu": [
      {
        "hour": 6,
        "occupancyPercent": 0
      },
      {
        "hour": 7,
        "occupancyPercent": 33
      },
      {
        "hour": 8,
        "occupancyPercent": 61
      },
      {
        "hour": 9,
        "occupancyPercent": 69
      },
      {
        "hour": 10,
        "occupancyPercent": 53
      },
      {
        "hour": 11,
        "occupancyPercent": 39
      },
      {
        "hour": 12,
        "occupancyPercent": 38
      },
      {
        "hour": 13,
        "occupancyPercent": 38
      },
      {
        "hour": 14,
        "occupancyPercent": 34
      },
      {
        "hour": 15,
        "occupancyPercent": 26
      },
      {
        "hour": 16,
        "occupancyPercent": 19
      },
      {
        "hour": 17,
        "occupancyPercent": 0
      },
      {
        "hour": 18,
        "occupancyPercent": 0
      },
      {
        "hour": 19,
        "occupancyPercent": 0
      },
      {
        "hour": 20,
        "occupancyPercent": 0
      },
      {
        "hour": 21,
        "occupancyPercent": 0
      },
      {
        "hour": 22,
        "occupancyPercent": 0
      },
      {
        "hour": 23,
        "occupancyPercent": 0
      }
    ],
    "We": [
      {
        "hour": 6,
        "occupancyPercent": 0
      },
      {
        "hour": 7,
        "occupancyPercent": 36
      },
      {
        "hour": 8,
        "occupancyPercent": 53
      },
      {
        "hour": 9,
        "occupancyPercent": 60
      },
      {
        "hour": 10,
        "occupancyPercent": 61
      },
      {
        "hour": 11,
        "occupancyPercent": 44
      },
      {
        "hour": 12,
        "occupancyPercent": 39
      },
      {
        "hour": 13,
        "occupancyPercent": 41
      },
      {
        "hour": 14,
        "occupancyPercent": 36
      },
      {
        "hour": 15,
        "occupancyPercent": 23
      },
      {
        "hour": 16,
        "occupancyPercent": 11
      },
      {
        "hour": 17,
        "occupancyPercent": 0
      },
      {
        "hour": 18,
        "occupancyPercent": 0
      },
      {
        "hour": 19,
        "occupancyPercent": 0
      },
      {
        "hour": 20,
        "occupancyPercent": 0
      },
      {
        "hour": 21,
        "occupancyPercent": 0
      },
      {
        "hour": 22,
        "occupancyPercent": 0
      },
      {
        "hour": 23,
        "occupancyPercent": 0
      }
    ],
    "Th": [
      {
        "hour": 6,
        "occupancyPercent": 0
      },
      {
        "hour": 7,
        "occupancyPercent": 28
      },
      {
        "hour": 8,
        "occupancyPercent": 69
      },
      {
        "hour": 9,
        "occupancyPercent": 74
      },
      {
        "hour": 10,
        "occupancyPercent": 49
      },
      {
        "hour": 11,
        "occupancyPercent": 39
      },
      {
        "hour": 12,
        "occupancyPercent": 39
      },
      {
        "hour": 13,
        "occupancyPercent": 34
      },
      {
        "hour": 14,
        "occupancyPercent": 25
      },
      {
        "hour": 15,
        "occupancyPercent": 14
      },
      {
        "hour": 16,
        "occupancyPercent": 6
      },
      {
        "hour": 17,
        "occupancyPercent": 0
      },
      {
        "hour": 18,
        "occupancyPercent": 0
      },
      {
        "hour": 19,
        "occupancyPercent": 0
      },
      {
        "hour": 20,
        "occupancyPercent": 0
      },
      {
        "hour": 21,
        "occupancyPercent": 0
      },
      {
        "hour": 22,
        "occupancyPercent": 0
      },
      {
        "hour": 23,
        "occupancyPercent": 0
      }
    ],
    "Fr": [
      {
        "hour": 6,
        "occupancyPercent": 0
      },
      {
        "hour": 7,
        "occupancyPercent": 38
      },
      {
        "hour": 8,
        "occupancyPercent": 61
      },
      {
        "hour": 9,
        "occupancyPercent": 60
      },
      {
        "hour": 10,
        "occupancyPercent": 65
      },
      {
        "hour": 11,
        "occupancyPercent": 65
      },
      {
        "hour": 12,
        "occupancyPercent": 49
      },
      {
        "hour": 13,
        "occupancyPercent": 41
      },
      {
        "hour": 14,
        "occupancyPercent": 36
      },
      {
        "hour": 15,
        "occupancyPercent": 23
      },
      {
        "hour": 16,
        "occupancyPercent": 9
      },
      {
        "hour": 17,
        "occupancyPercent": 0
      },
      {
        "hour": 18,
        "occupancyPercent": 0
      },
      {
        "hour": 19,
        "occupancyPercent": 0
      },
      {
        "hour": 20,
        "occupancyPercent": 0
      },
      {
        "hour": 21,
        "occupancyPercent": 0
      },
      {
        "hour": 22,
        "occupancyPercent": 0
      },
      {
        "hour": 23,
        "occupancyPercent": 0
      }
    ],
    "Sa": [
      {
        "hour": 6,
        "occupancyPercent": 0
      },
      {
        "hour": 7,
        "occupancyPercent": 17
      },
      {
        "hour": 8,
        "occupancyPercent": 58
      },
      {
        "hour": 9,
        "occupancyPercent": 82
      },
      {
        "hour": 10,
        "occupancyPercent": 66
      },
      {
        "hour": 11,
        "occupancyPercent": 58
      },
      {
        "hour": 12,
        "occupancyPercent": 60
      },
      {
        "hour": 13,
        "occupancyPercent": 55
      },
      {
        "hour": 14,
        "occupancyPercent": 41
      },
      {
        "hour": 15,
        "occupancyPercent": 0
      },
      {
        "hour": 16,
        "occupancyPercent": 0
      },
      {
        "hour": 17,
        "occupancyPercent": 0
      },
      {
        "hour": 18,
        "occupancyPercent": 0
      },
      {
        "hour": 19,
        "occupancyPercent": 0
      },
      {
        "hour": 20,
        "occupancyPercent": 0
      },
      {
        "hour": 21,
        "occupancyPercent": 0
      },
      {
        "hour": 22,
        "occupancyPercent": 0
      },
      {
        "hour": 23,
        "occupancyPercent": 0
      }
    ]
  },
  "openingHours": [
    {
      "day": "Tuesday,",
      "hours": "7AM to 5PM"
    },
    {
      "day": "Wednesday,",
      "hours": "7AM to 5PM"
    },
    {
      "day": "Thursday,",
      "hours": "7AM to 5PM"
    },
    {
      "day": "Friday,",
      "hours": "7AM to 5PM"
    },
    {
      "day": "Saturday,",
      "hours": "7AM to 3PM"
    },
    {
      "day": "Sunday,",
      "hours": "7AM to 3PM"
    },
    {
      "day": "Monday,",
      "hours": "7AM to 5PM"
    }
  ],
  "additionalInfo": {
    "Service options": [
      {
        "Delivery": true
      },
      {
        "In-store pick-up": true
      },
      {
        "In-store shopping": true
      },
      {
        "Takeaway": true
      },
      {
        "Dine-in": true
      }
    ],
    "Accessibility": [
      {
        "Wheelchair-accessible car park": true
      },
      {
        "Wheelchair-accessible entrance": true
      }
    ],
    "Dining options": [
      {
        "Breakfast": true
      }
    ],
    "Payments": [
      {
        "NFC mobile payments": true
      }
    ]
  },
  "reviewsCount": 129,
  "reviewsDistribution": {
    "oneStar": 7,
    "twoStar": 2,
    "threeStar": 5,
    "fourStar": 18,
    "fiveStar": 97
  },
  "reviews": [],
  "orderBy": []
}