{
  "title": "Zantes Pizza",
  "subTitle": null,
  "price": null,
  "menu": null,
  "categoryName": "Italian restaurant",
  "address": "19 Moresby Ct, Heidelberg West VIC 3081, Australia",
  "locatedIn": null,
  "neighborhood": "19 Moresby Ct",
  "street": "19 Moresby Ct",
  "city": "Heidelberg West",
  "postalCode": "3081",
  "state": "Victoria",
  "countryCode": "AU",
  "plusCode": "725R+P2 Heidelberg West, Victoria, Australia",
  "website": null,
  "phone": "+61 3 9455 2240",
  "temporarilyClosed": false,
  "location": {
    "lat": -37.7406789,
    "lng": 145.0400646
  },
  "permanentlyClosed": true,
  "totalScore": null,
  "isAdvertisement": false,
  "rank": 2,
  "placeId": "ChIJUQ3SJtJF1moRCfW8LAXdvF8",
  "categories": [
    "Pizza restaurant",
    "Meal delivery",
    "Takeout restaurant",
    "Pizza delivery",
    "Italian restaurant",
    "Pizza takeaway"
  ],
  "cid": "6898631743519913225",
  "url": "https://www.google.com/maps/place/Zantes+Pizza/@-37.7406789,145.0400646,17z/data=!3m1!4b1!4m5!3m4!1s0x6ad645d226d20d51:0x5fbcdd052cbcf509!8m2!3d-37.7406789!4d145.0400646?hl=en",
  "searchPageUrl": "https://www.google.com/maps/search/zj+pizza/@-37.7320935,145.0389564,15z?hl=en",
  "searchString": "zj pizza",
  "scrapedAt": "2022-08-04T04:16:20.916Z",
  "openingHours": [
    {
      "day": "Thursday,",
      "hours": "5 to 9:45PM"
    },
    {
      "day": "Friday,",
      "hours": "5 to 9:45PM"
    },
    {
      "day": "Saturday,",
      "hours": "5 to 9:45PM"
    },
    {
      "day": "Sunday,",
      "hours": "5 to 9:45PM"
    },
    {
      "day": "Monday,",
      "hours": "5 to 9:45PM"
    },
    {
      "day": "Tuesday,",
      "hours": "5 to 9:45PM"
    },
    {
      "day": "Wednesday,",
      "hours": "5 to 9:45PM"
    }
  ],
  "additionalInfo": {
    "Service options": [
      {
        "Dine-in": true
      }
    ],
    "Popular for": [
      {
        "Lunch": true
      }
    ],
    "Dining options": [
      {
        "Dinner": true
      }
    ],
    "Atmosphere": [
      {
        "Casual": true
      }
    ],
    "Crowd": [
      {
        "Locals": true
      }
    ]
  },
  "reviewsCount": 0,
  "reviewsDistribution": {
    "oneStar": 0,
    "twoStar": 0,
    "threeStar": 0,
    "fourStar": 0,
    "fiveStar": 0
  },
  "reviews": [],
  "orderBy": []
}