{
  "title": "Pizzacı",
  "subTitle": null,
  "price": null,
  "menu": null,
  "categoryName": "Restaurant",
  "address": "175 Tourist Drive 2, Williamstown VIC 3016, Australia",
  "locatedIn": null,
  "neighborhood": "175 Tourist Drive 2",
  "street": "175 Tourist Drive 2",
  "city": "Williamstown",
  "postalCode": "3016",
  "state": "VIC",
  "countryCode": "AU",
  "plusCode": "4WP3+RC Williamstown, Victoria, Australia",
  "website": null,
  "phone": null,
  "temporarilyClosed": false,
  "location": {
    "lat": -37.8629571,
    "lng": 144.9035966
  },
  "permanentlyClosed": false,
  "totalScore": null,
  "isAdvertisement": false,
  "rank": 3,
  "placeId": "ChIJqX6dPrxn1moRGAy50X3VCjA",
  "categories": [
    "Restaurant"
  ],
  "cid": "3461813999953841176",
  "url": "https://www.google.com/maps/place/Pizzac%C4%B1/@-37.8629571,144.9035966,17z/data=!3m1!4b1!4m5!3m4!1s0x6ad667bc3e9d7ea9:0x300ad57dd1b90c18!8m2!3d-37.8629571!4d144.9035966?hl=en",
  "searchPageUrl": "https://www.google.com/maps/search/2f+pizza/@-37.8686132,144.8994021,15z?hl=en",
  "searchString": "2f pizza",
  "scrapedAt": "2022-08-04T10:40:04.240Z",
  "additionalInfo": {
    "Service options": [
      {
        "Takeaway": true
      },
      {
        "Dine-in": true
      }
    ],
    "Atmosphere": [
      {
        "Casual": true
      }
    ],
    "Crowd": [
      {
        "Groups": true
      }
    ]
  },
  "reviewsCount": 0,
  "reviewsDistribution": {
    "oneStar": 0,
    "twoStar": 0,
    "threeStar": 0,
    "fourStar": 0,
    "fiveStar": 0
  },
  "reviews": [],
  "orderBy": []
}