{
  "title": "DoppioZero Pizzeria & Wine Bar",
  "subTitle": null,
  "price": null,
  "menu": null,
  "categoryName": "Italian restaurant",
  "address": "10 Brunt Rd, Beaconsfield VIC 3807, Australia",
  "locatedIn": null,
  "neighborhood": "10 Brunt Rd",
  "street": "10 Brunt Rd",
  "city": "Beaconsfield",
  "postalCode": "3807",
  "state": "Victoria",
  "countryCode": "AU",
  "plusCode": "W9VQ+4F Beaconsfield, Victoria, Australia",
  "website": "https://www.doppiozerobeaconsfield.com.au/",
  "phone": "+61 3 9768 9609",
  "temporarilyClosed": false,
  "location": {
    "lat": -38.0571251,
    "lng": 145.3887283
  },
  "permanentlyClosed": false,
  "totalScore": 4.2,
  "isAdvertisement": false,
  "rank": 6,
  "placeId": "ChIJ_9k26xwb1moROVGy2wrBzpI",
  "categories": [
    "Italian restaurant"
  ],
  "cid": "10578604827119604025",
  "url": "https://www.google.com/maps/place/DoppioZero+Pizzeria+%26+Wine+Bar/@-38.0571251,145.3887283,17z/data=!3m1!4b1!4m5!3m4!1s0x6ad61b1ceb36d9ff:0x92cec10adbb25139!8m2!3d-38.0571251!4d145.3887283?hl=en",
  "searchPageUrl": "https://www.google.com/maps/search/pizza/@-38.0597408,145.3878422,15z?hl=en",
  "searchString": "pizza",
  "scrapedAt": "2022-08-01T17:11:12.511Z",
  "openingHours": [
    {
      "day": "Tuesday,",
      "hours": "5 to 10PM"
    },
    {
      "day": "Wednesday,",
      "hours": "5 to 10PM"
    },
    {
      "day": "Thursday,",
      "hours": "5 to 10PM"
    },
    {
      "day": "Friday,",
      "hours": "5 to 11PM"
    },
    {
      "day": "Saturday,",
      "hours": "12 to 11PM"
    },
    {
      "day": "Sunday,",
      "hours": "12 to 10PM"
    },
    {
      "day": "Monday,",
      "hours": "5 to 10PM"
    }
  ],
  "additionalInfo": {
    "Service options": [
      {
        "Takeaway": true
      },
      {
        "Dine-in": true
      }
    ],
    "Accessibility": [
      {
        "Wheelchair-accessible car park": true
      }
    ],
    "Dining options": [
      {
        "Dinner": true
      }
    ],
    "Amenities": [
      {
        "Good for kids": true
      }
    ],
    "Atmosphere": [
      {
        "Casual": true
      }
    ],
    "Crowd": [
      {
        "Groups": true
      }
    ]
  },
  "reviewsCount": 44,
  "reviewsDistribution": {
    "oneStar": 7,
    "twoStar": 2,
    "threeStar": 1,
    "fourStar": 0,
    "fiveStar": 34
  },
  "reviews": [],
  "orderBy": []
}