{
  "title": "Network Public Bar & Pizzeria",
  "subTitle": null,
  "price": "$$",
  "menu": null,
  "categoryName": "Pizza restaurant",
  "address": "99 Spencer St, Docklands VIC 3008, Australia",
  "locatedIn": "Floor G · Southern Cross",
  "neighborhood": "99 Spencer St",
  "street": "99 Spencer St",
  "city": "Docklands",
  "postalCode": "3008",
  "state": "Victoria",
  "countryCode": "AU",
  "plusCode": "5XJ3+X5 Docklands, Victoria, Australia",
  "website": "http://networkpublicbar.com.au/",
  "phone": "+61 458 301 901",
  "temporarilyClosed": false,
  "location": {
    "lat": -37.8175473,
    "lng": 144.9529846
  },
  "permanentlyClosed": false,
  "totalScore": 4.2,
  "isAdvertisement": false,
  "rank": 7,
  "placeId": "ChIJHXo0L05d1moRn8OuhOWhKEw",
  "categories": [
    "Pizza restaurant",
    "Bar"
  ],
  "cid": "5487814153096577951",
  "url": "https://www.google.com/maps/place/Network+Public+Bar+%26+Pizzeria/@-37.8175473,144.9529846,17z/data=!3m1!4b1!4m5!3m4!1s0x6ad65d4e2f347a1d:0x4c28a1e584aec39f!8m2!3d-37.8175473!4d144.9529846?hl=en",
  "searchPageUrl": "https://www.google.com/maps/search/a+pizza/@-37.8140053,144.9342907,15z?hl=en",
  "searchString": "a pizza",
  "scrapedAt": "2022-08-01T17:13:46.927Z",
  "popularTimesLiveText": null,
  "popularTimesLivePercent": null,
  "popularTimesHistogram": {
    "Su": [
      {
        "hour": 6,
        "occupancyPercent": 0
      },
      {
        "hour": 7,
        "occupancyPercent": 0
      },
      {
        "hour": 8,
        "occupancyPercent": 0
      },
      {
        "hour": 9,
        "occupancyPercent": 0
      },
      {
        "hour": 10,
        "occupancyPercent": 3
      },
      {
        "hour": 11,
        "occupancyPercent": 9
      },
      {
        "hour": 12,
        "occupancyPercent": 18
      },
      {
        "hour": 13,
        "occupancyPercent": 28
      },
      {
        "hour": 14,
        "occupancyPercent": 34
      },
      {
        "hour": 15,
        "occupancyPercent": 33
      },
      {
        "hour": 16,
        "occupancyPercent": 29
      },
      {
        "hour": 17,
        "occupancyPercent": 33
      },
      {
        "hour": 18,
        "occupancyPercent": 40
      },
      {
        "hour": 19,
        "occupancyPercent": 34
      },
      {
        "hour": 20,
        "occupancyPercent": 17
      },
      {
        "hour": 21,
        "occupancyPercent": 0
      },
      {
        "hour": 22,
        "occupancyPercent": 0
      },
      {
        "hour": 23,
        "occupancyPercent": 0
      }
    ],
    "Mo": [
      {
        "hour": 6,
        "occupancyPercent": 0
      },
      {
        "hour": 7,
        "occupancyPercent": 0
      },
      {
        "hour": 8,
        "occupancyPercent": 0
      },
      {
        "hour": 9,
        "occupancyPercent": 0
      },
      {
        "hour": 10,
        "occupancyPercent": 0
      },
      {
        "hour": 11,
        "occupancyPercent": 3
      },
      {
        "hour": 12,
        "occupancyPercent": 9
      },
      {
        "hour": 13,
        "occupancyPercent": 13
      },
      {
        "hour": 14,
        "occupancyPercent": 11
      },
      {
        "hour": 15,
        "occupancyPercent": 10
      },
      {
        "hour": 16,
        "occupancyPercent": 16
      },
      {
        "hour": 17,
        "occupancyPercent": 24
      },
      {
        "hour": 18,
        "occupancyPercent": 24
      },
      {
        "hour": 19,
        "occupancyPercent": 16
      },
      {
        "hour": 20,
        "occupancyPercent": 7
      },
      {
        "hour": 21,
        "occupancyPercent": 0
      },
      {
        "hour": 22,
        "occupancyPercent": 0
      },
      {
        "hour": 23,
        "occupancyPercent": 0
      }
    ],
    "Tu": [
      {
        "hour": 6,
        "occupancyPercent": 0
      },
      {
        "hour": 7,
        "occupancyPercent": 0
      },
      {
        "hour": 8,
        "occupancyPercent": 0
      },
      {
        "hour": 9,
        "occupancyPercent": 0
      },
      {
        "hour": 10,
        "occupancyPercent": 0
      },
      {
        "hour": 11,
        "occupancyPercent": 4
      },
      {
        "hour": 12,
        "occupancyPercent": 11
      },
      {
        "hour": 13,
        "occupancyPercent": 15
      },
      {
        "hour": 14,
        "occupancyPercent": 11
      },
      {
        "hour": 15,
        "occupancyPercent": 13
      },
      {
        "hour": 16,
        "occupancyPercent": 24
      },
      {
        "hour": 17,
        "occupancyPercent": 35
      },
      {
        "hour": 18,
        "occupancyPercent": 35
      },
      {
        "hour": 19,
        "occupancyPercent": 24
      },
      {
        "hour": 20,
        "occupancyPercent": 11
      },
      {
        "hour": 21,
        "occupancyPercent": 0
      },
      {
        "hour": 22,
        "occupancyPercent": 0
      },
      {
        "hour": 23,
        "occupancyPercent": 0
      }
    ],
    "We": [
      {
        "hour": 6,
        "occupancyPercent": 0
      },
      {
        "hour": 7,
        "occupancyPercent": 0
      },
      {
        "hour": 8,
        "occupancyPercent": 0
      },
      {
        "hour": 9,
        "occupancyPercent": 0
      },
      {
        "hour": 10,
        "occupancyPercent": 0
      },
      {
        "hour": 11,
        "occupancyPercent": 3
      },
      {
        "hour": 12,
        "occupancyPercent": 16
      },
      {
        "hour": 13,
        "occupancyPercent": 17
      },
      {
        "hour": 14,
        "occupancyPercent": 6
      },
      {
        "hour": 15,
        "occupancyPercent": 11
      },
      {
        "hour": 16,
        "occupancyPercent": 27
      },
      {
        "hour": 17,
        "occupancyPercent": 47
      },
      {
        "hour": 18,
        "occupancyPercent": 52
      },
      {
        "hour": 19,
        "occupancyPercent": 37
      },
      {
        "hour": 20,
        "occupancyPercent": 17
      },
      {
        "hour": 21,
        "occupancyPercent": 0
      },
      {
        "hour": 22,
        "occupancyPercent": 0
      },
      {
        "hour": 23,
        "occupancyPercent": 0
      }
    ],
    "Th": [
      {
        "hour": 6,
        "occupancyPercent": 0
      },
      {
        "hour": 7,
        "occupancyPercent": 0
      },
      {
        "hour": 8,
        "occupancyPercent": 0
      },
      {
        "hour": 9,
        "occupancyPercent": 0
      },
      {
        "hour": 10,
        "occupancyPercent": 0
      },
      {
        "hour": 11,
        "occupancyPercent": 2
      },
      {
        "hour": 12,
        "occupancyPercent": 5
      },
      {
        "hour": 13,
        "occupancyPercent": 8
      },
      {
        "hour": 14,
        "occupancyPercent": 14
      },
      {
        "hour": 15,
        "occupancyPercent": 24
      },
      {
        "hour": 16,
        "occupancyPercent": 40
      },
      {
        "hour": 17,
        "occupancyPercent": 55
      },
      {
        "hour": 18,
        "occupancyPercent": 56
      },
      {
        "hour": 19,
        "occupancyPercent": 42
      },
      {
        "hour": 20,
        "occupancyPercent": 23
      },
      {
        "hour": 21,
        "occupancyPercent": 0
      },
      {
        "hour": 22,
        "occupancyPercent": 0
      },
      {
        "hour": 23,
        "occupancyPercent": 0
      }
    ],
    "Fr": [
      {
        "hour": 6,
        "occupancyPercent": 0
      },
      {
        "hour": 7,
        "occupancyPercent": 0
      },
      {
        "hour": 8,
        "occupancyPercent": 0
      },
      {
        "hour": 9,
        "occupancyPercent": 0
      },
      {
        "hour": 10,
        "occupancyPercent": 0
      },
      {
        "hour": 11,
        "occupancyPercent": 5
      },
      {
        "hour": 12,
        "occupancyPercent": 12
      },
      {
        "hour": 13,
        "occupancyPercent": 20
      },
      {
        "hour": 14,
        "occupancyPercent": 29
      },
      {
        "hour": 15,
        "occupancyPercent": 44
      },
      {
        "hour": 16,
        "occupancyPercent": 68
      },
      {
        "hour": 17,
        "occupancyPercent": 94
      },
      {
        "hour": 18,
        "occupancyPercent": 100
      },
      {
        "hour": 19,
        "occupancyPercent": 73
      },
      {
        "hour": 20,
        "occupancyPercent": 37
      },
      {
        "hour": 21,
        "occupancyPercent": 20
      },
      {
        "hour": 22,
        "occupancyPercent": 19
      },
      {
        "hour": 23,
        "occupancyPercent": 0
      }
    ],
    "Sa": [
      {
        "hour": 6,
        "occupancyPercent": 0
      },
      {
        "hour": 7,
        "occupancyPercent": 0
      },
      {
        "hour": 8,
        "occupancyPercent": 0
      },
      {
        "hour": 9,
        "occupancyPercent": 0
      },
      {
        "hour": 10,
        "occupancyPercent": 5
      },
      {
        "hour": 11,
        "occupancyPercent": 10
      },
      {
        "hour": 12,
        "occupancyPercent": 15
      },
      {
        "hour": 13,
        "occupancyPercent": 20
      },
      {
        "hour": 14,
        "occupancyPercent": 25
      },
      {
        "hour": 15,
        "occupancyPercent": 32
      },
      {
        "hour": 16,
        "occupancyPercent": 42
      },
      {
        "hour": 17,
        "occupancyPercent": 50
      },
      {
        "hour": 18,
        "occupancyPercent": 47
      },
      {
        "hour": 19,
        "occupancyPercent": 37
      },
      {
        "hour": 20,
        "occupancyPercent": 29
      },
      {
        "hour": 21,
        "occupancyPercent": 23
      },
      {
        "hour": 22,
        "occupancyPercent": 15
      },
      {
        "hour": 23,
        "occupancyPercent": 0
      }
    ]
  },
  "openingHours": [
    {
      "day": "Tuesday,",
      "hours": "11:30AM to 9PM"
    },
    {
      "day": "Wednesday,",
      "hours": "11:30AM to 9PM"
    },
    {
      "day": "Thursday,",
      "hours": "11:30AM to 9PM"
    },
    {
      "day": "Friday,",
      "hours": "11:30AM to 10:30PM"
    },
    {
      "day": "Saturday,",
      "hours": "10:30AM to 11PM"
    },
    {
      "day": "Sunday,",
      "hours": "10:30AM to 9PM"
    },
    {
      "day": "Monday,",
      "hours": "11:30AM to 9PM"
    }
  ],
  "additionalInfo": {
    "Service options": [
      {
        "Delivery": true
      },
      {
        "Takeaway": true
      },
      {
        "Dine-in": true
      }
    ],
    "Accessibility": [
      {
        "Wheelchair-accessible entrance": true
      },
      {
        "Wheelchair-accessible seating": true
      },
      {
        "Wheelchair-accessible toilet": true
      }
    ],
    "Offerings": [
      {
        "Coffee": true
      },
      {
        "Small plates": true
      }
    ],
    "Dining options": [
      {
        "Lunch": true
      },
      {
        "Dinner": true
      },
      {
        "Dessert": true
      }
    ],
    "Amenities": [
      {
        "Toilets": true
      }
    ],
    "Atmosphere": [
      {
        "Casual": true
      }
    ],
    "Crowd": [
      {
        "Groups": true
      }
    ],
    "Planning": [
      {
        "Accepts reservations": true
      }
    ]
  },
  "reviewsCount": 1082,
  "reviewsDistribution": {
    "oneStar": 40,
    "twoStar": 29,
    "threeStar": 108,
    "fourStar": 360,
    "fiveStar": 545
  },
  "reviews": [],
  "orderBy": []
}