{
  "title": "Diamond Village Pizza & Pasta",
  "subTitle": null,
  "price": "$",
  "menu": null,
  "categoryName": "European restaurant",
  "address": "78 Nepean St, Watsonia VIC 3087, Australia",
  "locatedIn": "Floor 0 · Diamond Village Shopping Centre",
  "neighborhood": "78 Nepean St",
  "street": "78 Nepean St",
  "city": "Watsonia",
  "postalCode": "3087",
  "state": "Victoria",
  "countryCode": "AU",
  "plusCode": "73QV+67 Watsonia, Victoria, Australia",
  "website": "https://diamondvillagepizzaandpasta.com.au/",
  "phone": "+61 3 9432 0401",
  "temporarilyClosed": false,
  "location": {
    "lat": -37.7119009,
    "lng": 145.0932189
  },
  "permanentlyClosed": false,
  "totalScore": 4.1,
  "isAdvertisement": false,
  "rank": 7,
  "placeId": "ChIJ98MGAYpI1moRBP3bLiDomoE",
  "categories": [
    "Pizza restaurant",
    "Gluten-free restaurant",
    "Italian restaurant",
    "Meal delivery",
    "Takeout restaurant",
    "Pizza delivery",
    "European restaurant",
    "Pizza takeaway"
  ],
  "cid": "9339032002228911364",
  "url": "https://www.google.com/maps/place/Diamond+Village+Pizza+%26+Pasta/@-37.7119009,145.0932189,17z/data=!3m1!4b1!4m5!3m4!1s0x6ad6488a0106c3f7:0x819ae8202edbfd04!8m2!3d-37.7119009!4d145.0932189?hl=en",
  "searchPageUrl": "https://www.google.com/maps/search/pizza/@-37.7047895,145.073845,15z?hl=en",
  "searchString": "pizza",
  "scrapedAt": "2022-08-01T17:08:38.904Z",
  "openingHours": [
    {
      "day": "Tuesday,",
      "hours": "4:30 to 9PM"
    },
    {
      "day": "Wednesday,",
      "hours": "4:30 to 9PM"
    },
    {
      "day": "Thursday,",
      "hours": "4:30 to 9PM"
    },
    {
      "day": "Friday,",
      "hours": "4:30 to 9:30PM"
    },
    {
      "day": "Saturday,",
      "hours": "4:30 to 9:30PM"
    },
    {
      "day": "Sunday,",
      "hours": "4:30 to 9PM"
    },
    {
      "day": "Monday,",
      "hours": "Closed"
    }
  ],
  "additionalInfo": {
    "Service options": [
      {
        "Delivery": true
      },
      {
        "Takeaway": true
      },
      {
        "Dine-in": true
      }
    ],
    "Accessibility": [
      {
        "Wheelchair-accessible car park": true
      },
      {
        "Wheelchair-accessible entrance": true
      }
    ],
    "Offerings": [
      {
        "Late-night food": true
      }
    ],
    "Dining options": [
      {
        "Dinner": true
      },
      {
        "Dessert": true
      }
    ],
    "Amenities": [
      {
        "Good for kids": true
      }
    ],
    "Atmosphere": [
      {
        "Casual": true
      }
    ]
  },
  "reviewsCount": 52,
  "reviewsDistribution": {
    "oneStar": 6,
    "twoStar": 3,
    "threeStar": 4,
    "fourStar": 8,
    "fiveStar": 31
  },
  "reviews": [],
  "orderBy": [
    {
      "name": "hungryhungry.com",
      "url": "https://order.hungryhungry.com/diamondvillagepizzapa/menu"
    },
    {
      "name": "deliveroo.com.au",
      "url": "https://deliveroo.com.au/menu/melbourne/watsonia/diamond-village-pizza-and-pasta-i?utm_medium=affiliate&utm_source=google_maps_link"
    },
    {
      "name": "menulog.com.au",
      "url": "https://www.menulog.com.au/restaurants-diamond-village-pizza-pasta/menu?utm_source=google&utm_medium=organic&utm_campaign=orderaction"
    }
  ]
}