{
  "title": "The Pizzeria and Grill",
  "subTitle": null,
  "price": null,
  "menu": null,
  "categoryName": "Restaurant",
  "address": "Shop 4/27-31 Springvale Rd, Springvale VIC 3171, Australia",
  "locatedIn": null,
  "neighborhood": "Shop 4/27-31 Springvale Rd",
  "street": "Shop 4/27-31 Springvale Rd",
  "city": "Springvale",
  "postalCode": "3171",
  "state": "Victoria",
  "countryCode": "AU",
  "plusCode": "3574+Q8 Springvale, Victoria, Australia",
  "website": null,
  "phone": "+61 433 013 473",
  "temporarilyClosed": false,
  "location": {
    "lat": -37.9355744,
    "lng": 145.1558461
  },
  "permanentlyClosed": false,
  "totalScore": 4.4,
  "isAdvertisement": false,
  "rank": 1,
  "placeId": "ChIJK2pBaeYV1moRGvKE7GX8GV8",
  "categories": [
    "Restaurant"
  ],
  "cid": "6852785822710952474",
  "url": "https://www.google.com/maps/place/The+Pizzeria+and+Grill/@-37.9355744,145.1558461,17z/data=!3m1!4b1!4m5!3m4!1s0x6ad615e669416a2b:0x5f19fc65ec84f21a!8m2!3d-37.9355656!4d145.1557577?hl=en",
  "searchPageUrl": "https://www.google.com/maps/search/pizza/@-37.9232211,145.1436221,15z?hl=en",
  "searchString": "pizza",
  "scrapedAt": "2022-08-01T17:10:01.194Z",
  "openingHours": [
    {
      "day": "Tuesday,",
      "hours": "5 to 9PM"
    },
    {
      "day": "Wednesday,",
      "hours": "5 to 9PM"
    },
    {
      "day": "Thursday,",
      "hours": "11AM to 3PM, 5 to 10PM"
    },
    {
      "day": "Friday,",
      "hours": "11AM to 3PM, 5 to 10PM"
    },
    {
      "day": "Saturday,",
      "hours": "5 to 10PM"
    },
    {
      "day": "Sunday,",
      "hours": "5 to 9PM"
    },
    {
      "day": "Monday,",
      "hours": "5 to 9PM"
    }
  ],
  "additionalInfo": {
    "Service options": [
      {
        "Takeaway": true
      },
      {
        "Dine-in": true
      },
      {
        "Delivery": false
      }
    ],
    "Dining options": [
      {
        "Dinner": true
      }
    ],
    "Atmosphere": [
      {
        "Casual": true
      }
    ]
  },
  "reviewsCount": 7,
  "reviewsDistribution": {
    "oneStar": 1,
    "twoStar": 0,
    "threeStar": 0,
    "fourStar": 0,
    "fiveStar": 6
  },
  "reviews": [],
  "orderBy": [
    {
      "name": "thepizzeriaandgrill.com.au",
      "url": "https://www.thepizzeriaandgrill.com.au/order-online"
    }
  ]
}