{
  "title": "Big Al's Pizza - Berwick",
  "subTitle": null,
  "price": null,
  "menu": null,
  "categoryName": "Pizza takeaway",
  "address": "Shop 6/240 Clyde Rd, Berwick VIC 3806, Australia",
  "locatedIn": null,
  "neighborhood": "Shop 6/240 Clyde Rd",
  "street": "Shop 6/240 Clyde Rd",
  "city": "Berwick",
  "postalCode": "3806",
  "state": "Victoria",
  "countryCode": "AU",
  "plusCode": "W8VQ+WF Berwick, Victoria, Australia",
  "website": "https://berwick.bigalpizza.com.au/",
  "phone": "+61 3 9702 6602",
  "temporarilyClosed": false,
  "location": {
    "lat": -38.0552288,
    "lng": 145.3386837
  },
  "permanentlyClosed": false,
  "totalScore": 4.3,
  "isAdvertisement": false,
  "rank": 18,
  "placeId": "ChIJOzejPAkb1moREvhfNN8BoV8",
  "categories": [
    "Pizza takeaway"
  ],
  "cid": "6890790963021608978",
  "url": "https://www.google.com/maps/place/Big+Al's+Pizza+-+Berwick/@-38.0552288,145.3386837,17z/data=!3m1!4b1!4m5!3m4!1s0x6ad61b093ca3373b:0x5fa101df345ff812!8m2!3d-38.0552288!4d145.3386837?hl=en",
  "searchPageUrl": "https://www.google.com/maps/search/pizza/@-38.0870447,145.318065,15z?hl=en",
  "searchString": "pizza",
  "scrapedAt": "2022-08-01T17:10:25.183Z",
  "openingHours": [
    {
      "day": "Tuesday,",
      "hours": "4 to 11PM"
    },
    {
      "day": "Wednesday,",
      "hours": "4 to 11PM"
    },
    {
      "day": "Thursday,",
      "hours": "4 to 11PM"
    },
    {
      "day": "Friday,",
      "hours": "4PM to 12AM"
    },
    {
      "day": "Saturday,",
      "hours": "4PM to 12AM"
    },
    {
      "day": "Sunday,",
      "hours": "4 to 11PM"
    },
    {
      "day": "Monday,",
      "hours": "4 to 11PM"
    }
  ],
  "additionalInfo": {
    "Service options": [
      {
        "No-contact delivery": true
      },
      {
        "Delivery": true
      },
      {
        "Takeaway": true
      }
    ],
    "Accessibility": [
      {
        "Wheelchair-accessible car park": true
      },
      {
        "Wheelchair-accessible entrance": true
      }
    ],
    "Offerings": [
      {
        "Vegetarian options": true
      }
    ],
    "Dining options": [
      {
        "Dinner": true
      }
    ],
    "Amenities": [
      {
        "Good for kids": true
      }
    ],
    "Atmosphere": [
      {
        "Casual": true
      }
    ],
    "Crowd": [
      {
        "Family friendly": true
      },
      {
        "LGBTQ+ friendly": true
      }
    ],
    "Payments": [
      {
        "Debit cards": true
      },
      {
        "NFC mobile payments": true
      },
      {
        "Credit cards": true
      }
    ]
  },
  "reviewsCount": 28,
  "reviewsDistribution": {
    "oneStar": 4,
    "twoStar": 1,
    "threeStar": 0,
    "fourStar": 1,
    "fiveStar": 22
  },
  "reviews": [],
  "orderBy": [
    {
      "name": "bigalpizza.com.au",
      "url": "https://berwick.bigalpizza.com.au/"
    },
    {
      "name": "menulog.com.au",
      "url": "https://www.menulog.com.au/restaurants-big-als-pizza-berwick/menu?utm_source=google&utm_medium=organic&utm_campaign=orderaction"
    },
    {
      "name": "doordash.com",
      "url": "https://www.doordash.com/en-AU/store/big-al%27s-pizza-berwick-23092437/?utm_campaign=gpa"
    }
  ]
}