{
  "title": "Ricci's pizzeria",
  "subTitle": null,
  "price": null,
  "menu": null,
  "categoryName": "Restaurant",
  "address": "340 Burnley St, Richmond VIC 3121, Australia",
  "locatedIn": null,
  "neighborhood": "340 Burnley St",
  "street": "340 Burnley St",
  "city": "Richmond",
  "postalCode": "3121",
  "state": "Victoria",
  "countryCode": "AU",
  "plusCode": "52G4+5V Richmond, Victoria, Australia",
  "website": null,
  "phone": "+61 427 258 994",
  "temporarilyClosed": false,
  "location": {
    "lat": -37.824604,
    "lng": 145.007144
  },
  "permanentlyClosed": false,
  "totalScore": 3.5,
  "isAdvertisement": false,
  "rank": 17,
  "placeId": "ChIJRxAW3f9D1moRMRYC6m9-nZ4",
  "categories": [
    "Restaurant"
  ],
  "cid": "11429430448468661809",
  "url": "https://www.google.com/maps/place/Ricci's+pizzeria/@-37.824604,145.007144,17z/data=!3m1!4b1!4m5!3m4!1s0x6ad643ffdd161047:0x9e9d7e6fea021631!8m2!3d-37.8246116!4d145.0072121?hl=en",
  "searchPageUrl": "https://www.google.com/maps/search/be+pizza/@-37.8140053,145.0040678,15z?hl=en",
  "searchString": "be pizza",
  "scrapedAt": "2022-08-01T19:44:09.527Z",
  "additionalInfo": {
    "Service options": [
      {
        "Delivery": true
      },
      {
        "Takeaway": true
      },
      {
        "Dine-in": true
      }
    ],
    "Dining options": [
      {
        "Dinner": true
      }
    ],
    "Amenities": [
      {
        "Good for kids": true
      }
    ],
    "Atmosphere": [
      {
        "Casual": true
      }
    ]
  },
  "reviewsCount": 11,
  "reviewsDistribution": {
    "oneStar": 3,
    "twoStar": 1,
    "threeStar": 0,
    "fourStar": 2,
    "fiveStar": 5
  },
  "reviews": [],
  "orderBy": []
}