{
  "title": "mmm Pizza",
  "subTitle": null,
  "price": null,
  "menu": null,
  "categoryName": "Pizza restaurant",
  "address": "83 Main Rd W, St Albans VIC 3021, Australia",
  "locatedIn": null,
  "neighborhood": "83 Main Rd W",
  "street": "83 Main Rd W",
  "city": "St Albans",
  "postalCode": "3021",
  "state": "Victoria",
  "countryCode": "AU",
  "plusCode": "7Q4W+8W St Albans, Victoria, Australia",
  "website": null,
  "phone": "+61 403 966 939",
  "temporarilyClosed": false,
  "location": {
    "lat": -37.7442141,
    "lng": 144.7972969
  },
  "permanentlyClosed": true,
  "totalScore": null,
  "isAdvertisement": false,
  "rank": 3,
  "placeId": "ChIJP6UeHJtf1moRCrfl1Q8PFSM",
  "categories": [
    "Pizza restaurant",
    "Meal delivery",
    "Takeout restaurant",
    "Pizza delivery",
    "Pizza takeaway"
  ],
  "cid": "2527943326525929226",
  "url": "https://www.google.com/maps/place/mmm+Pizza/@-37.7442141,144.7972969,17z/data=!3m1!4b1!4m5!3m4!1s0x6ad65f9b1c1ea53f:0x23150f0fd5e5b70a!8m2!3d-37.7442141!4d144.7972969?hl=en",
  "searchPageUrl": "https://www.google.com/maps/search/f6+pizza/@-37.7320935,144.8296249,15z?hl=en",
  "searchString": "f6 pizza",
  "scrapedAt": "2022-08-02T06:07:56.681Z",
  "openingHours": [
    {
      "day": "Tuesday,",
      "hours": "11:30AM to 9:30PM"
    },
    {
      "day": "Wednesday,",
      "hours": "11:30AM to 9:30PM"
    },
    {
      "day": "Thursday,",
      "hours": "11:30AM to 9:30PM"
    },
    {
      "day": "Friday,",
      "hours": "Closed"
    },
    {
      "day": "Saturday,",
      "hours": "Closed"
    },
    {
      "day": "Sunday,",
      "hours": "Closed"
    },
    {
      "day": "Monday,",
      "hours": "Closed"
    }
  ],
  "additionalInfo": {
    "Service options": [
      {
        "Dine-in": true
      }
    ],
    "Amenities": [
      {
        "Good for kids": true
      }
    ]
  },
  "reviewsCount": 0,
  "reviewsDistribution": {
    "oneStar": 0,
    "twoStar": 0,
    "threeStar": 0,
    "fourStar": 0,
    "fiveStar": 0
  },
  "reviews": [],
  "orderBy": []
}