{
  "title": "Victoria's Pizza 'N' Beyond",
  "subTitle": null,
  "price": null,
  "menu": null,
  "categoryName": "Pizza restaurant",
  "address": "2/96 Greville St, Prahran VIC 3181, Australia",
  "locatedIn": null,
  "neighborhood": "2/96 Greville St",
  "street": "2/96 Greville St",
  "city": "Prahran",
  "postalCode": "3181",
  "state": "Victoria",
  "countryCode": "AU",
  "plusCode": "5X2R+85 Prahran, Victoria, Australia",
  "website": "https://victoriaspizza.com.au/",
  "phone": "+61 3 9989 4994",
  "temporarilyClosed": false,
  "location": {
    "lat": -37.8492434,
    "lng": 144.9904474
  },
  "permanentlyClosed": false,
  "totalScore": 4,
  "isAdvertisement": false,
  "rank": 15,
  "placeId": "ChIJR5XxTedp1moRKmcI_M2BVgw",
  "categories": [
    "Pizza restaurant"
  ],
  "cid": "889040698148939562",
  "url": "https://www.google.com/maps/place/Victoria's+Pizza+'N'+Beyond/@-37.8492434,144.9904474,17z/data=!3m1!4b1!4m5!3m4!1s0x6ad669e74df19547:0xc5681cdfc08672a!8m2!3d-37.8492434!4d144.9904474?hl=en",
  "searchPageUrl": "https://www.google.com/maps/search/pizza/@-37.8413092,145.0040678,15z?hl=en",
  "searchString": "pizza",
  "scrapedAt": "2022-08-01T17:06:59.201Z",
  "popularTimesLiveText": null,
  "popularTimesLivePercent": null,
  "popularTimesHistogram": {
    "Su": [
      {
        "hour": 6,
        "occupancyPercent": 0
      },
      {
        "hour": 7,
        "occupancyPercent": 0
      },
      {
        "hour": 8,
        "occupancyPercent": 0
      },
      {
        "hour": 9,
        "occupancyPercent": 0
      },
      {
        "hour": 10,
        "occupancyPercent": 0
      },
      {
        "hour": 11,
        "occupancyPercent": 0
      },
      {
        "hour": 12,
        "occupancyPercent": 20
      },
      {
        "hour": 13,
        "occupancyPercent": 32
      },
      {
        "hour": 14,
        "occupancyPercent": 40
      },
      {
        "hour": 15,
        "occupancyPercent": 47
      },
      {
        "hour": 16,
        "occupancyPercent": 62
      },
      {
        "hour": 17,
        "occupancyPercent": 82
      },
      {
        "hour": 18,
        "occupancyPercent": 100
      },
      {
        "hour": 19,
        "occupancyPercent": 100
      },
      {
        "hour": 20,
        "occupancyPercent": 80
      },
      {
        "hour": 21,
        "occupancyPercent": 50
      },
      {
        "hour": 22,
        "occupancyPercent": 0
      },
      {
        "hour": 23,
        "occupancyPercent": 0
      }
    ],
    "Mo": [
      {
        "hour": 6,
        "occupancyPercent": 0
      },
      {
        "hour": 7,
        "occupancyPercent": 0
      },
      {
        "hour": 8,
        "occupancyPercent": 0
      },
      {
        "hour": 9,
        "occupancyPercent": 0
      },
      {
        "hour": 10,
        "occupancyPercent": 0
      },
      {
        "hour": 11,
        "occupancyPercent": 0
      },
      {
        "hour": 12,
        "occupancyPercent": 12
      },
      {
        "hour": 13,
        "occupancyPercent": 22
      },
      {
        "hour": 14,
        "occupancyPercent": 32
      },
      {
        "hour": 15,
        "occupancyPercent": 30
      },
      {
        "hour": 16,
        "occupancyPercent": 22
      },
      {
        "hour": 17,
        "occupancyPercent": 30
      },
      {
        "hour": 18,
        "occupancyPercent": 42
      },
      {
        "hour": 19,
        "occupancyPercent": 52
      },
      {
        "hour": 20,
        "occupancyPercent": 47
      },
      {
        "hour": 21,
        "occupancyPercent": 32
      },
      {
        "hour": 22,
        "occupancyPercent": 0
      },
      {
        "hour": 23,
        "occupancyPercent": 0
      }
    ],
    "Tu": [
      {
        "hour": 6,
        "occupancyPercent": 0
      },
      {
        "hour": 7,
        "occupancyPercent": 0
      },
      {
        "hour": 8,
        "occupancyPercent": 0
      },
      {
        "hour": 9,
        "occupancyPercent": 0
      },
      {
        "hour": 10,
        "occupancyPercent": 0
      },
      {
        "hour": 11,
        "occupancyPercent": 0
      },
      {
        "hour": 12,
        "occupancyPercent": 17
      },
      {
        "hour": 13,
        "occupancyPercent": 22
      },
      {
        "hour": 14,
        "occupancyPercent": 25
      },
      {
        "hour": 15,
        "occupancyPercent": 25
      },
      {
        "hour": 16,
        "occupancyPercent": 25
      },
      {
        "hour": 17,
        "occupancyPercent": 27
      },
      {
        "hour": 18,
        "occupancyPercent": 45
      },
      {
        "hour": 19,
        "occupancyPercent": 65
      },
      {
        "hour": 20,
        "occupancyPercent": 67
      },
      {
        "hour": 21,
        "occupancyPercent": 47
      },
      {
        "hour": 22,
        "occupancyPercent": 0
      },
      {
        "hour": 23,
        "occupancyPercent": 0
      }
    ],
    "We": [
      {
        "hour": 6,
        "occupancyPercent": 0
      },
      {
        "hour": 7,
        "occupancyPercent": 0
      },
      {
        "hour": 8,
        "occupancyPercent": 0
      },
      {
        "hour": 9,
        "occupancyPercent": 0
      },
      {
        "hour": 10,
        "occupancyPercent": 0
      },
      {
        "hour": 11,
        "occupancyPercent": 0
      },
      {
        "hour": 12,
        "occupancyPercent": 12
      },
      {
        "hour": 13,
        "occupancyPercent": 17
      },
      {
        "hour": 14,
        "occupancyPercent": 17
      },
      {
        "hour": 15,
        "occupancyPercent": 20
      },
      {
        "hour": 16,
        "occupancyPercent": 25
      },
      {
        "hour": 17,
        "occupancyPercent": 37
      },
      {
        "hour": 18,
        "occupancyPercent": 47
      },
      {
        "hour": 19,
        "occupancyPercent": 50
      },
      {
        "hour": 20,
        "occupancyPercent": 37
      },
      {
        "hour": 21,
        "occupancyPercent": 20
      },
      {
        "hour": 22,
        "occupancyPercent": 0
      },
      {
        "hour": 23,
        "occupancyPercent": 0
      }
    ],
    "Th": [
      {
        "hour": 6,
        "occupancyPercent": 0
      },
      {
        "hour": 7,
        "occupancyPercent": 0
      },
      {
        "hour": 8,
        "occupancyPercent": 0
      },
      {
        "hour": 9,
        "occupancyPercent": 0
      },
      {
        "hour": 10,
        "occupancyPercent": 0
      },
      {
        "hour": 11,
        "occupancyPercent": 0
      },
      {
        "hour": 12,
        "occupancyPercent": 30
      },
      {
        "hour": 13,
        "occupancyPercent": 40
      },
      {
        "hour": 14,
        "occupancyPercent": 42
      },
      {
        "hour": 15,
        "occupancyPercent": 42
      },
      {
        "hour": 16,
        "occupancyPercent": 52
      },
      {
        "hour": 17,
        "occupancyPercent": 67
      },
      {
        "hour": 18,
        "occupancyPercent": 82
      },
      {
        "hour": 19,
        "occupancyPercent": 80
      },
      {
        "hour": 20,
        "occupancyPercent": 65
      },
      {
        "hour": 21,
        "occupancyPercent": 42
      },
      {
        "hour": 22,
        "occupancyPercent": 0
      },
      {
        "hour": 23,
        "occupancyPercent": 0
      }
    ],
    "Fr": [
      {
        "hour": 6,
        "occupancyPercent": 0
      },
      {
        "hour": 7,
        "occupancyPercent": 0
      },
      {
        "hour": 8,
        "occupancyPercent": 0
      },
      {
        "hour": 9,
        "occupancyPercent": 0
      },
      {
        "hour": 10,
        "occupancyPercent": 0
      },
      {
        "hour": 11,
        "occupancyPercent": 0
      },
      {
        "hour": 12,
        "occupancyPercent": 25
      },
      {
        "hour": 13,
        "occupancyPercent": 32
      },
      {
        "hour": 14,
        "occupancyPercent": 40
      },
      {
        "hour": 15,
        "occupancyPercent": 50
      },
      {
        "hour": 16,
        "occupancyPercent": 62
      },
      {
        "hour": 17,
        "occupancyPercent": 75
      },
      {
        "hour": 18,
        "occupancyPercent": 82
      },
      {
        "hour": 19,
        "occupancyPercent": 97
      },
      {
        "hour": 20,
        "occupancyPercent": 100
      },
      {
        "hour": 21,
        "occupancyPercent": 62
      },
      {
        "hour": 22,
        "occupancyPercent": 0
      },
      {
        "hour": 23,
        "occupancyPercent": 0
      }
    ],
    "Sa": [
      {
        "hour": 6,
        "occupancyPercent": 0
      },
      {
        "hour": 7,
        "occupancyPercent": 0
      },
      {
        "hour": 8,
        "occupancyPercent": 0
      },
      {
        "hour": 9,
        "occupancyPercent": 0
      },
      {
        "hour": 10,
        "occupancyPercent": 0
      },
      {
        "hour": 11,
        "occupancyPercent": 0
      },
      {
        "hour": 12,
        "occupancyPercent": 22
      },
      {
        "hour": 13,
        "occupancyPercent": 32
      },
      {
        "hour": 14,
        "occupancyPercent": 32
      },
      {
        "hour": 15,
        "occupancyPercent": 37
      },
      {
        "hour": 16,
        "occupancyPercent": 55
      },
      {
        "hour": 17,
        "occupancyPercent": 77
      },
      {
        "hour": 18,
        "occupancyPercent": 95
      },
      {
        "hour": 19,
        "occupancyPercent": 95
      },
      {
        "hour": 20,
        "occupancyPercent": 82
      },
      {
        "hour": 21,
        "occupancyPercent": 60
      },
      {
        "hour": 22,
        "occupancyPercent": 0
      },
      {
        "hour": 23,
        "occupancyPercent": 0
      }
    ]
  },
  "openingHours": [
    {
      "day": "Tuesday,",
      "hours": "12 to 10PM"
    },
    {
      "day": "Wednesday,",
      "hours": "12 to 10PM"
    },
    {
      "day": "Thursday,",
      "hours": "12 to 10PM"
    },
    {
      "day": "Friday,",
      "hours": "12 to 10PM"
    },
    {
      "day": "Saturday,",
      "hours": "12 to 10PM"
    },
    {
      "day": "Sunday,",
      "hours": "12 to 10PM"
    },
    {
      "day": "Monday,",
      "hours": "12 to 10PM"
    }
  ],
  "additionalInfo": {
    "Service options": [
      {
        "Delivery": true
      },
      {
        "Takeaway": true
      },
      {
        "Dine-in": true
      }
    ],
    "Dining options": [
      {
        "Dinner": true
      },
      {
        "Dessert": true
      }
    ],
    "Atmosphere": [
      {
        "Casual": true
      }
    ]
  },
  "reviewsCount": 23,
  "reviewsDistribution": {
    "oneStar": 6,
    "twoStar": 0,
    "threeStar": 0,
    "fourStar": 0,
    "fiveStar": 17
  },
  "reviews": [],
  "orderBy": [
    {
      "name": "menulog.com.au",
      "url": "https://www.menulog.com.au/restaurants-victorias-pizza-n-beyond-prahran/menu?utm_source=google&utm_medium=organic&utm_campaign=orderaction"
    },
    {
      "name": "deliveroo.com.au",
      "url": "https://deliveroo.com.au/menu/melbourne/prahran/victorias-pizza-n-beyond?utm_medium=affiliate&utm_source=google_maps_link"
    },
    {
      "name": "doordash.com",
      "url": "https://www.doordash.com/en-AU/store/victoria%E2%80%99s-pizza-n-beyond-prahran-2862223/?utm_campaign=gpa"
    }
  ]
}