{
  "title": "Domino's Pizza Frankston (VIC)",
  "subTitle": null,
  "price": "$",
  "menu": null,
  "categoryName": "Fast food restaurant",
  "address": "Tenancy 2/136 Frankston - Flinders Rd, Frankston VIC 3199, Australia",
  "locatedIn": null,
  "neighborhood": "Tenancy 2/136 Frankston - Flinders Rd",
  "street": "Tenancy 2/136 Frankston - Flinders Rd",
  "city": "Frankston",
  "postalCode": "3199",
  "state": "Victoria",
  "countryCode": "AU",
  "plusCode": "R4MP+GP Frankston, Victoria, Australia",
  "website": "https://www.dominos.com.au/store/vic-frankston-vic-98842?utm_source=google&utm_medium=places-organic",
  "phone": "+61 3 8763 9000      phone3",
  "temporarilyClosed": false,
  "location": {
    "lat": -38.166222,
    "lng": 145.1367968
  },
  "permanentlyClosed": false,
  "totalScore": 4,
  "isAdvertisement": false,
  "rank": 9,
  "placeId": "ChIJ94X5RzN11moR_iX7yH8WPKM",
  "categories": [
    "Pizza restaurant",
    "Dessert restaurant",
    "Family restaurant",
    "Lunch restaurant",
    "Meal delivery",
    "Takeout restaurant",
    "Pizza delivery",
    "Fast food restaurant",
    "Pizza takeaway",
    "Restaurant"
  ],
  "cid": "11762301064873453054",
  "url": "https://www.google.com/maps/place/Domino's+Pizza+Frankston+(VIC)/@-38.166222,145.1367968,17z/data=!3m1!4b1!4m5!3m4!1s0x6ad6753347f985f7:0xa33c167fc8fb25fe!8m2!3d-38.166222!4d145.1367968?hl=en",
  "searchPageUrl": "https://www.google.com/maps/search/pizza/@-38.1689565,145.1087335,15z?hl=en",
  "searchString": "pizza",
  "scrapedAt": "2022-08-01T17:08:37.798Z",
  "popularTimesLiveText": null,
  "popularTimesLivePercent": null,
  "popularTimesHistogram": {
    "Su": [
      {
        "hour": 6,
        "occupancyPercent": 0
      },
      {
        "hour": 7,
        "occupancyPercent": 0
      },
      {
        "hour": 8,
        "occupancyPercent": 0
      },
      {
        "hour": 9,
        "occupancyPercent": 0
      },
      {
        "hour": 10,
        "occupancyPercent": 0
      },
      {
        "hour": 11,
        "occupancyPercent": 5
      },
      {
        "hour": 12,
        "occupancyPercent": 14
      },
      {
        "hour": 13,
        "occupancyPercent": 25
      },
      {
        "hour": 14,
        "occupancyPercent": 36
      },
      {
        "hour": 15,
        "occupancyPercent": 47
      },
      {
        "hour": 16,
        "occupancyPercent": 53
      },
      {
        "hour": 17,
        "occupancyPercent": 55
      },
      {
        "hour": 18,
        "occupancyPercent": 53
      },
      {
        "hour": 19,
        "occupancyPercent": 50
      },
      {
        "hour": 20,
        "occupancyPercent": 46
      },
      {
        "hour": 21,
        "occupancyPercent": 42
      },
      {
        "hour": 22,
        "occupancyPercent": 36
      },
      {
        "hour": 23,
        "occupancyPercent": 0
      }
    ],
    "Mo": [
      {
        "hour": 6,
        "occupancyPercent": 0
      },
      {
        "hour": 7,
        "occupancyPercent": 0
      },
      {
        "hour": 8,
        "occupancyPercent": 0
      },
      {
        "hour": 9,
        "occupancyPercent": 0
      },
      {
        "hour": 10,
        "occupancyPercent": 0
      },
      {
        "hour": 11,
        "occupancyPercent": 16
      },
      {
        "hour": 12,
        "occupancyPercent": 30
      },
      {
        "hour": 13,
        "occupancyPercent": 46
      },
      {
        "hour": 14,
        "occupancyPercent": 61
      },
      {
        "hour": 15,
        "occupancyPercent": 73
      },
      {
        "hour": 16,
        "occupancyPercent": 77
      },
      {
        "hour": 17,
        "occupancyPercent": 71
      },
      {
        "hour": 18,
        "occupancyPercent": 59
      },
      {
        "hour": 19,
        "occupancyPercent": 45
      },
      {
        "hour": 20,
        "occupancyPercent": 35
      },
      {
        "hour": 21,
        "occupancyPercent": 32
      },
      {
        "hour": 22,
        "occupancyPercent": 30
      },
      {
        "hour": 23,
        "occupancyPercent": 0
      }
    ],
    "Tu": [
      {
        "hour": 6,
        "occupancyPercent": 0
      },
      {
        "hour": 7,
        "occupancyPercent": 0
      },
      {
        "hour": 8,
        "occupancyPercent": 0
      },
      {
        "hour": 9,
        "occupancyPercent": 0
      },
      {
        "hour": 10,
        "occupancyPercent": 0
      },
      {
        "hour": 11,
        "occupancyPercent": 15
      },
      {
        "hour": 12,
        "occupancyPercent": 28
      },
      {
        "hour": 13,
        "occupancyPercent": 38
      },
      {
        "hour": 14,
        "occupancyPercent": 42
      },
      {
        "hour": 15,
        "occupancyPercent": 42
      },
      {
        "hour": 16,
        "occupancyPercent": 42
      },
      {
        "hour": 17,
        "occupancyPercent": 43
      },
      {
        "hour": 18,
        "occupancyPercent": 44
      },
      {
        "hour": 19,
        "occupancyPercent": 40
      },
      {
        "hour": 20,
        "occupancyPercent": 31
      },
      {
        "hour": 21,
        "occupancyPercent": 20
      },
      {
        "hour": 22,
        "occupancyPercent": 10
      },
      {
        "hour": 23,
        "occupancyPercent": 0
      }
    ],
    "We": [
      {
        "hour": 6,
        "occupancyPercent": 0
      },
      {
        "hour": 7,
        "occupancyPercent": 0
      },
      {
        "hour": 8,
        "occupancyPercent": 0
      },
      {
        "hour": 9,
        "occupancyPercent": 0
      },
      {
        "hour": 10,
        "occupancyPercent": 0
      },
      {
        "hour": 11,
        "occupancyPercent": 14
      },
      {
        "hour": 12,
        "occupancyPercent": 22
      },
      {
        "hour": 13,
        "occupancyPercent": 30
      },
      {
        "hour": 14,
        "occupancyPercent": 36
      },
      {
        "hour": 15,
        "occupancyPercent": 40
      },
      {
        "hour": 16,
        "occupancyPercent": 41
      },
      {
        "hour": 17,
        "occupancyPercent": 39
      },
      {
        "hour": 18,
        "occupancyPercent": 35
      },
      {
        "hour": 19,
        "occupancyPercent": 30
      },
      {
        "hour": 20,
        "occupancyPercent": 23
      },
      {
        "hour": 21,
        "occupancyPercent": 17
      },
      {
        "hour": 22,
        "occupancyPercent": 11
      },
      {
        "hour": 23,
        "occupancyPercent": 0
      }
    ],
    "Th": [
      {
        "hour": 6,
        "occupancyPercent": 0
      },
      {
        "hour": 7,
        "occupancyPercent": 0
      },
      {
        "hour": 8,
        "occupancyPercent": 0
      },
      {
        "hour": 9,
        "occupancyPercent": 0
      },
      {
        "hour": 10,
        "occupancyPercent": 0
      },
      {
        "hour": 11,
        "occupancyPercent": 59
      },
      {
        "hour": 12,
        "occupancyPercent": 77
      },
      {
        "hour": 13,
        "occupancyPercent": 83
      },
      {
        "hour": 14,
        "occupancyPercent": 81
      },
      {
        "hour": 15,
        "occupancyPercent": 76
      },
      {
        "hour": 16,
        "occupancyPercent": 72
      },
      {
        "hour": 17,
        "occupancyPercent": 66
      },
      {
        "hour": 18,
        "occupancyPercent": 57
      },
      {
        "hour": 19,
        "occupancyPercent": 44
      },
      {
        "hour": 20,
        "occupancyPercent": 30
      },
      {
        "hour": 21,
        "occupancyPercent": 19
      },
      {
        "hour": 22,
        "occupancyPercent": 10
      },
      {
        "hour": 23,
        "occupancyPercent": 0
      }
    ],
    "Fr": [
      {
        "hour": 6,
        "occupancyPercent": 0
      },
      {
        "hour": 7,
        "occupancyPercent": 0
      },
      {
        "hour": 8,
        "occupancyPercent": 0
      },
      {
        "hour": 9,
        "occupancyPercent": 0
      },
      {
        "hour": 10,
        "occupancyPercent": 0
      },
      {
        "hour": 11,
        "occupancyPercent": 58
      },
      {
        "hour": 12,
        "occupancyPercent": 68
      },
      {
        "hour": 13,
        "occupancyPercent": 68
      },
      {
        "hour": 14,
        "occupancyPercent": 67
      },
      {
        "hour": 15,
        "occupancyPercent": 75
      },
      {
        "hour": 16,
        "occupancyPercent": 90
      },
      {
        "hour": 17,
        "occupancyPercent": 98
      },
      {
        "hour": 18,
        "occupancyPercent": 95
      },
      {
        "hour": 19,
        "occupancyPercent": 79
      },
      {
        "hour": 20,
        "occupancyPercent": 56
      },
      {
        "hour": 21,
        "occupancyPercent": 34
      },
      {
        "hour": 22,
        "occupancyPercent": 19
      },
      {
        "hour": 23,
        "occupancyPercent": 11
      }
    ],
    "Sa": [
      {
        "hour": 6,
        "occupancyPercent": 0
      },
      {
        "hour": 7,
        "occupancyPercent": 0
      },
      {
        "hour": 8,
        "occupancyPercent": 0
      },
      {
        "hour": 9,
        "occupancyPercent": 0
      },
      {
        "hour": 10,
        "occupancyPercent": 0
      },
      {
        "hour": 11,
        "occupancyPercent": 36
      },
      {
        "hour": 12,
        "occupancyPercent": 44
      },
      {
        "hour": 13,
        "occupancyPercent": 45
      },
      {
        "hour": 14,
        "occupancyPercent": 41
      },
      {
        "hour": 15,
        "occupancyPercent": 38
      },
      {
        "hour": 16,
        "occupancyPercent": 48
      },
      {
        "hour": 17,
        "occupancyPercent": 81
      },
      {
        "hour": 18,
        "occupancyPercent": 100
      },
      {
        "hour": 19,
        "occupancyPercent": 79
      },
      {
        "hour": 20,
        "occupancyPercent": 55
      },
      {
        "hour": 21,
        "occupancyPercent": 46
      },
      {
        "hour": 22,
        "occupancyPercent": 42
      },
      {
        "hour": 23,
        "occupancyPercent": 35
      }
    ]
  },
  "openingHours": [
    {
      "day": "Tuesday,",
      "hours": "11AM to 11PM"
    },
    {
      "day": "Wednesday,",
      "hours": "11AM to 11PM"
    },
    {
      "day": "Thursday,",
      "hours": "11AM to 11PM"
    },
    {
      "day": "Friday,",
      "hours": "11AM to 12AM"
    },
    {
      "day": "Saturday,",
      "hours": "11AM to 12AM"
    },
    {
      "day": "Sunday,",
      "hours": "11AM to 11PM"
    },
    {
      "day": "Monday,",
      "hours": "11AM to 11PM"
    }
  ],
  "additionalInfo": {
    "Service options": [
      {
        "Kerbside pickup": true
      },
      {
        "No-contact delivery": true
      },
      {
        "Delivery": true
      },
      {
        "Takeaway": true
      }
    ],
    "Highlights": [
      {
        "Fast service": true
      }
    ],
    "Accessibility": [
      {
        "Wheelchair-accessible car park": true
      },
      {
        "Wheelchair-accessible entrance": true
      },
      {
        "Wheelchair-accessible seating": false
      },
      {
        "Wheelchair-accessible toilet": false
      }
    ],
    "Offerings": [
      {
        "Late-night food": true
      },
      {
        "Vegetarian options": true
      }
    ],
    "Dining options": [
      {
        "Lunch": true
      },
      {
        "Dinner": true
      },
      {
        "Catering": true
      },
      {
        "Dessert": true
      }
    ],
    "Amenities": [
      {
        "Good for kids": true
      }
    ],
    "Atmosphere": [
      {
        "Casual": true
      }
    ],
    "Crowd": [
      {
        "Family friendly": true
      },
      {
        "LGBTQ+ friendly": true
      },
      {
        "Transgender safe space": true
      }
    ],
    "Payments": [
      {
        "Debit cards": true
      },
      {
        "NFC mobile payments": true
      },
      {
        "Credit cards": true
      }
    ]
  },
  "reviewsCount": 228,
  "reviewsDistribution": {
    "oneStar": 26,
    "twoStar": 9,
    "threeStar": 24,
    "fourStar": 57,
    "fiveStar": 112
  },
  "reviews": [],
  "orderBy": []
}