{
  "title": "Heatherhill Pizza Factory",
  "subTitle": null,
  "price": "$",
  "menu": null,
  "categoryName": "Pizza restaurant",
  "address": "44B Heatherhill Rd, Frankston VIC 3199, Australia",
  "locatedIn": null,
  "neighborhood": "44B Heatherhill Rd",
  "street": "44B Heatherhill Rd",
  "city": "Frankston",
  "postalCode": "3199",
  "state": "Victoria",
  "countryCode": "AU",
  "plusCode": "R4RR+87 Frankston, Victoria, Australia",
  "website": "http://www.heatherhillpizza.com.au/",
  "phone": "+61 3 9770 2333      phone3",
  "temporarilyClosed": false,
  "location": {
    "lat": -38.1591777,
    "lng": 145.140722
  },
  "permanentlyClosed": false,
  "totalScore": 4.3,
  "isAdvertisement": false,
  "rank": 19,
  "placeId": "ChIJ6aXPr9MK1moRZXnMrksx9KU",
  "categories": [
    "Pizza restaurant",
    "Italian restaurant",
    "Meal delivery",
    "Takeout restaurant",
    "Pizza delivery",
    "Pizza takeaway"
  ],
  "cid": "11958237111700453733",
  "url": "https://www.google.com/maps/place/Heatherhill+Pizza+Factory/@-38.1591777,145.140722,17z/data=!3m1!4b1!4m5!3m4!1s0x6ad60ad3afcfa5e9:0xa5f4314baecc7965!8m2!3d-38.1591777!4d145.140722?hl=en",
  "searchPageUrl": "https://www.google.com/maps/search/pizza/@-38.2235644,145.0389564,15z?hl=en",
  "searchString": "pizza",
  "scrapedAt": "2022-08-01T17:09:03.733Z",
  "openingHours": [
    {
      "day": "Tuesday,",
      "hours": "5 to 8:30PM"
    },
    {
      "day": "Wednesday,",
      "hours": "5 to 8:30PM"
    },
    {
      "day": "Thursday,",
      "hours": "5 to 8:30PM"
    },
    {
      "day": "Friday,",
      "hours": "5 to 9:30PM"
    },
    {
      "day": "Saturday,",
      "hours": "4 to 9PM"
    },
    {
      "day": "Sunday,",
      "hours": "5 to 8:30PM"
    },
    {
      "day": "Monday,",
      "hours": "Closed"
    }
  ],
  "additionalInfo": {
    "Service options": [
      {
        "Delivery": true
      },
      {
        "Takeaway": true
      }
    ],
    "Accessibility": [
      {
        "Wheelchair-accessible car park": true
      }
    ],
    "Dining options": [
      {
        "Dinner": true
      },
      {
        "Dessert": true
      }
    ],
    "Atmosphere": [
      {
        "Casual": true
      }
    ]
  },
  "reviewsCount": 87,
  "reviewsDistribution": {
    "oneStar": 7,
    "twoStar": 1,
    "threeStar": 5,
    "fourStar": 21,
    "fiveStar": 53
  },
  "reviews": [],
  "orderBy": [
    {
      "name": "menulog.com.au",
      "url": "https://www.menulog.com.au/restaurants-heatherhill-pizza-factory/menu?utm_source=google&utm_medium=organic&utm_campaign=orderaction"
    }
  ]
}