{
  "title": "pizza italiano",
  "subTitle": null,
  "price": null,
  "menu": null,
  "categoryName": "Pizza takeaway",
  "address": "240 Mitcham Rd, Mitcham VIC 3132, Australia",
  "locatedIn": "BP",
  "neighborhood": "240 Mitcham Rd",
  "street": "240 Mitcham Rd",
  "city": "Mitcham",
  "postalCode": "3132",
  "state": "Victoria",
  "countryCode": "AU",
  "plusCode": "55VQ+XR Mitcham, Victoria, Australia",
  "website": "http://www.pizza-italiano.com.au/",
  "phone": "+61 3 8822 3756",
  "temporarilyClosed": false,
  "location": {
    "lat": -37.8050913,
    "lng": 145.1895786
  },
  "permanentlyClosed": false,
  "totalScore": 5,
  "isAdvertisement": false,
  "rank": 7,
  "placeId": "ChIJj_5T0_w51moRe1f512xpb4A",
  "categories": [
    "Pizza takeaway"
  ],
  "cid": "9254731675470485371",
  "url": "https://www.google.com/maps/place/pizza+italiano/@-37.8050913,145.1895786,17z/data=!3m1!4b1!4m5!3m4!1s0x6ad639fcd353fe8f:0x806f696cd7f9577b!8m2!3d-37.8050913!4d145.1895786?hl=en",
  "searchPageUrl": "https://www.google.com/maps/search/pizza/@-37.8140053,145.1785107,15z?hl=en",
  "searchString": "pizza",
  "scrapedAt": "2022-08-01T17:09:38.159Z",
  "openingHours": [
    {
      "day": "Tuesday,",
      "hours": "5 to 10PM"
    },
    {
      "day": "Wednesday,",
      "hours": "5 to 10PM"
    },
    {
      "day": "Thursday,",
      "hours": "5 to 10PM"
    },
    {
      "day": "Friday,",
      "hours": "5 to 10PM"
    },
    {
      "day": "Saturday,",
      "hours": "5 to 10PM"
    },
    {
      "day": "Sunday,",
      "hours": "5 to 10PM"
    },
    {
      "day": "Monday,",
      "hours": "Closed"
    }
  ],
  "additionalInfo": {
    "Service options": [
      {
        "Delivery": true
      },
      {
        "Takeaway": true
      }
    ],
    "Dining options": [
      {
        "Dinner": true
      }
    ],
    "Atmosphere": [
      {
        "Casual": true
      }
    ]
  },
  "reviewsCount": 3,
  "reviewsDistribution": {
    "oneStar": 0,
    "twoStar": 0,
    "threeStar": 0,
    "fourStar": 0,
    "fiveStar": 3
  },
  "reviews": [],
  "orderBy": [
    {
      "name": "menulog.com.au",
      "url": "https://www.menulog.com.au/restaurants-pizza-italiano-mitcham/menu?utm_source=google&utm_medium=organic&utm_campaign=orderaction"
    }
  ]
}