{
  "title": "Bang Bang Pizza",
  "subTitle": null,
  "price": null,
  "menu": null,
  "categoryName": "Pizza restaurant",
  "address": "887 Point Nepean Rd, Rosebud VIC 3939, Australia",
  "locatedIn": null,
  "neighborhood": "887 Point Nepean Rd",
  "street": "887 Point Nepean Rd",
  "city": "Rosebud",
  "postalCode": "3939",
  "state": "Victoria",
  "countryCode": "AU",
  "plusCode": "JWW6+66 Rosebud, Victoria, Australia",
  "website": null,
  "phone": "+61 1300 226 422",
  "temporarilyClosed": false,
  "location": {
    "lat": -38.354402,
    "lng": 144.910587
  },
  "permanentlyClosed": true,
  "totalScore": 4.1,
  "isAdvertisement": false,
  "rank": 9,
  "placeId": "ChIJMc41wRjJ1WoRFyQClAE_NaQ",
  "categories": [
    "Pizza restaurant"
  ],
  "cid": "11832432871996531735",
  "url": "https://www.google.com/maps/place/Bang+Bang+Pizza/@-38.354402,144.910587,17z/data=!3m1!4b1!4m5!3m4!1s0x6ad5c918c135ce31:0xa4353f0194022417!8m2!3d-38.354402!4d144.910587?hl=en",
  "searchPageUrl": "https://www.google.com/maps/search/au+pizza/@-38.4419959,144.8994021,15z?hl=en",
  "searchString": "au pizza",
  "scrapedAt": "2022-08-01T18:28:45.843Z",
  "openingHours": [
    {
      "day": "Tuesday,",
      "hours": "Closed"
    },
    {
      "day": "Wednesday,",
      "hours": "Closed"
    },
    {
      "day": "Thursday,",
      "hours": "Closed"
    },
    {
      "day": "Friday,",
      "hours": "5 to 9PM"
    },
    {
      "day": "Saturday,",
      "hours": "5 to 9PM"
    },
    {
      "day": "Sunday,",
      "hours": "Closed"
    },
    {
      "day": "Monday,",
      "hours": "Closed"
    }
  ],
  "additionalInfo": {
    "Service options": [
      {
        "Takeaway": true
      },
      {
        "Dine-in": true
      }
    ],
    "Amenities": [
      {
        "Good for kids": true
      }
    ],
    "Payments": [
      {
        "NFC mobile payments": true
      }
    ]
  },
  "reviewsCount": 75,
  "reviewsDistribution": {
    "oneStar": 9,
    "twoStar": 4,
    "threeStar": 3,
    "fourStar": 11,
    "fiveStar": 48
  },
  "reviews": [],
  "orderBy": []
}