{
  "title": "Frankie's Pizza",
  "subTitle": null,
  "price": null,
  "menu": null,
  "categoryName": "Pizza takeaway",
  "address": "30 High St, Cranbourne VIC 3977, Australia",
  "locatedIn": null,
  "neighborhood": "30 High St",
  "street": "30 High St",
  "city": "Cranbourne",
  "postalCode": "3977",
  "state": "Victoria",
  "countryCode": "AU",
  "plusCode": "V7QM+47 Cranbourne, Victoria, Australia",
  "website": null,
  "phone": "+61 3 5998 8855",
  "temporarilyClosed": false,
  "location": {
    "lat": -38.1121721,
    "lng": 145.2832082
  },
  "permanentlyClosed": true,
  "totalScore": 3.5,
  "isAdvertisement": false,
  "rank": 4,
  "placeId": "ChIJPafNibkP1moRxJZ9E0wdPCU",
  "categories": [
    "Pizza restaurant",
    "Pizza delivery",
    "Pizza takeaway"
  ],
  "cid": "2683051690587690692",
  "url": "https://www.google.com/maps/place/Frankie's+Pizza/@-38.1121721,145.2832082,17z/data=!3m1!4b1!4m5!3m4!1s0x6ad60fb989cda73d:0x253c1d4c137d96c4!8m2!3d-38.1121754!4d145.283231?hl=en",
  "searchPageUrl": "https://www.google.com/maps/search/af+pizza/@-38.1416526,145.2482878,15z?hl=en",
  "searchString": "af pizza",
  "scrapedAt": "2022-08-01T17:36:28.163Z",
  "openingHours": [
    {
      "day": "Tuesday,",
      "hours": "5 to 9:30PM"
    },
    {
      "day": "Wednesday,",
      "hours": "5 to 9:30PM"
    },
    {
      "day": "Thursday,",
      "hours": "5 to 9:30PM"
    },
    {
      "day": "Friday,",
      "hours": "5 to 9:30PM"
    },
    {
      "day": "Saturday,",
      "hours": "5 to 9:30PM"
    },
    {
      "day": "Sunday,",
      "hours": "5 to 9:30PM"
    },
    {
      "day": "Monday,",
      "hours": "5 to 9:30PM"
    }
  ],
  "additionalInfo": {
    "Service options": [
      {
        "Delivery": true
      },
      {
        "Takeaway": true
      }
    ],
    "Accessibility": [
      {
        "Wheelchair-accessible entrance": true
      }
    ],
    "Offerings": [
      {
        "Late-night food": true
      }
    ],
    "Amenities": [
      {
        "Good for kids": true
      }
    ]
  },
  "reviewsCount": 45,
  "reviewsDistribution": {
    "oneStar": 12,
    "twoStar": 4,
    "threeStar": 1,
    "fourStar": 5,
    "fiveStar": 23
  },
  "reviews": [],
  "orderBy": []
}