{
  "title": "Freddie's Pizza Kitchen",
  "subTitle": null,
  "price": null,
  "menu": null,
  "categoryName": "Pizza restaurant",
  "address": "Shop 4/340 Centre Rd, Bentleigh VIC 3204, Australia",
  "locatedIn": null,
  "neighborhood": "Shop 4/340 Centre Rd",
  "street": "Shop 4/340 Centre Rd",
  "city": "Bentleigh",
  "postalCode": "3204",
  "state": "Victoria",
  "countryCode": "AU",
  "plusCode": "32JM+MP Bentleigh, Victoria, Australia",
  "website": "http://www.freddiespizzakitchen.com.au/",
  "phone": "+61 3 9994 9366",
  "temporarilyClosed": false,
  "location": {
    "lat": -37.9182965,
    "lng": 145.0342683
  },
  "permanentlyClosed": false,
  "totalScore": 4.7,
  "isAdvertisement": false,
  "rank": 19,
  "placeId": "ChIJH0WcOOlp1moR4MKWumzxtKw",
  "categories": [
    "Pizza restaurant"
  ],
  "cid": "12444837119620727520",
  "url": "https://www.google.com/maps/place/Freddie's+Pizza+Kitchen/@-37.9182965,145.0342683,17z/data=!3m1!4b1!4m5!3m4!1s0x6ad669e9389c451f:0xacb4f16cba96c2e0!8m2!3d-37.9182969!4d145.0342712?hl=en",
  "searchPageUrl": "https://www.google.com/maps/search/pizza/@-37.9232211,145.0040678,15z?hl=en",
  "searchString": "pizza",
  "scrapedAt": "2022-08-01T17:06:48.983Z",
  "popularTimesLiveText": null,
  "popularTimesLivePercent": null,
  "popularTimesHistogram": {
    "Su": [
      {
        "hour": 6,
        "occupancyPercent": 0
      },
      {
        "hour": 7,
        "occupancyPercent": 0
      },
      {
        "hour": 8,
        "occupancyPercent": 0
      },
      {
        "hour": 9,
        "occupancyPercent": 0
      },
      {
        "hour": 10,
        "occupancyPercent": 0
      },
      {
        "hour": 11,
        "occupancyPercent": 0
      },
      {
        "hour": 12,
        "occupancyPercent": 0
      },
      {
        "hour": 13,
        "occupancyPercent": 0
      },
      {
        "hour": 14,
        "occupancyPercent": 0
      },
      {
        "hour": 15,
        "occupancyPercent": 0
      },
      {
        "hour": 16,
        "occupancyPercent": 50
      },
      {
        "hour": 17,
        "occupancyPercent": 60
      },
      {
        "hour": 18,
        "occupancyPercent": 75
      },
      {
        "hour": 19,
        "occupancyPercent": 82
      },
      {
        "hour": 20,
        "occupancyPercent": 60
      },
      {
        "hour": 21,
        "occupancyPercent": 0
      },
      {
        "hour": 22,
        "occupancyPercent": 0
      },
      {
        "hour": 23,
        "occupancyPercent": 0
      }
    ],
    "Mo": [],
    "Tu": [],
    "We": [
      {
        "hour": 6,
        "occupancyPercent": 0
      },
      {
        "hour": 7,
        "occupancyPercent": 0
      },
      {
        "hour": 8,
        "occupancyPercent": 0
      },
      {
        "hour": 9,
        "occupancyPercent": 0
      },
      {
        "hour": 10,
        "occupancyPercent": 0
      },
      {
        "hour": 11,
        "occupancyPercent": 0
      },
      {
        "hour": 12,
        "occupancyPercent": 0
      },
      {
        "hour": 13,
        "occupancyPercent": 0
      },
      {
        "hour": 14,
        "occupancyPercent": 0
      },
      {
        "hour": 15,
        "occupancyPercent": 0
      },
      {
        "hour": 16,
        "occupancyPercent": 35
      },
      {
        "hour": 17,
        "occupancyPercent": 53
      },
      {
        "hour": 18,
        "occupancyPercent": 75
      },
      {
        "hour": 19,
        "occupancyPercent": 78
      },
      {
        "hour": 20,
        "occupancyPercent": 60
      },
      {
        "hour": 21,
        "occupancyPercent": 0
      },
      {
        "hour": 22,
        "occupancyPercent": 0
      },
      {
        "hour": 23,
        "occupancyPercent": 0
      }
    ],
    "Th": [
      {
        "hour": 6,
        "occupancyPercent": 0
      },
      {
        "hour": 7,
        "occupancyPercent": 0
      },
      {
        "hour": 8,
        "occupancyPercent": 0
      },
      {
        "hour": 9,
        "occupancyPercent": 0
      },
      {
        "hour": 10,
        "occupancyPercent": 0
      },
      {
        "hour": 11,
        "occupancyPercent": 0
      },
      {
        "hour": 12,
        "occupancyPercent": 0
      },
      {
        "hour": 13,
        "occupancyPercent": 0
      },
      {
        "hour": 14,
        "occupancyPercent": 0
      },
      {
        "hour": 15,
        "occupancyPercent": 0
      },
      {
        "hour": 16,
        "occupancyPercent": 57
      },
      {
        "hour": 17,
        "occupancyPercent": 57
      },
      {
        "hour": 18,
        "occupancyPercent": 50
      },
      {
        "hour": 19,
        "occupancyPercent": 60
      },
      {
        "hour": 20,
        "occupancyPercent": 64
      },
      {
        "hour": 21,
        "occupancyPercent": 0
      },
      {
        "hour": 22,
        "occupancyPercent": 0
      },
      {
        "hour": 23,
        "occupancyPercent": 0
      }
    ],
    "Fr": [
      {
        "hour": 6,
        "occupancyPercent": 0
      },
      {
        "hour": 7,
        "occupancyPercent": 0
      },
      {
        "hour": 8,
        "occupancyPercent": 0
      },
      {
        "hour": 9,
        "occupancyPercent": 0
      },
      {
        "hour": 10,
        "occupancyPercent": 0
      },
      {
        "hour": 11,
        "occupancyPercent": 0
      },
      {
        "hour": 12,
        "occupancyPercent": 0
      },
      {
        "hour": 13,
        "occupancyPercent": 0
      },
      {
        "hour": 14,
        "occupancyPercent": 0
      },
      {
        "hour": 15,
        "occupancyPercent": 0
      },
      {
        "hour": 16,
        "occupancyPercent": 75
      },
      {
        "hour": 17,
        "occupancyPercent": 92
      },
      {
        "hour": 18,
        "occupancyPercent": 100
      },
      {
        "hour": 19,
        "occupancyPercent": 85
      },
      {
        "hour": 20,
        "occupancyPercent": 64
      },
      {
        "hour": 21,
        "occupancyPercent": 0
      },
      {
        "hour": 22,
        "occupancyPercent": 0
      },
      {
        "hour": 23,
        "occupancyPercent": 0
      }
    ],
    "Sa": [
      {
        "hour": 6,
        "occupancyPercent": 0
      },
      {
        "hour": 7,
        "occupancyPercent": 0
      },
      {
        "hour": 8,
        "occupancyPercent": 0
      },
      {
        "hour": 9,
        "occupancyPercent": 0
      },
      {
        "hour": 10,
        "occupancyPercent": 0
      },
      {
        "hour": 11,
        "occupancyPercent": 0
      },
      {
        "hour": 12,
        "occupancyPercent": 0
      },
      {
        "hour": 13,
        "occupancyPercent": 0
      },
      {
        "hour": 14,
        "occupancyPercent": 0
      },
      {
        "hour": 15,
        "occupancyPercent": 0
      },
      {
        "hour": 16,
        "occupancyPercent": 67
      },
      {
        "hour": 17,
        "occupancyPercent": 85
      },
      {
        "hour": 18,
        "occupancyPercent": 85
      },
      {
        "hour": 19,
        "occupancyPercent": 71
      },
      {
        "hour": 20,
        "occupancyPercent": 42
      },
      {
        "hour": 21,
        "occupancyPercent": 0
      },
      {
        "hour": 22,
        "occupancyPercent": 0
      },
      {
        "hour": 23,
        "occupancyPercent": 0
      }
    ]
  },
  "openingHours": [
    {
      "day": "Tuesday,",
      "hours": "Closed"
    },
    {
      "day": "Wednesday,",
      "hours": "4:30 to 9PM"
    },
    {
      "day": "Thursday,",
      "hours": "4:30 to 9PM"
    },
    {
      "day": "Friday,",
      "hours": "4:30 to 9PM"
    },
    {
      "day": "Saturday,",
      "hours": "4:30 to 9PM"
    },
    {
      "day": "Sunday,",
      "hours": "4:30 to 9PM"
    },
    {
      "day": "Monday,",
      "hours": "Closed"
    }
  ],
  "additionalInfo": {
    "Service options": [
      {
        "Kerbside pickup": true
      },
      {
        "Delivery": true
      },
      {
        "Takeaway": true
      },
      {
        "Dine-in": true
      }
    ],
    "Dining options": [
      {
        "Dinner": true
      }
    ],
    "Amenities": [
      {
        "Good for kids": true
      }
    ],
    "Atmosphere": [
      {
        "Casual": true
      }
    ]
  },
  "reviewsCount": 39,
  "reviewsDistribution": {
    "oneStar": 0,
    "twoStar": 3,
    "threeStar": 0,
    "fourStar": 1,
    "fiveStar": 35
  },
  "reviews": [],
  "orderBy": []
}