{
  "title": "Boss Pizzeria",
  "subTitle": null,
  "price": "$$",
  "menu": null,
  "categoryName": "Pizza restaurant",
  "address": "25 Cookson St, Camberwell VIC 3124, Australia",
  "locatedIn": "Camberwell Shopping Precinct",
  "neighborhood": "25 Cookson St",
  "street": "25 Cookson St",
  "city": "Camberwell",
  "postalCode": "3124",
  "state": "Victoria",
  "countryCode": "AU",
  "plusCode": "53F5+GF Camberwell, Victoria, Australia",
  "website": "http://www.boss-pizzeria.com.au/",
  "phone": "+61 3 9813 1894",
  "temporarilyClosed": false,
  "location": {
    "lat": -37.826191,
    "lng": 145.0587168
  },
  "permanentlyClosed": false,
  "totalScore": 4.6,
  "isAdvertisement": false,
  "rank": 6,
  "placeId": "ChIJOTD3dXhB1moRRjVFEw3OCqw",
  "categories": [
    "Pizza restaurant"
  ],
  "cid": "12396947479843910982",
  "url": "https://www.google.com/maps/place/Boss+Pizzeria/@-37.826191,145.0587168,17z/data=!3m1!4b1!4m5!3m4!1s0x6ad6417875f73039:0xac0ace0d13453546!8m2!3d-37.8262319!4d145.058715?hl=en",
  "searchPageUrl": "https://www.google.com/maps/search/pizza/@-37.8413092,145.0389564,15z?hl=en",
  "searchString": "pizza",
  "scrapedAt": "2022-08-01T17:08:55.427Z",
  "openingHours": [
    {
      "day": "Tuesday,",
      "hours": "Closed"
    },
    {
      "day": "Wednesday,",
      "hours": "5:30 to 9PM"
    },
    {
      "day": "Thursday,",
      "hours": "5:30 to 9PM"
    },
    {
      "day": "Friday,",
      "hours": "5:30 to 10PM"
    },
    {
      "day": "Saturday,",
      "hours": "5:30 to 9PM"
    },
    {
      "day": "Sunday,",
      "hours": "5:30 to 9PM"
    },
    {
      "day": "Monday,",
      "hours": "Closed"
    }
  ],
  "additionalInfo": {
    "Service options": [
      {
        "Outdoor seating": true
      },
      {
        "Takeaway": true
      },
      {
        "Dine-in": true
      },
      {
        "Delivery": false
      }
    ],
    "Health and safety": [
      {
        "Reservations required": true
      }
    ],
    "Accessibility": [
      {
        "Wheelchair-accessible entrance": true
      }
    ],
    "Offerings": [
      {
        "Alcohol": true
      },
      {
        "Beer": true
      },
      {
        "Small plates": true
      },
      {
        "Vegetarian options": true
      },
      {
        "Wine": true
      }
    ],
    "Dining options": [
      {
        "Dinner": true
      },
      {
        "Dessert": true
      },
      {
        "Seating": true
      }
    ],
    "Amenities": [
      {
        "Gender-neutral toilets": true
      },
      {
        "Good for kids": true
      },
      {
        "High chairs": true
      },
      {
        "Toilets": true
      }
    ],
    "Crowd": [
      {
        "Family friendly": true
      }
    ],
    "Planning": [
      {
        "Accepts reservations": true
      }
    ],
    "Payments": [
      {
        "Debit cards": true
      },
      {
        "NFC mobile payments": true
      },
      {
        "Credit cards": true
      }
    ]
  },
  "reviewsCount": 174,
  "reviewsDistribution": {
    "oneStar": 8,
    "twoStar": 4,
    "threeStar": 2,
    "fourStar": 14,
    "fiveStar": 146
  },
  "reviews": [],
  "orderBy": []
}