{
  "title": "Petrino Woodfire Pizza",
  "subTitle": null,
  "price": null,
  "menu": null,
  "categoryName": "Pizza takeaway",
  "address": "280A Huntingdale Rd, Huntingdale VIC 3166, Australia",
  "locatedIn": null,
  "neighborhood": "280A Huntingdale Rd",
  "street": "280A Huntingdale Rd",
  "city": "Huntingdale",
  "postalCode": "3166",
  "state": "Victoria",
  "countryCode": "AU",
  "plusCode": "34R3+CJ Huntingdale, Victoria, Australia",
  "website": "https://petrinopizza.com/",
  "phone": "+61 3 9543 4422",
  "temporarilyClosed": false,
  "location": {
    "lat": -37.9089741,
    "lng": 145.104125
  },
  "permanentlyClosed": false,
  "totalScore": 4.6,
  "isAdvertisement": false,
  "rank": 20,
  "placeId": "ChIJYwXbavtr1moRhL_00CC_1Ak",
  "categories": [
    "Pizza takeaway",
    "Pizza delivery"
  ],
  "cid": "708401189069569924",
  "url": "https://www.google.com/maps/place/Petrino+Woodfire+Pizza/@-37.9089741,145.104125,17z/data=!3m1!4b1!4m5!3m4!1s0x6ad66bfb6adb0563:0x9d4bf20d0f4bf84!8m2!3d-37.9089741!4d145.104125?hl=en",
  "searchPageUrl": "https://www.google.com/maps/search/pizza/@-37.8959171,145.073845,15z?hl=en",
  "searchString": "pizza",
  "scrapedAt": "2022-08-01T17:08:44.982Z",
  "popularTimesLiveText": null,
  "popularTimesLivePercent": null,
  "popularTimesHistogram": {
    "Su": [
      {
        "hour": 6,
        "occupancyPercent": 0
      },
      {
        "hour": 7,
        "occupancyPercent": 0
      },
      {
        "hour": 8,
        "occupancyPercent": 0
      },
      {
        "hour": 9,
        "occupancyPercent": 0
      },
      {
        "hour": 10,
        "occupancyPercent": 0
      },
      {
        "hour": 11,
        "occupancyPercent": 0
      },
      {
        "hour": 12,
        "occupancyPercent": 0
      },
      {
        "hour": 13,
        "occupancyPercent": 0
      },
      {
        "hour": 14,
        "occupancyPercent": 0
      },
      {
        "hour": 15,
        "occupancyPercent": 13
      },
      {
        "hour": 16,
        "occupancyPercent": 37
      },
      {
        "hour": 17,
        "occupancyPercent": 72
      },
      {
        "hour": 18,
        "occupancyPercent": 100
      },
      {
        "hour": 19,
        "occupancyPercent": 95
      },
      {
        "hour": 20,
        "occupancyPercent": 63
      },
      {
        "hour": 21,
        "occupancyPercent": 29
      },
      {
        "hour": 22,
        "occupancyPercent": 0
      },
      {
        "hour": 23,
        "occupancyPercent": 0
      }
    ],
    "Mo": [],
    "Tu": [
      {
        "hour": 6,
        "occupancyPercent": 0
      },
      {
        "hour": 7,
        "occupancyPercent": 0
      },
      {
        "hour": 8,
        "occupancyPercent": 0
      },
      {
        "hour": 9,
        "occupancyPercent": 0
      },
      {
        "hour": 10,
        "occupancyPercent": 0
      },
      {
        "hour": 11,
        "occupancyPercent": 0
      },
      {
        "hour": 12,
        "occupancyPercent": 0
      },
      {
        "hour": 13,
        "occupancyPercent": 0
      },
      {
        "hour": 14,
        "occupancyPercent": 0
      },
      {
        "hour": 15,
        "occupancyPercent": 10
      },
      {
        "hour": 16,
        "occupancyPercent": 21
      },
      {
        "hour": 17,
        "occupancyPercent": 33
      },
      {
        "hour": 18,
        "occupancyPercent": 40
      },
      {
        "hour": 19,
        "occupancyPercent": 37
      },
      {
        "hour": 20,
        "occupancyPercent": 27
      },
      {
        "hour": 21,
        "occupancyPercent": 14
      },
      {
        "hour": 22,
        "occupancyPercent": 0
      },
      {
        "hour": 23,
        "occupancyPercent": 0
      }
    ],
    "We": [
      {
        "hour": 6,
        "occupancyPercent": 0
      },
      {
        "hour": 7,
        "occupancyPercent": 0
      },
      {
        "hour": 8,
        "occupancyPercent": 0
      },
      {
        "hour": 9,
        "occupancyPercent": 0
      },
      {
        "hour": 10,
        "occupancyPercent": 0
      },
      {
        "hour": 11,
        "occupancyPercent": 0
      },
      {
        "hour": 12,
        "occupancyPercent": 0
      },
      {
        "hour": 13,
        "occupancyPercent": 0
      },
      {
        "hour": 14,
        "occupancyPercent": 0
      },
      {
        "hour": 15,
        "occupancyPercent": 1
      },
      {
        "hour": 16,
        "occupancyPercent": 6
      },
      {
        "hour": 17,
        "occupancyPercent": 25
      },
      {
        "hour": 18,
        "occupancyPercent": 56
      },
      {
        "hour": 19,
        "occupancyPercent": 74
      },
      {
        "hour": 20,
        "occupancyPercent": 56
      },
      {
        "hour": 21,
        "occupancyPercent": 25
      },
      {
        "hour": 22,
        "occupancyPercent": 0
      },
      {
        "hour": 23,
        "occupancyPercent": 0
      }
    ],
    "Th": [
      {
        "hour": 6,
        "occupancyPercent": 0
      },
      {
        "hour": 7,
        "occupancyPercent": 0
      },
      {
        "hour": 8,
        "occupancyPercent": 0
      },
      {
        "hour": 9,
        "occupancyPercent": 0
      },
      {
        "hour": 10,
        "occupancyPercent": 0
      },
      {
        "hour": 11,
        "occupancyPercent": 0
      },
      {
        "hour": 12,
        "occupancyPercent": 0
      },
      {
        "hour": 13,
        "occupancyPercent": 0
      },
      {
        "hour": 14,
        "occupancyPercent": 0
      },
      {
        "hour": 15,
        "occupancyPercent": 5
      },
      {
        "hour": 16,
        "occupancyPercent": 14
      },
      {
        "hour": 17,
        "occupancyPercent": 22
      },
      {
        "hour": 18,
        "occupancyPercent": 18
      },
      {
        "hour": 19,
        "occupancyPercent": 27
      },
      {
        "hour": 20,
        "occupancyPercent": 56
      },
      {
        "hour": 21,
        "occupancyPercent": 24
      },
      {
        "hour": 22,
        "occupancyPercent": 0
      },
      {
        "hour": 23,
        "occupancyPercent": 0
      }
    ],
    "Fr": [
      {
        "hour": 6,
        "occupancyPercent": 0
      },
      {
        "hour": 7,
        "occupancyPercent": 0
      },
      {
        "hour": 8,
        "occupancyPercent": 0
      },
      {
        "hour": 9,
        "occupancyPercent": 0
      },
      {
        "hour": 10,
        "occupancyPercent": 0
      },
      {
        "hour": 11,
        "occupancyPercent": 0
      },
      {
        "hour": 12,
        "occupancyPercent": 0
      },
      {
        "hour": 13,
        "occupancyPercent": 0
      },
      {
        "hour": 14,
        "occupancyPercent": 0
      },
      {
        "hour": 15,
        "occupancyPercent": 10
      },
      {
        "hour": 16,
        "occupancyPercent": 22
      },
      {
        "hour": 17,
        "occupancyPercent": 47
      },
      {
        "hour": 18,
        "occupancyPercent": 71
      },
      {
        "hour": 19,
        "occupancyPercent": 72
      },
      {
        "hour": 20,
        "occupancyPercent": 50
      },
      {
        "hour": 21,
        "occupancyPercent": 21
      },
      {
        "hour": 22,
        "occupancyPercent": 6
      },
      {
        "hour": 23,
        "occupancyPercent": 0
      }
    ],
    "Sa": [
      {
        "hour": 6,
        "occupancyPercent": 0
      },
      {
        "hour": 7,
        "occupancyPercent": 0
      },
      {
        "hour": 8,
        "occupancyPercent": 0
      },
      {
        "hour": 9,
        "occupancyPercent": 0
      },
      {
        "hour": 10,
        "occupancyPercent": 0
      },
      {
        "hour": 11,
        "occupancyPercent": 0
      },
      {
        "hour": 12,
        "occupancyPercent": 0
      },
      {
        "hour": 13,
        "occupancyPercent": 0
      },
      {
        "hour": 14,
        "occupancyPercent": 0
      },
      {
        "hour": 15,
        "occupancyPercent": 16
      },
      {
        "hour": 16,
        "occupancyPercent": 36
      },
      {
        "hour": 17,
        "occupancyPercent": 64
      },
      {
        "hour": 18,
        "occupancyPercent": 82
      },
      {
        "hour": 19,
        "occupancyPercent": 77
      },
      {
        "hour": 20,
        "occupancyPercent": 51
      },
      {
        "hour": 21,
        "occupancyPercent": 25
      },
      {
        "hour": 22,
        "occupancyPercent": 10
      },
      {
        "hour": 23,
        "occupancyPercent": 0
      }
    ]
  },
  "openingHours": [
    {
      "day": "Tuesday,",
      "hours": "3:30 to 10PM"
    },
    {
      "day": "Wednesday,",
      "hours": "3:30 to 10PM"
    },
    {
      "day": "Thursday,",
      "hours": "3:30 to 10PM"
    },
    {
      "day": "Friday,",
      "hours": "3:30 to 10:30PM"
    },
    {
      "day": "Saturday,",
      "hours": "3:30 to 10:30PM"
    },
    {
      "day": "Sunday,",
      "hours": "3:30 to 10PM"
    },
    {
      "day": "Monday,",
      "hours": "Closed"
    }
  ],
  "additionalInfo": {
    "Service options": [
      {
        "Outdoor seating": true
      },
      {
        "No-contact delivery": true
      },
      {
        "Delivery": true
      },
      {
        "Takeaway": true
      },
      {
        "Dine-in": true
      }
    ],
    "Health and safety": [
      {
        "Staff wear masks": true
      },
      {
        "Staff required to disinfect surfaces between visits": true
      }
    ],
    "Offerings": [
      {
        "Vegetarian options": true
      }
    ],
    "Dining options": [
      {
        "Dinner": true
      },
      {
        "Dessert": true
      },
      {
        "Seating": true
      }
    ],
    "Amenities": [
      {
        "Good for kids": true
      }
    ],
    "Atmosphere": [
      {
        "Casual": true
      }
    ],
    "Payments": [
      {
        "NFC mobile payments": true
      }
    ]
  },
  "reviewsCount": 123,
  "reviewsDistribution": {
    "oneStar": 6,
    "twoStar": 5,
    "threeStar": 0,
    "fourStar": 8,
    "fiveStar": 104
  },
  "reviews": [],
  "orderBy": [
    {
      "name": "orderup.com.au",
      "url": "https://petrinowoodfirepizza.orderup.com.au/"
    },
    {
      "name": "menulog.com.au",
      "url": "https://www.menulog.com.au/restaurants-petrino-woodfire-pizza/menu?utm_source=google&utm_medium=organic&utm_campaign=orderaction"
    }
  ]
}