{
  "title": "Ronaldo's Pizza",
  "subTitle": null,
  "price": null,
  "menu": null,
  "categoryName": "Pizza restaurant",
  "address": "28 Rochdale Square, Lalor VIC 3075, Australia",
  "locatedIn": null,
  "neighborhood": "28 Rochdale Square",
  "street": "28 Rochdale Square",
  "city": "Lalor",
  "postalCode": "3075",
  "state": "Victoria",
  "countryCode": "AU",
  "plusCode": "82MC+CC Lalor, Victoria, Australia",
  "website": null,
  "phone": "+61 423 395 010",
  "temporarilyClosed": false,
  "location": {
    "lat": -37.6664888,
    "lng": 145.0210703
  },
  "permanentlyClosed": true,
  "totalScore": 4.1,
  "isAdvertisement": false,
  "rank": 17,
  "placeId": "ChIJtz_2pelC1moRjp2ajE94LEk",
  "categories": [
    "Pizza restaurant",
    "European restaurant",
    "Fish & chips restaurant",
    "Italian restaurant"
  ],
  "cid": "5272721546800700814",
  "url": "https://www.google.com/maps/place/Ronaldo's+Pizza/@-37.6664888,145.0210703,17z/data=!3m1!4b1!4m5!3m4!1s0x6ad642e9a5f63fb7:0x492c784f8c9a9d8e!8m2!3d-37.6664888!4d145.0210703?hl=en",
  "searchPageUrl": "https://www.google.com/maps/search/28+pizza/@-37.5682698,145.0040678,15z?hl=en",
  "searchString": "28 pizza",
  "scrapedAt": "2022-08-04T12:25:33.754Z",
  "openingHours": [
    {
      "day": "Thursday,",
      "hours": "5 to 8PM"
    },
    {
      "day": "Friday,",
      "hours": "5 to 9PM"
    },
    {
      "day": "Saturday,",
      "hours": "5 to 9PM"
    },
    {
      "day": "Sunday,",
      "hours": "5 to 8PM"
    },
    {
      "day": "Monday,",
      "hours": "Closed"
    },
    {
      "day": "Tuesday,",
      "hours": "5 to 8PM"
    },
    {
      "day": "Wednesday,",
      "hours": "5 to 8PM"
    }
  ],
  "additionalInfo": {
    "Service options": [
      {
        "Delivery": true
      },
      {
        "Takeaway": true
      },
      {
        "Dine-in": true
      }
    ],
    "Dining options": [
      {
        "Dessert": true
      }
    ],
    "Amenities": [
      {
        "Good for kids": true
      }
    ]
  },
  "reviewsCount": 17,
  "reviewsDistribution": {
    "oneStar": 3,
    "twoStar": 1,
    "threeStar": 0,
    "fourStar": 1,
    "fiveStar": 12
  },
  "reviews": [],
  "orderBy": []
}