{
  "title": "Johnny Boys Pizza Mulgrave",
  "subTitle": null,
  "price": "$",
  "menu": null,
  "categoryName": "Pizza restaurant",
  "address": "Waverley Gardens Shopping Centre, Shop 13, 271 Police Rd, Mulgrave VIC 3170, Australia",
  "locatedIn": "Floor G · Waverley Gardens Shopping Centre",
  "neighborhood": "Waverley Gardens Shopping Centre, Shop 13, 271 Police Rd",
  "street": "Waverley Gardens Shopping Centre, Shop 13, 271 Police Rd",
  "city": "Mulgrave",
  "postalCode": "3170",
  "state": "VIC",
  "countryCode": "AU",
  "plusCode": "357R+G2 Mulgrave, Victoria, Australia",
  "website": "https://mulgrave.johnnyboys.pizza/",
  "phone": "+61 3 9574 1010      phone6",
  "temporarilyClosed": false,
  "location": {
    "lat": -37.93614,
    "lng": 145.1901035
  },
  "permanentlyClosed": false,
  "totalScore": 4,
  "isAdvertisement": false,
  "rank": 10,
  "placeId": "ChIJ6-W9dK8V1moRVkCvvv56CpU",
  "categories": [
    "Pizza restaurant",
    "Fast food restaurant",
    "Meal delivery",
    "Pizza takeaway"
  ],
  "cid": "10739531495957807190",
  "url": "https://www.google.com/maps/place/Johnny+Boys+Pizza+Mulgrave/@-37.93614,145.1901035,17z/data=!3m1!4b1!4m5!3m4!1s0x6ad615af74bde5eb:0x950a7afebeaf4056!8m2!3d-37.93614!4d145.1901035?hl=en",
  "searchPageUrl": "https://www.google.com/maps/search/pizza/@-37.950525,145.1785107,15z?hl=en",
  "searchString": "pizza",
  "scrapedAt": "2022-08-01T17:09:39.153Z",
  "popularTimesLiveText": null,
  "popularTimesLivePercent": null,
  "popularTimesHistogram": {
    "Su": [
      {
        "hour": 6,
        "occupancyPercent": 0
      },
      {
        "hour": 7,
        "occupancyPercent": 0
      },
      {
        "hour": 8,
        "occupancyPercent": 0
      },
      {
        "hour": 9,
        "occupancyPercent": 8
      },
      {
        "hour": 10,
        "occupancyPercent": 33
      },
      {
        "hour": 11,
        "occupancyPercent": 59
      },
      {
        "hour": 12,
        "occupancyPercent": 69
      },
      {
        "hour": 13,
        "occupancyPercent": 73
      },
      {
        "hour": 14,
        "occupancyPercent": 80
      },
      {
        "hour": 15,
        "occupancyPercent": 80
      },
      {
        "hour": 16,
        "occupancyPercent": 68
      },
      {
        "hour": 17,
        "occupancyPercent": 51
      },
      {
        "hour": 18,
        "occupancyPercent": 37
      },
      {
        "hour": 19,
        "occupancyPercent": 26
      },
      {
        "hour": 20,
        "occupancyPercent": 17
      },
      {
        "hour": 21,
        "occupancyPercent": 9
      },
      {
        "hour": 22,
        "occupancyPercent": 3
      },
      {
        "hour": 23,
        "occupancyPercent": 0
      }
    ],
    "Mo": [
      {
        "hour": 6,
        "occupancyPercent": 0
      },
      {
        "hour": 7,
        "occupancyPercent": 0
      },
      {
        "hour": 8,
        "occupancyPercent": 0
      },
      {
        "hour": 9,
        "occupancyPercent": 16
      },
      {
        "hour": 10,
        "occupancyPercent": 34
      },
      {
        "hour": 11,
        "occupancyPercent": 53
      },
      {
        "hour": 12,
        "occupancyPercent": 66
      },
      {
        "hour": 13,
        "occupancyPercent": 70
      },
      {
        "hour": 14,
        "occupancyPercent": 65
      },
      {
        "hour": 15,
        "occupancyPercent": 56
      },
      {
        "hour": 16,
        "occupancyPercent": 49
      },
      {
        "hour": 17,
        "occupancyPercent": 42
      },
      {
        "hour": 18,
        "occupancyPercent": 34
      },
      {
        "hour": 19,
        "occupancyPercent": 26
      },
      {
        "hour": 20,
        "occupancyPercent": 16
      },
      {
        "hour": 21,
        "occupancyPercent": 8
      },
      {
        "hour": 22,
        "occupancyPercent": 1
      },
      {
        "hour": 23,
        "occupancyPercent": 0
      }
    ],
    "Tu": [
      {
        "hour": 6,
        "occupancyPercent": 0
      },
      {
        "hour": 7,
        "occupancyPercent": 0
      },
      {
        "hour": 8,
        "occupancyPercent": 0
      },
      {
        "hour": 9,
        "occupancyPercent": 19
      },
      {
        "hour": 10,
        "occupancyPercent": 36
      },
      {
        "hour": 11,
        "occupancyPercent": 49
      },
      {
        "hour": 12,
        "occupancyPercent": 56
      },
      {
        "hour": 13,
        "occupancyPercent": 59
      },
      {
        "hour": 14,
        "occupancyPercent": 59
      },
      {
        "hour": 15,
        "occupancyPercent": 56
      },
      {
        "hour": 16,
        "occupancyPercent": 50
      },
      {
        "hour": 17,
        "occupancyPercent": 40
      },
      {
        "hour": 18,
        "occupancyPercent": 31
      },
      {
        "hour": 19,
        "occupancyPercent": 21
      },
      {
        "hour": 20,
        "occupancyPercent": 14
      },
      {
        "hour": 21,
        "occupancyPercent": 7
      },
      {
        "hour": 22,
        "occupancyPercent": 2
      },
      {
        "hour": 23,
        "occupancyPercent": 0
      }
    ],
    "We": [
      {
        "hour": 6,
        "occupancyPercent": 0
      },
      {
        "hour": 7,
        "occupancyPercent": 0
      },
      {
        "hour": 8,
        "occupancyPercent": 0
      },
      {
        "hour": 9,
        "occupancyPercent": 19
      },
      {
        "hour": 10,
        "occupancyPercent": 46
      },
      {
        "hour": 11,
        "occupancyPercent": 72
      },
      {
        "hour": 12,
        "occupancyPercent": 80
      },
      {
        "hour": 13,
        "occupancyPercent": 70
      },
      {
        "hour": 14,
        "occupancyPercent": 64
      },
      {
        "hour": 15,
        "occupancyPercent": 71
      },
      {
        "hour": 16,
        "occupancyPercent": 69
      },
      {
        "hour": 17,
        "occupancyPercent": 45
      },
      {
        "hour": 18,
        "occupancyPercent": 24
      },
      {
        "hour": 19,
        "occupancyPercent": 18
      },
      {
        "hour": 20,
        "occupancyPercent": 16
      },
      {
        "hour": 21,
        "occupancyPercent": 10
      },
      {
        "hour": 22,
        "occupancyPercent": 1
      },
      {
        "hour": 23,
        "occupancyPercent": 0
      }
    ],
    "Th": [
      {
        "hour": 6,
        "occupancyPercent": 0
      },
      {
        "hour": 7,
        "occupancyPercent": 0
      },
      {
        "hour": 8,
        "occupancyPercent": 0
      },
      {
        "hour": 9,
        "occupancyPercent": 21
      },
      {
        "hour": 10,
        "occupancyPercent": 43
      },
      {
        "hour": 11,
        "occupancyPercent": 60
      },
      {
        "hour": 12,
        "occupancyPercent": 66
      },
      {
        "hour": 13,
        "occupancyPercent": 71
      },
      {
        "hour": 14,
        "occupancyPercent": 78
      },
      {
        "hour": 15,
        "occupancyPercent": 83
      },
      {
        "hour": 16,
        "occupancyPercent": 79
      },
      {
        "hour": 17,
        "occupancyPercent": 68
      },
      {
        "hour": 18,
        "occupancyPercent": 54
      },
      {
        "hour": 19,
        "occupancyPercent": 39
      },
      {
        "hour": 20,
        "occupancyPercent": 26
      },
      {
        "hour": 21,
        "occupancyPercent": 15
      },
      {
        "hour": 22,
        "occupancyPercent": 6
      },
      {
        "hour": 23,
        "occupancyPercent": 0
      }
    ],
    "Fr": [
      {
        "hour": 6,
        "occupancyPercent": 0
      },
      {
        "hour": 7,
        "occupancyPercent": 0
      },
      {
        "hour": 8,
        "occupancyPercent": 0
      },
      {
        "hour": 9,
        "occupancyPercent": 19
      },
      {
        "hour": 10,
        "occupancyPercent": 45
      },
      {
        "hour": 11,
        "occupancyPercent": 67
      },
      {
        "hour": 12,
        "occupancyPercent": 73
      },
      {
        "hour": 13,
        "occupancyPercent": 69
      },
      {
        "hour": 14,
        "occupancyPercent": 70
      },
      {
        "hour": 15,
        "occupancyPercent": 77
      },
      {
        "hour": 16,
        "occupancyPercent": 78
      },
      {
        "hour": 17,
        "occupancyPercent": 70
      },
      {
        "hour": 18,
        "occupancyPercent": 58
      },
      {
        "hour": 19,
        "occupancyPercent": 45
      },
      {
        "hour": 20,
        "occupancyPercent": 31
      },
      {
        "hour": 21,
        "occupancyPercent": 19
      },
      {
        "hour": 22,
        "occupancyPercent": 8
      },
      {
        "hour": 23,
        "occupancyPercent": 0
      }
    ],
    "Sa": [
      {
        "hour": 6,
        "occupancyPercent": 0
      },
      {
        "hour": 7,
        "occupancyPercent": 0
      },
      {
        "hour": 8,
        "occupancyPercent": 0
      },
      {
        "hour": 9,
        "occupancyPercent": 25
      },
      {
        "hour": 10,
        "occupancyPercent": 59
      },
      {
        "hour": 11,
        "occupancyPercent": 88
      },
      {
        "hour": 12,
        "occupancyPercent": 99
      },
      {
        "hour": 13,
        "occupancyPercent": 100
      },
      {
        "hour": 14,
        "occupancyPercent": 99
      },
      {
        "hour": 15,
        "occupancyPercent": 92
      },
      {
        "hour": 16,
        "occupancyPercent": 75
      },
      {
        "hour": 17,
        "occupancyPercent": 54
      },
      {
        "hour": 18,
        "occupancyPercent": 38
      },
      {
        "hour": 19,
        "occupancyPercent": 28
      },
      {
        "hour": 20,
        "occupancyPercent": 22
      },
      {
        "hour": 21,
        "occupancyPercent": 17
      },
      {
        "hour": 22,
        "occupancyPercent": 10
      },
      {
        "hour": 23,
        "occupancyPercent": 4
      }
    ]
  },
  "openingHours": [
    {
      "day": "Tuesday,",
      "hours": "9AM to 11PM"
    },
    {
      "day": "Wednesday,",
      "hours": "9AM to 11PM"
    },
    {
      "day": "Thursday,",
      "hours": "9AM to 11PM"
    },
    {
      "day": "Friday,",
      "hours": "9AM to 12AM"
    },
    {
      "day": "Saturday,",
      "hours": "9AM to 12AM"
    },
    {
      "day": "Sunday,",
      "hours": "9AM to 11PM"
    },
    {
      "day": "Monday,",
      "hours": "9AM to 11PM"
    }
  ],
  "additionalInfo": {
    "Service options": [
      {
        "No-contact delivery": true
      },
      {
        "Delivery": true
      },
      {
        "Takeaway": true
      },
      {
        "Dine-in": true
      }
    ],
    "Highlights": [
      {
        "Fast service": true
      }
    ],
    "Accessibility": [
      {
        "Wheelchair-accessible car park": true
      },
      {
        "Wheelchair-accessible entrance": true
      },
      {
        "Wheelchair-accessible seating": true
      }
    ],
    "Offerings": [
      {
        "Kids' menu": true
      },
      {
        "Late-night food": true
      },
      {
        "Quick bite": true
      }
    ],
    "Dining options": [
      {
        "Lunch": true
      },
      {
        "Dinner": true
      },
      {
        "Dessert": true
      }
    ],
    "Amenities": [
      {
        "Good for kids": true
      }
    ],
    "Atmosphere": [
      {
        "Casual": true
      }
    ],
    "Payments": [
      {
        "NFC mobile payments": true
      }
    ]
  },
  "reviewsCount": 405,
  "reviewsDistribution": {
    "oneStar": 52,
    "twoStar": 14,
    "threeStar": 38,
    "fourStar": 95,
    "fiveStar": 206
  },
  "reviews": [],
  "orderBy": [
    {
      "name": "johnnyboys.pizza",
      "url": "https://mulgrave.johnnyboys.pizza/"
    },
    {
      "name": "doordash.com",
      "url": "https://www.doordash.com/en-AU/store/johnny-boys-pizza-mulgrave-673677/?utm_campaign=gpa"
    },
    {
      "name": "menulog.com.au",
      "url": "https://www.menulog.com.au/restaurants-johnny-boys-pizza-pasta-mulgrave/menu?utm_source=google&utm_medium=organic&utm_campaign=orderaction"
    }
  ]
}