{
  "title": "Daddas Pizza & Kebab Melbourne",
  "subTitle": null,
  "price": null,
  "menu": null,
  "categoryName": "Pizza restaurant",
  "address": "369 King St, West Melbourne VIC 3003, Australia",
  "locatedIn": null,
  "neighborhood": "369 King St",
  "street": "369 King St",
  "city": "West Melbourne",
  "postalCode": "3003",
  "state": "Victoria",
  "countryCode": "AU",
  "plusCode": "5XQ3+79 West Melbourne, Victoria, Australia",
  "website": null,
  "phone": "+61 3 9329 7777",
  "temporarilyClosed": false,
  "location": {
    "lat": -37.811839,
    "lng": 144.953412
  },
  "permanentlyClosed": true,
  "totalScore": null,
  "isAdvertisement": false,
  "rank": 3,
  "placeId": "ChIJSfgqqEld1moRNWzqXe4Vq7A",
  "categories": [
    "Pizza restaurant",
    "Fast food restaurant",
    "Food and drink",
    "Italian restaurant",
    "Takeout restaurant",
    "Pizza delivery",
    "Pizza takeaway",
    "Turkish restaurant"
  ],
  "cid": "12730292885214882869",
  "url": "https://www.google.com/maps/place/Daddas+Pizza+%26+Kebab+Melbourne/@-37.811839,144.953412,17z/data=!3m1!4b1!4m5!3m4!1s0x6ad65d49a82af849:0xb0ab15ee5dea6c35!8m2!3d-37.811839!4d144.953412?hl=en",
  "searchPageUrl": "https://www.google.com/maps/search/dh+pizza/@-37.8140053,144.9691792,15z?hl=en",
  "searchString": "dh pizza",
  "scrapedAt": "2022-08-02T00:17:48.424Z",
  "openingHours": [
    {
      "day": "Tuesday,",
      "hours": "11:30AM to 10PM"
    },
    {
      "day": "Wednesday,",
      "hours": "11:30AM to 10PM"
    },
    {
      "day": "Thursday,",
      "hours": "11:30AM to 10PM"
    },
    {
      "day": "Friday,",
      "hours": "11:30AM to 10PM"
    },
    {
      "day": "Saturday,",
      "hours": "5 to 11PM"
    },
    {
      "day": "Sunday,",
      "hours": "Closed"
    },
    {
      "day": "Monday,",
      "hours": "11:30AM to 10PM"
    }
  ],
  "additionalInfo": {
    "Service options": [
      {
        "Dine-in": true
      }
    ],
    "Dining options": [
      {
        "Lunch": true
      },
      {
        "Dinner": true
      }
    ],
    "Atmosphere": [
      {
        "Casual": true
      }
    ]
  },
  "reviewsCount": 0,
  "reviewsDistribution": {
    "oneStar": 0,
    "twoStar": 0,
    "threeStar": 0,
    "fourStar": 0,
    "fiveStar": 0
  },
  "reviews": [],
  "orderBy": []
}