{
  "title": "Pizza Porchetto",
  "subTitle": null,
  "price": null,
  "menu": null,
  "categoryName": "Pizza takeaway",
  "address": "16 Lurline St, Cranbourne VIC 3977, Australia",
  "locatedIn": null,
  "neighborhood": "16 Lurline St",
  "street": "16 Lurline St",
  "city": "Cranbourne",
  "postalCode": "3977",
  "state": "Victoria",
  "countryCode": "AU",
  "plusCode": "V7QG+C2 Cranbourne, Victoria, Australia",
  "website": "http://www.pizzaporchetto.com.au/",
  "phone": "+61 3 5996 6344",
  "temporarilyClosed": false,
  "location": {
    "lat": -38.1114032,
    "lng": 145.2750438
  },
  "permanentlyClosed": false,
  "totalScore": 4.4,
  "isAdvertisement": false,
  "rank": 5,
  "placeId": "ChIJb4r-zbMP1moRMwO1UGQ9jEo",
  "categories": [
    "Pizza takeaway"
  ],
  "cid": "5371735956606223155",
  "url": "https://www.google.com/maps/place/Pizza+Porchetto/@-38.1114032,145.2750438,17z/data=!3m1!4b1!4m5!3m4!1s0x6ad60fb3cdfe8a6f:0x4a8c3d6450b50333!8m2!3d-38.1114032!4d145.2750438?hl=en",
  "searchPageUrl": "https://www.google.com/maps/search/pizza/@-38.0597408,145.2133993,15z?hl=en",
  "searchString": "pizza",
  "scrapedAt": "2022-08-01T17:09:29.058Z",
  "popularTimesLiveText": null,
  "popularTimesLivePercent": null,
  "popularTimesHistogram": {
    "Su": [
      {
        "hour": 6,
        "occupancyPercent": 0
      },
      {
        "hour": 7,
        "occupancyPercent": 0
      },
      {
        "hour": 8,
        "occupancyPercent": 0
      },
      {
        "hour": 9,
        "occupancyPercent": 0
      },
      {
        "hour": 10,
        "occupancyPercent": 0
      },
      {
        "hour": 11,
        "occupancyPercent": 0
      },
      {
        "hour": 12,
        "occupancyPercent": 0
      },
      {
        "hour": 13,
        "occupancyPercent": 0
      },
      {
        "hour": 14,
        "occupancyPercent": 0
      },
      {
        "hour": 15,
        "occupancyPercent": 0
      },
      {
        "hour": 16,
        "occupancyPercent": 0
      },
      {
        "hour": 17,
        "occupancyPercent": 29
      },
      {
        "hour": 18,
        "occupancyPercent": 59
      },
      {
        "hour": 19,
        "occupancyPercent": 21
      },
      {
        "hour": 20,
        "occupancyPercent": 20
      },
      {
        "hour": 21,
        "occupancyPercent": 9
      },
      {
        "hour": 22,
        "occupancyPercent": 0
      },
      {
        "hour": 23,
        "occupancyPercent": 0
      }
    ],
    "Mo": [
      {
        "hour": 6,
        "occupancyPercent": 0
      },
      {
        "hour": 7,
        "occupancyPercent": 0
      },
      {
        "hour": 8,
        "occupancyPercent": 0
      },
      {
        "hour": 9,
        "occupancyPercent": 0
      },
      {
        "hour": 10,
        "occupancyPercent": 0
      },
      {
        "hour": 11,
        "occupancyPercent": 0
      },
      {
        "hour": 12,
        "occupancyPercent": 0
      },
      {
        "hour": 13,
        "occupancyPercent": 0
      },
      {
        "hour": 14,
        "occupancyPercent": 0
      },
      {
        "hour": 15,
        "occupancyPercent": 0
      },
      {
        "hour": 16,
        "occupancyPercent": 0
      },
      {
        "hour": 17,
        "occupancyPercent": 32
      },
      {
        "hour": 18,
        "occupancyPercent": 37
      },
      {
        "hour": 19,
        "occupancyPercent": 21
      },
      {
        "hour": 20,
        "occupancyPercent": 6
      },
      {
        "hour": 21,
        "occupancyPercent": 0
      },
      {
        "hour": 22,
        "occupancyPercent": 0
      },
      {
        "hour": 23,
        "occupancyPercent": 0
      }
    ],
    "Tu": [
      {
        "hour": 6,
        "occupancyPercent": 0
      },
      {
        "hour": 7,
        "occupancyPercent": 0
      },
      {
        "hour": 8,
        "occupancyPercent": 0
      },
      {
        "hour": 9,
        "occupancyPercent": 0
      },
      {
        "hour": 10,
        "occupancyPercent": 0
      },
      {
        "hour": 11,
        "occupancyPercent": 0
      },
      {
        "hour": 12,
        "occupancyPercent": 0
      },
      {
        "hour": 13,
        "occupancyPercent": 0
      },
      {
        "hour": 14,
        "occupancyPercent": 0
      },
      {
        "hour": 15,
        "occupancyPercent": 0
      },
      {
        "hour": 16,
        "occupancyPercent": 0
      },
      {
        "hour": 17,
        "occupancyPercent": 8
      },
      {
        "hour": 18,
        "occupancyPercent": 24
      },
      {
        "hour": 19,
        "occupancyPercent": 29
      },
      {
        "hour": 20,
        "occupancyPercent": 14
      },
      {
        "hour": 21,
        "occupancyPercent": 2
      },
      {
        "hour": 22,
        "occupancyPercent": 0
      },
      {
        "hour": 23,
        "occupancyPercent": 0
      }
    ],
    "We": [
      {
        "hour": 6,
        "occupancyPercent": 0
      },
      {
        "hour": 7,
        "occupancyPercent": 0
      },
      {
        "hour": 8,
        "occupancyPercent": 0
      },
      {
        "hour": 9,
        "occupancyPercent": 0
      },
      {
        "hour": 10,
        "occupancyPercent": 0
      },
      {
        "hour": 11,
        "occupancyPercent": 0
      },
      {
        "hour": 12,
        "occupancyPercent": 0
      },
      {
        "hour": 13,
        "occupancyPercent": 0
      },
      {
        "hour": 14,
        "occupancyPercent": 0
      },
      {
        "hour": 15,
        "occupancyPercent": 0
      },
      {
        "hour": 16,
        "occupancyPercent": 0
      },
      {
        "hour": 17,
        "occupancyPercent": 34
      },
      {
        "hour": 18,
        "occupancyPercent": 51
      },
      {
        "hour": 19,
        "occupancyPercent": 39
      },
      {
        "hour": 20,
        "occupancyPercent": 15
      },
      {
        "hour": 21,
        "occupancyPercent": 2
      },
      {
        "hour": 22,
        "occupancyPercent": 0
      },
      {
        "hour": 23,
        "occupancyPercent": 0
      }
    ],
    "Th": [
      {
        "hour": 6,
        "occupancyPercent": 0
      },
      {
        "hour": 7,
        "occupancyPercent": 0
      },
      {
        "hour": 8,
        "occupancyPercent": 0
      },
      {
        "hour": 9,
        "occupancyPercent": 0
      },
      {
        "hour": 10,
        "occupancyPercent": 0
      },
      {
        "hour": 11,
        "occupancyPercent": 0
      },
      {
        "hour": 12,
        "occupancyPercent": 0
      },
      {
        "hour": 13,
        "occupancyPercent": 0
      },
      {
        "hour": 14,
        "occupancyPercent": 0
      },
      {
        "hour": 15,
        "occupancyPercent": 0
      },
      {
        "hour": 16,
        "occupancyPercent": 0
      },
      {
        "hour": 17,
        "occupancyPercent": 17
      },
      {
        "hour": 18,
        "occupancyPercent": 45
      },
      {
        "hour": 19,
        "occupancyPercent": 52
      },
      {
        "hour": 20,
        "occupancyPercent": 28
      },
      {
        "hour": 21,
        "occupancyPercent": 6
      },
      {
        "hour": 22,
        "occupancyPercent": 0
      },
      {
        "hour": 23,
        "occupancyPercent": 0
      }
    ],
    "Fr": [
      {
        "hour": 6,
        "occupancyPercent": 0
      },
      {
        "hour": 7,
        "occupancyPercent": 0
      },
      {
        "hour": 8,
        "occupancyPercent": 0
      },
      {
        "hour": 9,
        "occupancyPercent": 0
      },
      {
        "hour": 10,
        "occupancyPercent": 0
      },
      {
        "hour": 11,
        "occupancyPercent": 0
      },
      {
        "hour": 12,
        "occupancyPercent": 2
      },
      {
        "hour": 13,
        "occupancyPercent": 3
      },
      {
        "hour": 14,
        "occupancyPercent": 4
      },
      {
        "hour": 15,
        "occupancyPercent": 5
      },
      {
        "hour": 16,
        "occupancyPercent": 13
      },
      {
        "hour": 17,
        "occupancyPercent": 51
      },
      {
        "hour": 18,
        "occupancyPercent": 100
      },
      {
        "hour": 19,
        "occupancyPercent": 87
      },
      {
        "hour": 20,
        "occupancyPercent": 44
      },
      {
        "hour": 21,
        "occupancyPercent": 12
      },
      {
        "hour": 22,
        "occupancyPercent": 0
      },
      {
        "hour": 23,
        "occupancyPercent": 0
      }
    ],
    "Sa": [
      {
        "hour": 6,
        "occupancyPercent": 0
      },
      {
        "hour": 7,
        "occupancyPercent": 0
      },
      {
        "hour": 8,
        "occupancyPercent": 0
      },
      {
        "hour": 9,
        "occupancyPercent": 0
      },
      {
        "hour": 10,
        "occupancyPercent": 0
      },
      {
        "hour": 11,
        "occupancyPercent": 0
      },
      {
        "hour": 12,
        "occupancyPercent": 7
      },
      {
        "hour": 13,
        "occupancyPercent": 12
      },
      {
        "hour": 14,
        "occupancyPercent": 9
      },
      {
        "hour": 15,
        "occupancyPercent": 10
      },
      {
        "hour": 16,
        "occupancyPercent": 24
      },
      {
        "hour": 17,
        "occupancyPercent": 48
      },
      {
        "hour": 18,
        "occupancyPercent": 61
      },
      {
        "hour": 19,
        "occupancyPercent": 51
      },
      {
        "hour": 20,
        "occupancyPercent": 28
      },
      {
        "hour": 21,
        "occupancyPercent": 9
      },
      {
        "hour": 22,
        "occupancyPercent": 0
      },
      {
        "hour": 23,
        "occupancyPercent": 0
      }
    ]
  },
  "openingHours": [
    {
      "day": "Tuesday,",
      "hours": "5 to 9:30PM"
    },
    {
      "day": "Wednesday,",
      "hours": "5 to 9:30PM"
    },
    {
      "day": "Thursday,",
      "hours": "5 to 9:30PM"
    },
    {
      "day": "Friday,",
      "hours": "12 to 10PM"
    },
    {
      "day": "Saturday,",
      "hours": "12 to 10PM"
    },
    {
      "day": "Sunday,",
      "hours": "5 to 9:30PM"
    },
    {
      "day": "Monday,",
      "hours": "5 to 8:30PM"
    }
  ],
  "additionalInfo": {
    "Service options": [
      {
        "No-contact delivery": true
      },
      {
        "Delivery": true
      },
      {
        "Takeaway": true
      }
    ],
    "Accessibility": [
      {
        "Wheelchair-accessible car park": true
      },
      {
        "Wheelchair-accessible seating": false
      }
    ],
    "Offerings": [
      {
        "Healthy options": true
      },
      {
        "Kids' menu": true
      },
      {
        "Late-night food": true
      }
    ],
    "Dining options": [
      {
        "Dinner": true
      },
      {
        "Dessert": true
      }
    ],
    "Amenities": [
      {
        "Good for kids": true
      }
    ],
    "Atmosphere": [
      {
        "Casual": true
      }
    ],
    "Payments": [
      {
        "NFC mobile payments": true
      }
    ]
  },
  "reviewsCount": 205,
  "reviewsDistribution": {
    "oneStar": 19,
    "twoStar": 3,
    "threeStar": 9,
    "fourStar": 24,
    "fiveStar": 150
  },
  "reviews": [],
  "orderBy": [
    {
      "name": "pizzaporchetto.com.au",
      "url": "http://www.pizzaporchetto.com.au/"
    },
    {
      "name": "menulog.com.au",
      "url": "https://www.menulog.com.au/restaurants-pizza-porchetto/menu?utm_source=google&utm_medium=organic&utm_campaign=orderaction"
    },
    {
      "name": "doordash.com",
      "url": "https://www.doordash.com/en-AU/store/il-porchetto-pizza-cranbourne-673286/?utm_campaign=gpa"
    },
    {
      "name": "deliveroo.com.au",
      "url": "https://deliveroo.com.au/menu/melbourne/cranbourne/pizza-porchetto?utm_medium=affiliate&utm_source=google_maps_link"
    }
  ]
}