{
  "title": "YorPizza & Meals",
  "subTitle": null,
  "price": null,
  "menu": null,
  "categoryName": "Pizza restaurant",
  "address": "338A Williamstown Rd, Yarraville VIC 3013, Australia",
  "locatedIn": null,
  "neighborhood": "338A Williamstown Rd",
  "street": "338A Williamstown Rd",
  "city": "Yarraville",
  "postalCode": "3013",
  "state": "Victoria",
  "countryCode": "AU",
  "plusCode": "5VHJ+QP Yarraville, Victoria, Australia",
  "website": "https://yorpizza.com.au/",
  "phone": "+61 3 9314 5450",
  "temporarilyClosed": false,
  "location": {
    "lat": -37.8205393,
    "lng": 144.8817779
  },
  "permanentlyClosed": true,
  "totalScore": 4.9,
  "isAdvertisement": false,
  "rank": 2,
  "placeId": "ChIJm__pcYVn1moRc4q-T-2Bun0",
  "categories": [
    "Pizza restaurant",
    "Meal delivery"
  ],
  "cid": "9059696456654293619",
  "url": "https://www.google.com/maps/place/YorPizza+%26+Meals/@-37.8205393,144.8817779,17z/data=!3m1!4b1!4m5!3m4!1s0x6ad6678571e9ff9b:0x7dba81ed4fbe8a73!8m2!3d-37.8205393!4d144.8817779?hl=en",
  "searchPageUrl": "https://www.google.com/maps/search/yk+pizza/@-37.8413092,144.7947364,15z?hl=en",
  "searchString": "yk pizza",
  "scrapedAt": "2022-08-04T02:08:37.107Z",
  "openingHours": [
    {
      "day": "Thursday,",
      "hours": "5 to 9PM"
    },
    {
      "day": "Friday,",
      "hours": "5 to 10PM"
    },
    {
      "day": "Saturday,",
      "hours": "5 to 10PM"
    },
    {
      "day": "Sunday,",
      "hours": "5 to 9PM"
    },
    {
      "day": "Monday,",
      "hours": "Closed"
    },
    {
      "day": "Tuesday,",
      "hours": "5 to 9PM"
    },
    {
      "day": "Wednesday,",
      "hours": "5 to 9PM"
    }
  ],
  "additionalInfo": {
    "From the business": [
      {
        "Identifies as women-owned": true
      }
    ],
    "Service options": [
      {
        "Kerbside pickup": true
      },
      {
        "No-contact delivery": true
      },
      {
        "Delivery": true
      },
      {
        "Takeaway": true
      },
      {
        "Dine-in": true
      }
    ],
    "Health and safety": [
      {
        "Staff get temperature checks": true
      },
      {
        "Staff required to disinfect surfaces between visits": true
      }
    ],
    "Offerings": [
      {
        "Vegetarian options": true
      }
    ],
    "Dining options": [
      {
        "Dinner": true
      },
      {
        "Catering": true
      },
      {
        "Dessert": true
      },
      {
        "Seating": true
      }
    ],
    "Amenities": [
      {
        "Good for kids": true
      }
    ],
    "Crowd": [
      {
        "Family friendly": true
      },
      {
        "LGBTQ+ friendly": true
      },
      {
        "Transgender safe space": true
      }
    ],
    "Planning": [
      {
        "Accepts reservations": true
      }
    ],
    "Payments": [
      {
        "Debit cards": true
      },
      {
        "NFC mobile payments": true
      },
      {
        "Credit cards": true
      }
    ]
  },
  "reviewsCount": 76,
  "reviewsDistribution": {
    "oneStar": 1,
    "twoStar": 0,
    "threeStar": 1,
    "fourStar": 1,
    "fiveStar": 73
  },
  "reviews": [],
  "orderBy": []
}