{
  "title": "JZ Pizza Plus",
  "subTitle": null,
  "price": null,
  "menu": null,
  "categoryName": "Pizza restaurant",
  "address": "10/101 Station St, Ferntree Gully VIC 3156, Australia",
  "locatedIn": null,
  "neighborhood": "10/101 Station St",
  "street": "10/101 Station St",
  "city": "Ferntree Gully",
  "postalCode": "3156",
  "state": "Victoria",
  "countryCode": "AU",
  "plusCode": "479V+2Q Ferntree Gully, Victoria, Australia",
  "website": null,
  "phone": "+61 3 9752 3237",
  "temporarilyClosed": false,
  "location": {
    "lat": -37.8824703,
    "lng": 145.2944249
  },
  "permanentlyClosed": true,
  "totalScore": null,
  "isAdvertisement": false,
  "rank": 18,
  "placeId": "ChIJ1XFzeb481moRF5NwF6ZZJ30",
  "categories": [
    "Pizza restaurant"
  ],
  "cid": "9018275348725404439",
  "url": "https://www.google.com/maps/place/JZ+Pizza+Plus/@-37.8824703,145.2944249,17z/data=!3m1!4b1!4m5!3m4!1s0x6ad63cbe797371d5:0x7d2759a617709317!8m2!3d-37.8824534!4d145.2944522?hl=en",
  "searchPageUrl": "https://www.google.com/maps/search/61+pizza/@-37.9232211,145.3529536,15z?hl=en",
  "searchString": "61 pizza",
  "scrapedAt": "2022-08-04T20:57:05.055Z",
  "additionalInfo": {
    "Service options": [
      {
        "Dine-in": true
      }
    ],
    "Dining options": [
      {
        "Lunch": true
      },
      {
        "Dinner": true
      }
    ],
    "Atmosphere": [
      {
        "Casual": true
      }
    ]
  },
  "reviewsCount": 0,
  "reviewsDistribution": {
    "oneStar": 0,
    "twoStar": 0,
    "threeStar": 0,
    "fourStar": 0,
    "fiveStar": 0
  },
  "reviews": [],
  "orderBy": []
}