{
  "title": "Napolitano Pizza",
  "subTitle": null,
  "price": null,
  "menu": null,
  "categoryName": "Takeout restaurant",
  "address": "19 N Concourse, Beaumaris VIC 3193, Australia",
  "locatedIn": null,
  "neighborhood": "19 N Concourse",
  "street": "19 N Concourse",
  "city": "Beaumaris",
  "postalCode": "3193",
  "state": "Victoria",
  "countryCode": "AU",
  "plusCode": "227M+RM Beaumaris, Victoria, Australia",
  "website": "https://go.wowapps.com/napolitanopizza",
  "phone": "+61 3 9589 1160",
  "temporarilyClosed": false,
  "location": {
    "lat": -37.9853875,
    "lng": 145.0342464
  },
  "permanentlyClosed": false,
  "totalScore": 4.6,
  "isAdvertisement": false,
  "rank": 18,
  "placeId": "ChIJX_g1x2xu1moRctrXT_RMR2g",
  "categories": [
    "Pizza restaurant",
    "Dessert shop",
    "Gluten-free restaurant",
    "Italian restaurant",
    "Meal delivery",
    "Pasta shop",
    "Pizza delivery",
    "Takeout restaurant",
    "Pizza takeaway",
    "Vegan restaurant"
  ],
  "cid": "7514059115486239346",
  "url": "https://www.google.com/maps/place/Napolitano+Pizza/@-37.9853875,145.0342464,17z/data=!3m1!4b1!4m5!3m4!1s0x6ad66e6cc735f85f:0x68474cf44fd7da72!8m2!3d-37.9853875!4d145.0342464?hl=en",
  "searchPageUrl": "https://www.google.com/maps/search/pizza/@-37.950525,145.0040678,15z?hl=en",
  "searchString": "pizza",
  "scrapedAt": "2022-08-01T17:07:21.579Z",
  "openingHours": [
    {
      "day": "Tuesday,",
      "hours": "Closed"
    },
    {
      "day": "Wednesday,",
      "hours": "5 to 8PM"
    },
    {
      "day": "Thursday,",
      "hours": "5 to 8PM"
    },
    {
      "day": "Friday,",
      "hours": "5 to 9PM"
    },
    {
      "day": "Saturday,",
      "hours": "5 to 9PM"
    },
    {
      "day": "Sunday,",
      "hours": "5 to 8PM"
    },
    {
      "day": "Monday,",
      "hours": "Closed"
    }
  ],
  "additionalInfo": {
    "Service options": [
      {
        "Outdoor seating": true
      },
      {
        "No-contact delivery": true
      },
      {
        "Delivery": true
      },
      {
        "Takeaway": true
      },
      {
        "Dine-in": true
      }
    ],
    "Health and safety": [
      {
        "Staff wear masks": true
      },
      {
        "Staff get temperature checks": true
      },
      {
        "Staff required to disinfect surfaces between visits": true
      }
    ],
    "Offerings": [
      {
        "Halal food": true
      },
      {
        "Vegetarian options": true
      }
    ],
    "Dining options": [
      {
        "Dinner": true
      },
      {
        "Dessert": true
      },
      {
        "Seating": true
      }
    ],
    "Amenities": [
      {
        "Good for kids": true
      }
    ],
    "Atmosphere": [
      {
        "Casual": true
      }
    ],
    "Crowd": [
      {
        "Family friendly": true
      },
      {
        "LGBTQ+ friendly": true
      },
      {
        "Transgender safe space": true
      }
    ],
    "Planning": [
      {
        "Accepts reservations": true
      }
    ],
    "Payments": [
      {
        "Debit cards": true
      },
      {
        "NFC mobile payments": true
      },
      {
        "Credit cards": true
      }
    ]
  },
  "reviewsCount": 76,
  "reviewsDistribution": {
    "oneStar": 7,
    "twoStar": 1,
    "threeStar": 0,
    "fourStar": 2,
    "fiveStar": 66
  },
  "reviews": [],
  "orderBy": [
    {
      "name": "wowapps.com",
      "url": "https://go.wowapps.com/napolitanopizza"
    }
  ]
}