{
  "title": "Frescos Pizza",
  "subTitle": null,
  "price": null,
  "menu": null,
  "categoryName": null,
  "address": "434 Maroondah Hwy, Croydon VIC 3136, Australia",
  "locatedIn": null,
  "neighborhood": "434 Maroondah Hwy",
  "street": "434 Maroondah Hwy",
  "city": "Croydon",
  "postalCode": "3136",
  "state": "Victoria",
  "countryCode": "AU",
  "plusCode": "6734+CP Croydon, Victoria, Australia",
  "website": null,
  "phone": null,
  "temporarilyClosed": false,
  "location": {
    "lat": -37.7964169,
    "lng": 145.2567826
  },
  "permanentlyClosed": false,
  "totalScore": null,
  "isAdvertisement": false,
  "rank": 9,
  "placeId": "ChIJ____-mg61moRqZvjSHTw0cM",
  "categories": null,
  "cid": "14110323489758223273",
  "url": "https://www.google.com/maps/place/Frescos+Pizza/@-37.7964169,145.2567826,17z/data=!3m1!4b1!4m5!3m4!1s0x6ad63a68faffffff:0xc3d1f07448e39ba9!8m2!3d-37.7964546!4d145.2567292?hl=en",
  "searchPageUrl": "https://www.google.com/maps/search/of+pizza/@-37.7867014,145.2482878,15z?hl=en",
  "searchString": "of pizza",
  "scrapedAt": "2022-08-03T00:22:59.550Z",
  "reviewsCount": 0,
  "reviewsDistribution": {
    "oneStar": 0,
    "twoStar": 0,
    "threeStar": 0,
    "fourStar": 0,
    "fiveStar": 0
  },
  "reviews": [],
  "orderBy": []
}