{
  "title": "Crust Pizza Cheltenham",
  "subTitle": null,
  "price": "$$",
  "menu": null,
  "categoryName": "Pizza restaurant",
  "address": "1/288 Charman Rd, Cheltenham VIC 3192, Australia",
  "locatedIn": null,
  "neighborhood": "1/288 Charman Rd",
  "street": "1/288 Charman Rd",
  "city": "Cheltenham",
  "postalCode": "3192",
  "state": "Victoria",
  "countryCode": "AU",
  "plusCode": "23M4+26 Cheltenham, Victoria, Australia",
  "website": "https://www.crust.com.au/stores/vic/cheltenham/?utm_source=google&utm_medium=organic&utm_campaign=Google+My+Business+Page",
  "phone": "+61 3 8588 8000",
  "temporarilyClosed": false,
  "location": {
    "lat": -37.9674084,
    "lng": 145.0555093
  },
  "permanentlyClosed": false,
  "totalScore": 3.3,
  "isAdvertisement": false,
  "rank": 14,
  "placeId": "ChIJxcHuKC9s1moRutUIFpAZUMs",
  "categories": [
    "Pizza restaurant",
    "Italian restaurant",
    "Meal delivery",
    "Takeout restaurant",
    "Pasta shop",
    "Pizza delivery",
    "Pizza takeaway"
  ],
  "cid": "14650237694471886266",
  "url": "https://www.google.com/maps/place/Crust+Pizza+Cheltenham/@-37.9674084,145.0555093,17z/data=!3m1!4b1!4m5!3m4!1s0x6ad66c2f28eec1c5:0xcb5019901608d5ba!8m2!3d-37.9674084!4d145.0555093?hl=en",
  "searchPageUrl": "https://www.google.com/maps/search/pizza/@-37.950525,145.0389564,15z?hl=en",
  "searchString": "pizza",
  "scrapedAt": "2022-08-01T17:09:02.864Z",
  "popularTimesLiveText": null,
  "popularTimesLivePercent": null,
  "popularTimesHistogram": {
    "Su": [
      {
        "hour": 6,
        "occupancyPercent": 0
      },
      {
        "hour": 7,
        "occupancyPercent": 0
      },
      {
        "hour": 8,
        "occupancyPercent": 0
      },
      {
        "hour": 9,
        "occupancyPercent": 0
      },
      {
        "hour": 10,
        "occupancyPercent": 0
      },
      {
        "hour": 11,
        "occupancyPercent": 0
      },
      {
        "hour": 12,
        "occupancyPercent": 21
      },
      {
        "hour": 13,
        "occupancyPercent": 24
      },
      {
        "hour": 14,
        "occupancyPercent": 29
      },
      {
        "hour": 15,
        "occupancyPercent": 31
      },
      {
        "hour": 16,
        "occupancyPercent": 36
      },
      {
        "hour": 17,
        "occupancyPercent": 58
      },
      {
        "hour": 18,
        "occupancyPercent": 80
      },
      {
        "hour": 19,
        "occupancyPercent": 53
      },
      {
        "hour": 20,
        "occupancyPercent": 29
      },
      {
        "hour": 21,
        "occupancyPercent": 19
      },
      {
        "hour": 22,
        "occupancyPercent": 0
      },
      {
        "hour": 23,
        "occupancyPercent": 0
      }
    ],
    "Mo": [
      {
        "hour": 6,
        "occupancyPercent": 0
      },
      {
        "hour": 7,
        "occupancyPercent": 0
      },
      {
        "hour": 8,
        "occupancyPercent": 0
      },
      {
        "hour": 9,
        "occupancyPercent": 0
      },
      {
        "hour": 10,
        "occupancyPercent": 0
      },
      {
        "hour": 11,
        "occupancyPercent": 0
      },
      {
        "hour": 12,
        "occupancyPercent": 0
      },
      {
        "hour": 13,
        "occupancyPercent": 0
      },
      {
        "hour": 14,
        "occupancyPercent": 0
      },
      {
        "hour": 15,
        "occupancyPercent": 0
      },
      {
        "hour": 16,
        "occupancyPercent": 0
      },
      {
        "hour": 17,
        "occupancyPercent": 17
      },
      {
        "hour": 18,
        "occupancyPercent": 60
      },
      {
        "hour": 19,
        "occupancyPercent": 46
      },
      {
        "hour": 20,
        "occupancyPercent": 12
      },
      {
        "hour": 21,
        "occupancyPercent": 4
      },
      {
        "hour": 22,
        "occupancyPercent": 0
      },
      {
        "hour": 23,
        "occupancyPercent": 0
      }
    ],
    "Tu": [
      {
        "hour": 6,
        "occupancyPercent": 0
      },
      {
        "hour": 7,
        "occupancyPercent": 0
      },
      {
        "hour": 8,
        "occupancyPercent": 0
      },
      {
        "hour": 9,
        "occupancyPercent": 0
      },
      {
        "hour": 10,
        "occupancyPercent": 0
      },
      {
        "hour": 11,
        "occupancyPercent": 0
      },
      {
        "hour": 12,
        "occupancyPercent": 0
      },
      {
        "hour": 13,
        "occupancyPercent": 0
      },
      {
        "hour": 14,
        "occupancyPercent": 0
      },
      {
        "hour": 15,
        "occupancyPercent": 0
      },
      {
        "hour": 16,
        "occupancyPercent": 0
      },
      {
        "hour": 17,
        "occupancyPercent": 36
      },
      {
        "hour": 18,
        "occupancyPercent": 70
      },
      {
        "hour": 19,
        "occupancyPercent": 70
      },
      {
        "hour": 20,
        "occupancyPercent": 39
      },
      {
        "hour": 21,
        "occupancyPercent": 12
      },
      {
        "hour": 22,
        "occupancyPercent": 0
      },
      {
        "hour": 23,
        "occupancyPercent": 0
      }
    ],
    "We": [
      {
        "hour": 6,
        "occupancyPercent": 0
      },
      {
        "hour": 7,
        "occupancyPercent": 0
      },
      {
        "hour": 8,
        "occupancyPercent": 0
      },
      {
        "hour": 9,
        "occupancyPercent": 0
      },
      {
        "hour": 10,
        "occupancyPercent": 0
      },
      {
        "hour": 11,
        "occupancyPercent": 0
      },
      {
        "hour": 12,
        "occupancyPercent": 0
      },
      {
        "hour": 13,
        "occupancyPercent": 0
      },
      {
        "hour": 14,
        "occupancyPercent": 0
      },
      {
        "hour": 15,
        "occupancyPercent": 0
      },
      {
        "hour": 16,
        "occupancyPercent": 0
      },
      {
        "hour": 17,
        "occupancyPercent": 9
      },
      {
        "hour": 18,
        "occupancyPercent": 60
      },
      {
        "hour": 19,
        "occupancyPercent": 41
      },
      {
        "hour": 20,
        "occupancyPercent": 21
      },
      {
        "hour": 21,
        "occupancyPercent": 21
      },
      {
        "hour": 22,
        "occupancyPercent": 0
      },
      {
        "hour": 23,
        "occupancyPercent": 0
      }
    ],
    "Th": [
      {
        "hour": 6,
        "occupancyPercent": 0
      },
      {
        "hour": 7,
        "occupancyPercent": 0
      },
      {
        "hour": 8,
        "occupancyPercent": 0
      },
      {
        "hour": 9,
        "occupancyPercent": 0
      },
      {
        "hour": 10,
        "occupancyPercent": 0
      },
      {
        "hour": 11,
        "occupancyPercent": 0
      },
      {
        "hour": 12,
        "occupancyPercent": 0
      },
      {
        "hour": 13,
        "occupancyPercent": 0
      },
      {
        "hour": 14,
        "occupancyPercent": 0
      },
      {
        "hour": 15,
        "occupancyPercent": 0
      },
      {
        "hour": 16,
        "occupancyPercent": 0
      },
      {
        "hour": 17,
        "occupancyPercent": 29
      },
      {
        "hour": 18,
        "occupancyPercent": 53
      },
      {
        "hour": 19,
        "occupancyPercent": 58
      },
      {
        "hour": 20,
        "occupancyPercent": 36
      },
      {
        "hour": 21,
        "occupancyPercent": 14
      },
      {
        "hour": 22,
        "occupancyPercent": 0
      },
      {
        "hour": 23,
        "occupancyPercent": 0
      }
    ],
    "Fr": [
      {
        "hour": 6,
        "occupancyPercent": 0
      },
      {
        "hour": 7,
        "occupancyPercent": 0
      },
      {
        "hour": 8,
        "occupancyPercent": 0
      },
      {
        "hour": 9,
        "occupancyPercent": 0
      },
      {
        "hour": 10,
        "occupancyPercent": 0
      },
      {
        "hour": 11,
        "occupancyPercent": 0
      },
      {
        "hour": 12,
        "occupancyPercent": 2
      },
      {
        "hour": 13,
        "occupancyPercent": 4
      },
      {
        "hour": 14,
        "occupancyPercent": 2
      },
      {
        "hour": 15,
        "occupancyPercent": 4
      },
      {
        "hour": 16,
        "occupancyPercent": 19
      },
      {
        "hour": 17,
        "occupancyPercent": 56
      },
      {
        "hour": 18,
        "occupancyPercent": 92
      },
      {
        "hour": 19,
        "occupancyPercent": 100
      },
      {
        "hour": 20,
        "occupancyPercent": 70
      },
      {
        "hour": 21,
        "occupancyPercent": 36
      },
      {
        "hour": 22,
        "occupancyPercent": 17
      },
      {
        "hour": 23,
        "occupancyPercent": 12
      }
    ],
    "Sa": [
      {
        "hour": 6,
        "occupancyPercent": 0
      },
      {
        "hour": 7,
        "occupancyPercent": 0
      },
      {
        "hour": 8,
        "occupancyPercent": 0
      },
      {
        "hour": 9,
        "occupancyPercent": 0
      },
      {
        "hour": 10,
        "occupancyPercent": 0
      },
      {
        "hour": 11,
        "occupancyPercent": 0
      },
      {
        "hour": 12,
        "occupancyPercent": 12
      },
      {
        "hour": 13,
        "occupancyPercent": 12
      },
      {
        "hour": 14,
        "occupancyPercent": 12
      },
      {
        "hour": 15,
        "occupancyPercent": 14
      },
      {
        "hour": 16,
        "occupancyPercent": 24
      },
      {
        "hour": 17,
        "occupancyPercent": 48
      },
      {
        "hour": 18,
        "occupancyPercent": 78
      },
      {
        "hour": 19,
        "occupancyPercent": 75
      },
      {
        "hour": 20,
        "occupancyPercent": 46
      },
      {
        "hour": 21,
        "occupancyPercent": 29
      },
      {
        "hour": 22,
        "occupancyPercent": 21
      },
      {
        "hour": 23,
        "occupancyPercent": 19
      }
    ]
  },
  "openingHours": [
    {
      "day": "Tuesday,",
      "hours": "5 to 10PM"
    },
    {
      "day": "Wednesday,",
      "hours": "5 to 10PM"
    },
    {
      "day": "Thursday,",
      "hours": "5 to 10PM"
    },
    {
      "day": "Friday,",
      "hours": "12 to 11:30PM"
    },
    {
      "day": "Saturday,",
      "hours": "12 to 11:30PM"
    },
    {
      "day": "Sunday,",
      "hours": "12 to 10PM"
    },
    {
      "day": "Monday,",
      "hours": "5 to 10PM"
    }
  ],
  "additionalInfo": {
    "Service options": [
      {
        "No-contact delivery": true
      },
      {
        "Delivery": true
      },
      {
        "Takeaway": true
      }
    ],
    "Offerings": [
      {
        "Kids' menu": true
      },
      {
        "Late-night food": true
      },
      {
        "Vegetarian options": true
      }
    ],
    "Dining options": [
      {
        "Lunch": true
      },
      {
        "Dinner": true
      },
      {
        "Catering": true
      },
      {
        "Counter service": true
      },
      {
        "Dessert": true
      },
      {
        "Seating": true
      }
    ],
    "Amenities": [
      {
        "Good for kids": true
      }
    ],
    "Atmosphere": [
      {
        "Casual": true
      }
    ],
    "Crowd": [
      {
        "Family friendly": true
      }
    ],
    "Payments": [
      {
        "NFC mobile payments": true
      }
    ]
  },
  "reviewsCount": 85,
  "reviewsDistribution": {
    "oneStar": 26,
    "twoStar": 7,
    "threeStar": 6,
    "fourStar": 10,
    "fiveStar": 36
  },
  "reviews": [],
  "orderBy": [
    {
      "name": "menulog.com.au",
      "url": "https://www.menulog.com.au/restaurants-crust-pizza-cheltenham/menu?utm_source=google&utm_medium=organic&utm_campaign=orderaction"
    }
  ]
}