{
  "title": "Officer Pizza",
  "subTitle": null,
  "price": null,
  "menu": null,
  "categoryName": "Pizza takeaway",
  "address": "Shop G04/43 Siding Ave, Officer VIC 3809, Australia",
  "locatedIn": null,
  "neighborhood": "Shop G04/43 Siding Ave",
  "street": "Shop G04/43 Siding Ave",
  "city": "Officer",
  "postalCode": "3809",
  "state": "Victoria",
  "countryCode": "AU",
  "plusCode": "WCJ7+QC Officer, Victoria, Australia",
  "website": null,
  "phone": "+61 3 5943 2500",
  "temporarilyClosed": false,
  "location": {
    "lat": -38.0680397,
    "lng": 145.4136108
  },
  "permanentlyClosed": false,
  "totalScore": 4,
  "isAdvertisement": false,
  "rank": 18,
  "placeId": "ChIJ1VcbZ-gd1moRszdsjP8RIjI",
  "categories": [
    "Pizza takeaway"
  ],
  "cid": "3612469640374794163",
  "url": "https://www.google.com/maps/place/Officer+Pizza/@-38.0680397,145.4136108,17z/data=!3m1!4b1!4m5!3m4!1s0x6ad61de8671b57d5:0x322211ff8c6c37b3!8m2!3d-38.068039!4d145.4136133?hl=en",
  "searchPageUrl": "https://www.google.com/maps/search/pizza/@-38.1416526,145.4227307,15z?hl=en",
  "searchString": "pizza",
  "scrapedAt": "2022-08-01T17:11:12.354Z",
  "openingHours": [
    {
      "day": "Tuesday,",
      "hours": "5 to 10PM"
    },
    {
      "day": "Wednesday,",
      "hours": "5 to 10PM"
    },
    {
      "day": "Thursday,",
      "hours": "5 to 10PM"
    },
    {
      "day": "Friday,",
      "hours": "4 to 11PM"
    },
    {
      "day": "Saturday,",
      "hours": "4 to 11PM"
    },
    {
      "day": "Sunday,",
      "hours": "5 to 10PM"
    },
    {
      "day": "Monday,",
      "hours": "5 to 10PM"
    }
  ],
  "additionalInfo": {
    "Atmosphere": [
      {
        "Casual": true
      }
    ]
  },
  "reviewsCount": 14,
  "reviewsDistribution": {
    "oneStar": 1,
    "twoStar": 1,
    "threeStar": 3,
    "fourStar": 1,
    "fiveStar": 8
  },
  "reviews": [],
  "orderBy": [
    {
      "name": "menulog.com.au",
      "url": "https://www.menulog.com.au/restaurants-officer-pizza/menu?utm_source=google&utm_medium=organic&utm_campaign=orderaction"
    }
  ]
}