{
  "title": "Tango Kebab & Pizza",
  "subTitle": null,
  "price": null,
  "menu": null,
  "categoryName": "Kebab shop",
  "address": "6/73/75 Point Cook Rd, Seabrook VIC 3028, Australia",
  "locatedIn": null,
  "neighborhood": "6/73/75 Point Cook Rd",
  "street": "6/73/75 Point Cook Rd",
  "city": "Seabrook",
  "postalCode": "3028",
  "state": "Victoria",
  "countryCode": "AU",
  "plusCode": "4QF5+49 Seabrook, Victoria, Australia",
  "website": null,
  "phone": "+61 3 9931 0269",
  "temporarilyClosed": false,
  "location": {
    "lat": -37.8771419,
    "lng": 144.7584784
  },
  "permanentlyClosed": true,
  "totalScore": 3.5,
  "isAdvertisement": false,
  "rank": 2,
  "placeId": "ChIJv06b9kuI1moR2ogLLLHh9pQ",
  "categories": [
    "Pizza restaurant",
    "Fast food restaurant",
    "Kebab shop"
  ],
  "cid": "10734014912948570330",
  "url": "https://www.google.com/maps/place/Tango+Kebab+%26+Pizza/@-37.8771419,144.7584784,17z/data=!3m1!4b1!4m5!3m4!1s0x6ad6884bf69b4ebf:0x94f6e1b12c0b88da!8m2!3d-37.8771965!4d144.7584683?hl=en",
  "searchPageUrl": "https://www.google.com/maps/search/75+pizza/@-37.8686132,144.5156277,15z?hl=en",
  "searchString": "75 pizza",
  "scrapedAt": "2022-08-04T23:24:38.981Z",
  "openingHours": [
    {
      "day": "Friday,",
      "hours": "11AM to 9:30PM"
    },
    {
      "day": "Saturday,",
      "hours": "11AM to 9:30PM"
    },
    {
      "day": "Sunday,",
      "hours": "11AM to 9:30PM"
    },
    {
      "day": "Monday,",
      "hours": "11AM to 9:30PM"
    },
    {
      "day": "Tuesday,",
      "hours": "Closed"
    },
    {
      "day": "Wednesday,",
      "hours": "11AM to 9:30PM"
    },
    {
      "day": "Thursday,",
      "hours": "11AM to 9:30PM"
    }
  ],
  "additionalInfo": {
    "Service options": [
      {
        "Delivery": true
      },
      {
        "Takeaway": true
      },
      {
        "Dine-in": true
      }
    ],
    "Amenities": [
      {
        "Good for kids": true
      }
    ]
  },
  "reviewsCount": 60,
  "reviewsDistribution": {
    "oneStar": 16,
    "twoStar": 4,
    "threeStar": 5,
    "fourStar": 6,
    "fiveStar": 29
  },
  "reviews": [],
  "orderBy": []
}