{
  "title": "Caulfield Pizza",
  "subTitle": null,
  "price": null,
  "menu": null,
  "categoryName": "Pizza restaurant",
  "address": "621 Glen Huntly Rd, Caulfield VIC 3162, Australia",
  "locatedIn": null,
  "neighborhood": "621 Glen Huntly Rd",
  "street": "621 Glen Huntly Rd",
  "city": "Caulfield",
  "postalCode": "3162",
  "state": "Victoria",
  "countryCode": "AU",
  "plusCode": "4278+J4 Caulfield, Victoria, Australia",
  "website": "http://caulfieldpizzarestaurant.com.au/",
  "phone": "+61 3 7064 5312",
  "temporarilyClosed": false,
  "location": {
    "lat": -37.8858878,
    "lng": 145.0153327
  },
  "permanentlyClosed": false,
  "totalScore": 3.9,
  "isAdvertisement": false,
  "rank": 3,
  "placeId": "ChIJHZATWyZp1moRU9k9Xxm3qbo",
  "categories": [
    "Pizza restaurant"
  ],
  "cid": "13450483081718651219",
  "url": "https://www.google.com/maps/place/Caulfield+Pizza/@-37.8858878,145.0153327,17z/data=!3m1!4b1!4m5!3m4!1s0x6ad669265b13901d:0xbaa9b7195f3dd953!8m2!3d-37.8858878!4d145.0153327?hl=en",
  "searchPageUrl": "https://www.google.com/maps/search/pizza/@-37.8959171,145.0040678,15z?hl=en",
  "searchString": "pizza",
  "scrapedAt": "2022-08-01T17:07:19.953Z",
  "openingHours": [
    {
      "day": "Tuesday,",
      "hours": "11AM to 10PM"
    },
    {
      "day": "Wednesday,",
      "hours": "11AM to 10PM"
    },
    {
      "day": "Thursday,",
      "hours": "11AM to 10PM"
    },
    {
      "day": "Friday,",
      "hours": "4PM to 10AM"
    },
    {
      "day": "Saturday,",
      "hours": "4PM to 10AM"
    },
    {
      "day": "Sunday,",
      "hours": "4PM to 10AM"
    },
    {
      "day": "Monday,",
      "hours": "11AM to 10PM"
    }
  ],
  "additionalInfo": {
    "Service options": [
      {
        "Delivery": true
      },
      {
        "Takeaway": true
      },
      {
        "Dine-in": true
      }
    ],
    "Health and safety": [
      {
        "Temperature check required": true
      },
      {
        "Staff wear masks": true
      },
      {
        "Staff get temperature checks": true
      },
      {
        "Staff required to disinfect surfaces between visits": true
      }
    ],
    "Offerings": [
      {
        "Halal food": true
      },
      {
        "Late-night food": true
      }
    ],
    "Dining options": [
      {
        "Lunch": true
      },
      {
        "Dinner": true
      }
    ],
    "Amenities": [
      {
        "Good for kids": true
      }
    ],
    "Atmosphere": [
      {
        "Casual": true
      }
    ],
    "Planning": [
      {
        "Accepts reservations": true
      }
    ]
  },
  "reviewsCount": 53,
  "reviewsDistribution": {
    "oneStar": 13,
    "twoStar": 1,
    "threeStar": 0,
    "fourStar": 4,
    "fiveStar": 35
  },
  "reviews": [],
  "orderBy": [
    {
      "name": "caulfieldpizzakebab.com.au",
      "url": "https://caulfieldpizzakebab.com.au/order-now"
    }
  ]
}