{
  "title": "Red Sparrow Pizza",
  "subTitle": null,
  "price": "$$",
  "menu": null,
  "categoryName": "Vegan restaurant",
  "address": "260 Chapel St, Prahran VIC 3181, Australia",
  "locatedIn": null,
  "neighborhood": "260 Chapel St",
  "street": "260 Chapel St",
  "city": "Prahran",
  "postalCode": "3181",
  "state": "Victoria",
  "countryCode": "AU",
  "plusCode": "5X2V+4G Prahran, Victoria, Australia",
  "website": "http://www.redsparrowpizza.com/",
  "phone": "+61 3 9533 8490",
  "temporarilyClosed": false,
  "location": {
    "lat": -37.8496474,
    "lng": 144.9938243
  },
  "permanentlyClosed": false,
  "totalScore": 4.5,
  "isAdvertisement": false,
  "rank": 19,
  "placeId": "ChIJU97VMPBp1moRzBM0vhmne90",
  "categories": [
    "Pizza restaurant",
    "Pizza delivery",
    "Vegan restaurant",
    "Pizza takeaway",
    "Vegetarian restaurant"
  ],
  "cid": "15959533433524589516",
  "url": "https://www.google.com/maps/place/Red+Sparrow+Pizza/@-37.8496474,144.9938243,17z/data=!3m1!4b1!4m5!3m4!1s0x6ad669f030d5de53:0xdd7ba719be3413cc!8m2!3d-37.8496568!4d144.9938092?hl=en",
  "searchPageUrl": "https://www.google.com/maps/search/pizza/@-37.8413092,145.0040678,15z?hl=en",
  "searchString": "pizza",
  "scrapedAt": "2022-08-01T17:06:58.496Z",
  "popularTimesLiveText": null,
  "popularTimesLivePercent": null,
  "popularTimesHistogram": {
    "Su": [],
    "Mo": [],
    "Tu": [
      {
        "hour": 6,
        "occupancyPercent": 0
      },
      {
        "hour": 7,
        "occupancyPercent": 0
      },
      {
        "hour": 8,
        "occupancyPercent": 0
      },
      {
        "hour": 9,
        "occupancyPercent": 0
      },
      {
        "hour": 10,
        "occupancyPercent": 0
      },
      {
        "hour": 11,
        "occupancyPercent": 0
      },
      {
        "hour": 12,
        "occupancyPercent": 0
      },
      {
        "hour": 13,
        "occupancyPercent": 0
      },
      {
        "hour": 14,
        "occupancyPercent": 0
      },
      {
        "hour": 15,
        "occupancyPercent": 0
      },
      {
        "hour": 16,
        "occupancyPercent": 0
      },
      {
        "hour": 17,
        "occupancyPercent": 26
      },
      {
        "hour": 18,
        "occupancyPercent": 48
      },
      {
        "hour": 19,
        "occupancyPercent": 60
      },
      {
        "hour": 20,
        "occupancyPercent": 51
      },
      {
        "hour": 21,
        "occupancyPercent": 0
      },
      {
        "hour": 22,
        "occupancyPercent": 0
      },
      {
        "hour": 23,
        "occupancyPercent": 0
      }
    ],
    "We": [
      {
        "hour": 6,
        "occupancyPercent": 0
      },
      {
        "hour": 7,
        "occupancyPercent": 0
      },
      {
        "hour": 8,
        "occupancyPercent": 0
      },
      {
        "hour": 9,
        "occupancyPercent": 0
      },
      {
        "hour": 10,
        "occupancyPercent": 0
      },
      {
        "hour": 11,
        "occupancyPercent": 0
      },
      {
        "hour": 12,
        "occupancyPercent": 0
      },
      {
        "hour": 13,
        "occupancyPercent": 0
      },
      {
        "hour": 14,
        "occupancyPercent": 0
      },
      {
        "hour": 15,
        "occupancyPercent": 0
      },
      {
        "hour": 16,
        "occupancyPercent": 0
      },
      {
        "hour": 17,
        "occupancyPercent": 32
      },
      {
        "hour": 18,
        "occupancyPercent": 68
      },
      {
        "hour": 19,
        "occupancyPercent": 92
      },
      {
        "hour": 20,
        "occupancyPercent": 81
      },
      {
        "hour": 21,
        "occupancyPercent": 0
      },
      {
        "hour": 22,
        "occupancyPercent": 0
      },
      {
        "hour": 23,
        "occupancyPercent": 0
      }
    ],
    "Th": [
      {
        "hour": 6,
        "occupancyPercent": 0
      },
      {
        "hour": 7,
        "occupancyPercent": 0
      },
      {
        "hour": 8,
        "occupancyPercent": 0
      },
      {
        "hour": 9,
        "occupancyPercent": 0
      },
      {
        "hour": 10,
        "occupancyPercent": 0
      },
      {
        "hour": 11,
        "occupancyPercent": 0
      },
      {
        "hour": 12,
        "occupancyPercent": 0
      },
      {
        "hour": 13,
        "occupancyPercent": 0
      },
      {
        "hour": 14,
        "occupancyPercent": 0
      },
      {
        "hour": 15,
        "occupancyPercent": 0
      },
      {
        "hour": 16,
        "occupancyPercent": 0
      },
      {
        "hour": 17,
        "occupancyPercent": 23
      },
      {
        "hour": 18,
        "occupancyPercent": 40
      },
      {
        "hour": 19,
        "occupancyPercent": 50
      },
      {
        "hour": 20,
        "occupancyPercent": 45
      },
      {
        "hour": 21,
        "occupancyPercent": 31
      },
      {
        "hour": 22,
        "occupancyPercent": 0
      },
      {
        "hour": 23,
        "occupancyPercent": 0
      }
    ],
    "Fr": [
      {
        "hour": 6,
        "occupancyPercent": 0
      },
      {
        "hour": 7,
        "occupancyPercent": 0
      },
      {
        "hour": 8,
        "occupancyPercent": 0
      },
      {
        "hour": 9,
        "occupancyPercent": 0
      },
      {
        "hour": 10,
        "occupancyPercent": 0
      },
      {
        "hour": 11,
        "occupancyPercent": 0
      },
      {
        "hour": 12,
        "occupancyPercent": 0
      },
      {
        "hour": 13,
        "occupancyPercent": 0
      },
      {
        "hour": 14,
        "occupancyPercent": 0
      },
      {
        "hour": 15,
        "occupancyPercent": 0
      },
      {
        "hour": 16,
        "occupancyPercent": 0
      },
      {
        "hour": 17,
        "occupancyPercent": 33
      },
      {
        "hour": 18,
        "occupancyPercent": 62
      },
      {
        "hour": 19,
        "occupancyPercent": 86
      },
      {
        "hour": 20,
        "occupancyPercent": 89
      },
      {
        "hour": 21,
        "occupancyPercent": 68
      },
      {
        "hour": 22,
        "occupancyPercent": 0
      },
      {
        "hour": 23,
        "occupancyPercent": 0
      }
    ],
    "Sa": [
      {
        "hour": 6,
        "occupancyPercent": 0
      },
      {
        "hour": 7,
        "occupancyPercent": 0
      },
      {
        "hour": 8,
        "occupancyPercent": 0
      },
      {
        "hour": 9,
        "occupancyPercent": 0
      },
      {
        "hour": 10,
        "occupancyPercent": 0
      },
      {
        "hour": 11,
        "occupancyPercent": 0
      },
      {
        "hour": 12,
        "occupancyPercent": 0
      },
      {
        "hour": 13,
        "occupancyPercent": 0
      },
      {
        "hour": 14,
        "occupancyPercent": 0
      },
      {
        "hour": 15,
        "occupancyPercent": 0
      },
      {
        "hour": 16,
        "occupancyPercent": 0
      },
      {
        "hour": 17,
        "occupancyPercent": 42
      },
      {
        "hour": 18,
        "occupancyPercent": 79
      },
      {
        "hour": 19,
        "occupancyPercent": 100
      },
      {
        "hour": 20,
        "occupancyPercent": 87
      },
      {
        "hour": 21,
        "occupancyPercent": 52
      },
      {
        "hour": 22,
        "occupancyPercent": 0
      },
      {
        "hour": 23,
        "occupancyPercent": 0
      }
    ]
  },
  "openingHours": [
    {
      "day": "Tuesday,",
      "hours": "5 to 9PM"
    },
    {
      "day": "Wednesday,",
      "hours": "5 to 9PM"
    },
    {
      "day": "Thursday,",
      "hours": "5 to 10PM"
    },
    {
      "day": "Friday,",
      "hours": "5 to 10PM"
    },
    {
      "day": "Saturday,",
      "hours": "5 to 10PM"
    },
    {
      "day": "Sunday,",
      "hours": "Closed"
    },
    {
      "day": "Monday,",
      "hours": "Closed"
    }
  ],
  "additionalInfo": {
    "Service options": [
      {
        "Outdoor seating": true
      },
      {
        "No-contact delivery": true
      },
      {
        "Delivery": true
      },
      {
        "Takeaway": true
      },
      {
        "Dine-in": true
      }
    ],
    "Accessibility": [
      {
        "Wheelchair-accessible entrance": true
      },
      {
        "Wheelchair-accessible seating": true
      },
      {
        "Wheelchair-accessible toilet": true
      }
    ],
    "Offerings": [
      {
        "Alcohol": true
      },
      {
        "Beer": true
      },
      {
        "Cocktails": true
      },
      {
        "Halal food": true
      },
      {
        "Happy-hour food": true
      },
      {
        "Healthy options": true
      },
      {
        "Late-night food": true
      },
      {
        "Organic dishes": true
      },
      {
        "Small plates": true
      },
      {
        "Spirits": true
      },
      {
        "Vegetarian options": true
      },
      {
        "Wine": true
      }
    ],
    "Dining options": [
      {
        "Lunch": true
      },
      {
        "Dinner": true
      },
      {
        "Dessert": true
      },
      {
        "Seating": true
      }
    ],
    "Amenities": [
      {
        "Bar on site": true
      },
      {
        "Good for kids": true
      },
      {
        "High chairs": true
      },
      {
        "Toilets": true
      }
    ],
    "Atmosphere": [
      {
        "Casual": true
      },
      {
        "Cosy": true
      }
    ],
    "Crowd": [
      {
        "Groups": true
      },
      {
        "LGBTQ+ friendly": true
      },
      {
        "Transgender safe space": true
      }
    ],
    "Planning": [
      {
        "Accepts reservations": true
      }
    ],
    "Payments": [
      {
        "Debit cards": true
      },
      {
        "NFC mobile payments": true
      },
      {
        "Credit cards": true
      }
    ]
  },
  "reviewsCount": 203,
  "reviewsDistribution": {
    "oneStar": 14,
    "twoStar": 2,
    "threeStar": 10,
    "fourStar": 26,
    "fiveStar": 151
  },
  "reviews": [],
  "orderBy": [
    {
      "name": "redsparrowpizza.com",
      "url": "http://www.redsparrowpizza.com/"
    }
  ]
}