{
  "title": "Scoresby Pizza",
  "subTitle": null,
  "price": null,
  "menu": null,
  "categoryName": "Pizza restaurant",
  "address": "Ferntree Gully Rd, Scoresby VIC 3179, Australia",
  "locatedIn": null,
  "neighborhood": "Ferntree Gully Rd",
  "street": "Ferntree Gully Rd",
  "city": "Scoresby",
  "postalCode": "3179",
  "state": "Victoria",
  "countryCode": "AU",
  "plusCode": "462J+F4 Scoresby, Victoria, Australia",
  "website": "https://scoresbypizzaplus.com.au/",
  "phone": null,
  "temporarilyClosed": false,
  "location": {
    "lat": -37.8987842,
    "lng": 145.2302709
  },
  "permanentlyClosed": false,
  "totalScore": 4,
  "isAdvertisement": false,
  "rank": 15,
  "placeId": "ChIJEVCF6wk-1moR6RUyf-rFw3s",
  "categories": [
    "Pizza restaurant"
  ],
  "cid": "8918189298070722025",
  "url": "https://www.google.com/maps/place/Scoresby+Pizza/@-37.8987842,145.2302709,17z/data=!3m1!4b1!4m5!3m4!1s0x6ad63e09eb855011:0x7bc3c5ea7f3215e9!8m2!3d-37.8987843!4d145.2302642?hl=en",
  "searchPageUrl": "https://www.google.com/maps/search/pizza/@-37.8686132,145.1785107,15z?hl=en",
  "searchString": "pizza",
  "scrapedAt": "2022-08-01T17:09:39.408Z",
  "additionalInfo": {
    "Service options": [
      {
        "Delivery": true
      },
      {
        "Takeaway": true
      },
      {
        "Dine-in": true
      }
    ],
    "Accessibility": [
      {
        "Wheelchair-accessible car park": true
      }
    ],
    "Dining options": [
      {
        "Dinner": true
      }
    ],
    "Amenities": [
      {
        "Good for kids": true
      }
    ],
    "Atmosphere": [
      {
        "Casual": true
      }
    ]
  },
  "reviewsCount": 7,
  "reviewsDistribution": {
    "oneStar": 1,
    "twoStar": 0,
    "threeStar": 0,
    "fourStar": 3,
    "fiveStar": 3
  },
  "reviews": [],
  "orderBy": []
}