{
  "title": "Goofy's Pizza Mill Park",
  "subTitle": null,
  "price": null,
  "menu": null,
  "categoryName": "Takeout restaurant",
  "address": "42a/314-360 Childs Rd, Mill Park VIC 3082, Australia",
  "locatedIn": "Floor G · The Stables Shopping Centre",
  "neighborhood": "42a/314-360 Childs Rd",
  "street": "42a/314-360 Childs Rd",
  "city": "Mill Park",
  "postalCode": "3082",
  "state": "Victoria",
  "countryCode": "AU",
  "plusCode": "83M5+JX Mill Park, Victoria, Australia",
  "website": "http://www.goofyspizza.com.au/",
  "phone": "+61 3 9119 4411",
  "temporarilyClosed": false,
  "location": {
    "lat": -37.6659679,
    "lng": 145.0599904
  },
  "permanentlyClosed": false,
  "totalScore": 4.8,
  "isAdvertisement": false,
  "rank": 9,
  "placeId": "ChIJu8XDKidJ1moR-W633I_SCK0",
  "categories": [
    "Takeout restaurant"
  ],
  "cid": "12468447083700383481",
  "url": "https://www.google.com/maps/place/Goofy's+Pizza+Mill+Park/@-37.6659679,145.0599904,17z/data=!3m1!4b1!4m5!3m4!1s0x6ad649272ac3c5bb:0xad08d28fdcb76ef9!8m2!3d-37.6659679!4d145.0599904?hl=en",
  "searchPageUrl": "https://www.google.com/maps/search/pizza/@-37.6501817,145.073845,15z?hl=en",
  "searchString": "pizza",
  "scrapedAt": "2022-08-01T17:08:37.245Z",
  "openingHours": [
    {
      "day": "Tuesday,",
      "hours": "3:30 to 9:30PM"
    },
    {
      "day": "Wednesday,",
      "hours": "3:30 to 9:30PM"
    },
    {
      "day": "Thursday,",
      "hours": "3:30 to 9:30PM"
    },
    {
      "day": "Friday,",
      "hours": "3:30 to 10:30PM"
    },
    {
      "day": "Saturday,",
      "hours": "3:30 to 10:30PM"
    },
    {
      "day": "Sunday,",
      "hours": "3:30 to 9:30PM"
    },
    {
      "day": "Monday,",
      "hours": "3:30 to 9:30PM"
    }
  ],
  "additionalInfo": {
    "Service options": [
      {
        "Outdoor seating": true
      },
      {
        "Delivery": true
      },
      {
        "Takeaway": true
      },
      {
        "Dine-in": false
      }
    ],
    "Accessibility": [
      {
        "Wheelchair-accessible car park": true
      }
    ],
    "Amenities": [
      {
        "Good for kids": true
      }
    ],
    "Atmosphere": [
      {
        "Casual": true
      }
    ]
  },
  "reviewsCount": 19,
  "reviewsDistribution": {
    "oneStar": 0,
    "twoStar": 1,
    "threeStar": 0,
    "fourStar": 1,
    "fiveStar": 17
  },
  "reviews": [],
  "orderBy": [
    {
      "name": "menulog.com.au",
      "url": "https://www.menulog.com.au/restaurants-goofys-pizza-mill-park/menu?utm_source=google&utm_medium=organic&utm_campaign=orderaction"
    },
    {
      "name": "doordash.com",
      "url": "https://www.doordash.com/en-AU/store/goofy%27s-pizza-mill-park-1796593/?utm_campaign=gpa"
    },
    {
      "name": "deliveroo.com.au",
      "url": "https://deliveroo.com.au/menu/melbourne/mill-park/goofys-pizza-mill-park-victoria?utm_medium=affiliate&utm_source=google_maps_link"
    }
  ]
}