{
  "title": "Big G's Pizza and Pasta",
  "subTitle": null,
  "price": null,
  "menu": null,
  "categoryName": "Pizza takeaway",
  "address": "220 Plenty Rd, Preston VIC 3072, Australia",
  "locatedIn": null,
  "neighborhood": "220 Plenty Rd",
  "street": "220 Plenty Rd",
  "city": "Preston",
  "postalCode": "3072",
  "state": "Victoria",
  "countryCode": "AU",
  "plusCode": "7234+HC Preston, Victoria, Australia",
  "website": null,
  "phone": "+61 3 9480 5444",
  "temporarilyClosed": false,
  "location": {
    "lat": -37.7461198,
    "lng": 145.0060856
  },
  "permanentlyClosed": true,
  "totalScore": 4.4,
  "isAdvertisement": false,
  "rank": 4,
  "placeId": "ChIJq8WALcVF1moRSVHKDFlknhc",
  "categories": [
    "Pizza restaurant",
    "Pasta shop",
    "Pizza takeaway"
  ],
  "cid": "1701908042822078793",
  "url": "https://www.google.com/maps/place/Big+G's+Pizza+and+Pasta/@-37.7461198,145.0060856,17z/data=!3m1!4b1!4m5!3m4!1s0x6ad645c52d80c5ab:0x179e64590cca5149!8m2!3d-37.7461198!4d145.0060856?hl=en",
  "searchPageUrl": "https://www.google.com/maps/search/ng+pizza/@-37.7320935,145.0389564,15z?hl=en",
  "searchString": "ng pizza",
  "scrapedAt": "2022-08-02T22:11:51.567Z",
  "openingHours": [
    {
      "day": "Wednesday,",
      "hours": "5 to 10PM"
    },
    {
      "day": "Thursday,",
      "hours": "5 to 11PM"
    },
    {
      "day": "Friday,",
      "hours": "5PM to 12AM"
    },
    {
      "day": "Saturday,",
      "hours": "5PM to 12AM"
    },
    {
      "day": "Sunday,",
      "hours": "5 to 10PM"
    },
    {
      "day": "Monday,",
      "hours": "Closed"
    },
    {
      "day": "Tuesday,",
      "hours": "5 to 10PM"
    }
  ],
  "additionalInfo": {
    "Service options": [
      {
        "Delivery": true
      },
      {
        "Takeaway": true
      }
    ],
    "Offerings": [
      {
        "Coffee": true
      },
      {
        "Halal food": true
      },
      {
        "Late-night food": true
      },
      {
        "Vegetarian options": true
      }
    ],
    "Dining options": [
      {
        "Dinner": true
      },
      {
        "Catering": true
      },
      {
        "Dessert": true
      }
    ],
    "Amenities": [
      {
        "Good for kids": true
      }
    ],
    "Crowd": [
      {
        "Family friendly": true
      }
    ],
    "Payments": [
      {
        "NFC mobile payments": true
      }
    ]
  },
  "reviewsCount": 19,
  "reviewsDistribution": {
    "oneStar": 1,
    "twoStar": 0,
    "threeStar": 3,
    "fourStar": 1,
    "fiveStar": 14
  },
  "reviews": [],
  "orderBy": []
}