{
  "title": "Queen Margherita Pizza Bentleigh East",
  "subTitle": null,
  "price": "$",
  "menu": null,
  "categoryName": "Pizza restaurant",
  "address": "245 E Boundary Rd, Bentleigh East VIC 3165, Australia",
  "locatedIn": null,
  "neighborhood": "245 E Boundary Rd",
  "street": "245 E Boundary Rd",
  "city": "Bentleigh East",
  "postalCode": "3165",
  "state": "Victoria",
  "countryCode": "AU",
  "plusCode": "33P5+4X Bentleigh East, Victoria, Australia",
  "website": "http://www.qmpizza.com.au/",
  "phone": "+61 3 9579 7887",
  "temporarilyClosed": false,
  "location": {
    "lat": -37.914738,
    "lng": 145.059906
  },
  "permanentlyClosed": false,
  "totalScore": 3.8,
  "isAdvertisement": false,
  "rank": 19,
  "placeId": "ChIJx6JYTttr1moRdNnBthGksfQ",
  "categories": [
    "Pizza restaurant",
    "Italian restaurant",
    "Pasta shop",
    "Pizza delivery",
    "Pizza takeaway"
  ],
  "cid": "17632054412119759220",
  "url": "https://www.google.com/maps/place/Queen+Margherita+Pizza+Bentleigh+East/@-37.914738,145.059906,17z/data=!3m1!4b1!4m5!3m4!1s0x6ad66bdb4e58a2c7:0xf4b1a411b6c1d974!8m2!3d-37.914738!4d145.059906?hl=en",
  "searchPageUrl": "https://www.google.com/maps/search/pizza/@-37.8959171,145.073845,15z?hl=en",
  "searchString": "pizza",
  "scrapedAt": "2022-08-01T17:08:48.628Z",
  "popularTimesLiveText": null,
  "popularTimesLivePercent": null,
  "popularTimesHistogram": {
    "Su": [
      {
        "hour": 6,
        "occupancyPercent": 0
      },
      {
        "hour": 7,
        "occupancyPercent": 0
      },
      {
        "hour": 8,
        "occupancyPercent": 0
      },
      {
        "hour": 9,
        "occupancyPercent": 0
      },
      {
        "hour": 10,
        "occupancyPercent": 0
      },
      {
        "hour": 11,
        "occupancyPercent": 0
      },
      {
        "hour": 12,
        "occupancyPercent": 0
      },
      {
        "hour": 13,
        "occupancyPercent": 0
      },
      {
        "hour": 14,
        "occupancyPercent": 0
      },
      {
        "hour": 15,
        "occupancyPercent": 0
      },
      {
        "hour": 16,
        "occupancyPercent": 0
      },
      {
        "hour": 17,
        "occupancyPercent": 34
      },
      {
        "hour": 18,
        "occupancyPercent": 45
      },
      {
        "hour": 19,
        "occupancyPercent": 46
      },
      {
        "hour": 20,
        "occupancyPercent": 36
      },
      {
        "hour": 21,
        "occupancyPercent": 21
      },
      {
        "hour": 22,
        "occupancyPercent": 0
      },
      {
        "hour": 23,
        "occupancyPercent": 0
      }
    ],
    "Mo": [
      {
        "hour": 6,
        "occupancyPercent": 0
      },
      {
        "hour": 7,
        "occupancyPercent": 0
      },
      {
        "hour": 8,
        "occupancyPercent": 0
      },
      {
        "hour": 9,
        "occupancyPercent": 0
      },
      {
        "hour": 10,
        "occupancyPercent": 0
      },
      {
        "hour": 11,
        "occupancyPercent": 0
      },
      {
        "hour": 12,
        "occupancyPercent": 0
      },
      {
        "hour": 13,
        "occupancyPercent": 0
      },
      {
        "hour": 14,
        "occupancyPercent": 0
      },
      {
        "hour": 15,
        "occupancyPercent": 0
      },
      {
        "hour": 16,
        "occupancyPercent": 0
      },
      {
        "hour": 17,
        "occupancyPercent": 40
      },
      {
        "hour": 18,
        "occupancyPercent": 51
      },
      {
        "hour": 19,
        "occupancyPercent": 43
      },
      {
        "hour": 20,
        "occupancyPercent": 22
      },
      {
        "hour": 21,
        "occupancyPercent": 6
      },
      {
        "hour": 22,
        "occupancyPercent": 0
      },
      {
        "hour": 23,
        "occupancyPercent": 0
      }
    ],
    "Tu": [
      {
        "hour": 6,
        "occupancyPercent": 0
      },
      {
        "hour": 7,
        "occupancyPercent": 0
      },
      {
        "hour": 8,
        "occupancyPercent": 0
      },
      {
        "hour": 9,
        "occupancyPercent": 0
      },
      {
        "hour": 10,
        "occupancyPercent": 0
      },
      {
        "hour": 11,
        "occupancyPercent": 0
      },
      {
        "hour": 12,
        "occupancyPercent": 0
      },
      {
        "hour": 13,
        "occupancyPercent": 0
      },
      {
        "hour": 14,
        "occupancyPercent": 0
      },
      {
        "hour": 15,
        "occupancyPercent": 0
      },
      {
        "hour": 16,
        "occupancyPercent": 0
      },
      {
        "hour": 17,
        "occupancyPercent": 53
      },
      {
        "hour": 18,
        "occupancyPercent": 68
      },
      {
        "hour": 19,
        "occupancyPercent": 65
      },
      {
        "hour": 20,
        "occupancyPercent": 49
      },
      {
        "hour": 21,
        "occupancyPercent": 29
      },
      {
        "hour": 22,
        "occupancyPercent": 0
      },
      {
        "hour": 23,
        "occupancyPercent": 0
      }
    ],
    "We": [
      {
        "hour": 6,
        "occupancyPercent": 0
      },
      {
        "hour": 7,
        "occupancyPercent": 0
      },
      {
        "hour": 8,
        "occupancyPercent": 0
      },
      {
        "hour": 9,
        "occupancyPercent": 0
      },
      {
        "hour": 10,
        "occupancyPercent": 0
      },
      {
        "hour": 11,
        "occupancyPercent": 0
      },
      {
        "hour": 12,
        "occupancyPercent": 0
      },
      {
        "hour": 13,
        "occupancyPercent": 0
      },
      {
        "hour": 14,
        "occupancyPercent": 0
      },
      {
        "hour": 15,
        "occupancyPercent": 0
      },
      {
        "hour": 16,
        "occupancyPercent": 0
      },
      {
        "hour": 17,
        "occupancyPercent": 44
      },
      {
        "hour": 18,
        "occupancyPercent": 77
      },
      {
        "hour": 19,
        "occupancyPercent": 98
      },
      {
        "hour": 20,
        "occupancyPercent": 70
      },
      {
        "hour": 21,
        "occupancyPercent": 26
      },
      {
        "hour": 22,
        "occupancyPercent": 0
      },
      {
        "hour": 23,
        "occupancyPercent": 0
      }
    ],
    "Th": [
      {
        "hour": 6,
        "occupancyPercent": 0
      },
      {
        "hour": 7,
        "occupancyPercent": 0
      },
      {
        "hour": 8,
        "occupancyPercent": 0
      },
      {
        "hour": 9,
        "occupancyPercent": 0
      },
      {
        "hour": 10,
        "occupancyPercent": 0
      },
      {
        "hour": 11,
        "occupancyPercent": 0
      },
      {
        "hour": 12,
        "occupancyPercent": 0
      },
      {
        "hour": 13,
        "occupancyPercent": 0
      },
      {
        "hour": 14,
        "occupancyPercent": 0
      },
      {
        "hour": 15,
        "occupancyPercent": 0
      },
      {
        "hour": 16,
        "occupancyPercent": 0
      },
      {
        "hour": 17,
        "occupancyPercent": 46
      },
      {
        "hour": 18,
        "occupancyPercent": 63
      },
      {
        "hour": 19,
        "occupancyPercent": 69
      },
      {
        "hour": 20,
        "occupancyPercent": 53
      },
      {
        "hour": 21,
        "occupancyPercent": 26
      },
      {
        "hour": 22,
        "occupancyPercent": 0
      },
      {
        "hour": 23,
        "occupancyPercent": 0
      }
    ],
    "Fr": [
      {
        "hour": 6,
        "occupancyPercent": 0
      },
      {
        "hour": 7,
        "occupancyPercent": 0
      },
      {
        "hour": 8,
        "occupancyPercent": 0
      },
      {
        "hour": 9,
        "occupancyPercent": 0
      },
      {
        "hour": 10,
        "occupancyPercent": 0
      },
      {
        "hour": 11,
        "occupancyPercent": 0
      },
      {
        "hour": 12,
        "occupancyPercent": 0
      },
      {
        "hour": 13,
        "occupancyPercent": 0
      },
      {
        "hour": 14,
        "occupancyPercent": 0
      },
      {
        "hour": 15,
        "occupancyPercent": 0
      },
      {
        "hour": 16,
        "occupancyPercent": 0
      },
      {
        "hour": 17,
        "occupancyPercent": 60
      },
      {
        "hour": 18,
        "occupancyPercent": 89
      },
      {
        "hour": 19,
        "occupancyPercent": 100
      },
      {
        "hour": 20,
        "occupancyPercent": 74
      },
      {
        "hour": 21,
        "occupancyPercent": 36
      },
      {
        "hour": 22,
        "occupancyPercent": 0
      },
      {
        "hour": 23,
        "occupancyPercent": 0
      }
    ],
    "Sa": [
      {
        "hour": 6,
        "occupancyPercent": 0
      },
      {
        "hour": 7,
        "occupancyPercent": 0
      },
      {
        "hour": 8,
        "occupancyPercent": 0
      },
      {
        "hour": 9,
        "occupancyPercent": 0
      },
      {
        "hour": 10,
        "occupancyPercent": 0
      },
      {
        "hour": 11,
        "occupancyPercent": 0
      },
      {
        "hour": 12,
        "occupancyPercent": 0
      },
      {
        "hour": 13,
        "occupancyPercent": 0
      },
      {
        "hour": 14,
        "occupancyPercent": 0
      },
      {
        "hour": 15,
        "occupancyPercent": 0
      },
      {
        "hour": 16,
        "occupancyPercent": 0
      },
      {
        "hour": 17,
        "occupancyPercent": 59
      },
      {
        "hour": 18,
        "occupancyPercent": 67
      },
      {
        "hour": 19,
        "occupancyPercent": 72
      },
      {
        "hour": 20,
        "occupancyPercent": 68
      },
      {
        "hour": 21,
        "occupancyPercent": 30
      },
      {
        "hour": 22,
        "occupancyPercent": 0
      },
      {
        "hour": 23,
        "occupancyPercent": 0
      }
    ]
  },
  "openingHours": [
    {
      "day": "Tuesday,",
      "hours": "5 to 9:30PM"
    },
    {
      "day": "Wednesday,",
      "hours": "5 to 9:30PM"
    },
    {
      "day": "Thursday,",
      "hours": "5 to 9:30PM"
    },
    {
      "day": "Friday,",
      "hours": "5 to 9:30PM"
    },
    {
      "day": "Saturday,",
      "hours": "5 to 9:30PM"
    },
    {
      "day": "Sunday,",
      "hours": "5 to 9:30PM"
    },
    {
      "day": "Monday,",
      "hours": "5 to 9:30PM"
    }
  ],
  "additionalInfo": {
    "Service options": [
      {
        "No-contact delivery": true
      },
      {
        "Delivery": true
      },
      {
        "Takeaway": true
      },
      {
        "Dine-in": true
      }
    ],
    "Accessibility": [
      {
        "Wheelchair-accessible car park": true
      },
      {
        "Wheelchair-accessible entrance": true
      },
      {
        "Wheelchair-accessible seating": true
      }
    ],
    "Offerings": [
      {
        "Kids' menu": true
      }
    ],
    "Dining options": [
      {
        "Dinner": true
      },
      {
        "Dessert": true
      }
    ],
    "Amenities": [
      {
        "Good for kids": true
      },
      {
        "High chairs": true
      },
      {
        "Toilets": true
      }
    ],
    "Atmosphere": [
      {
        "Casual": true
      },
      {
        "Cosy": true
      }
    ],
    "Crowd": [
      {
        "Groups": true
      }
    ],
    "Planning": [
      {
        "Accepts reservations": true
      }
    ],
    "Payments": [
      {
        "NFC mobile payments": true
      }
    ]
  },
  "reviewsCount": 128,
  "reviewsDistribution": {
    "oneStar": 25,
    "twoStar": 7,
    "threeStar": 6,
    "fourStar": 24,
    "fiveStar": 66
  },
  "reviews": [],
  "orderBy": [
    {
      "name": "deliveroo.com.au",
      "url": "https://deliveroo.com.au/menu/melbourne/bentleigh/queen-margherita-bentleigh-east?utm_medium=affiliate&utm_source=google_maps_link"
    },
    {
      "name": "menulog.com.au",
      "url": "https://www.menulog.com.au/restaurants-queen-margherita-pizza-bentleigh-east/menu?utm_source=google&utm_medium=organic&utm_campaign=orderaction"
    }
  ]
}