{
  "title": "All Night Pizza Werribee",
  "subTitle": null,
  "price": null,
  "menu": null,
  "categoryName": "Pizza restaurant",
  "address": "21 Watton St, Werribee VIC 3030, Australia",
  "locatedIn": null,
  "neighborhood": "21 Watton St",
  "street": "21 Watton St",
  "city": "Werribee",
  "postalCode": "3030",
  "state": "Victoria",
  "countryCode": "AU",
  "plusCode": "3MX7+Q8 Werribee, Victoria, Australia",
  "website": null,
  "phone": "+61 3 9741 0148",
  "temporarilyClosed": false,
  "location": {
    "lat": -37.900537,
    "lng": 144.663374
  },
  "permanentlyClosed": true,
  "totalScore": 5,
  "isAdvertisement": false,
  "rank": 7,
  "placeId": "ChIJletQQaOF1moRLgVM61g-MvI",
  "categories": [
    "Pizza restaurant",
    "Takeout restaurant"
  ],
  "cid": "17452080057639765294",
  "url": "https://www.google.com/maps/place/All+Night+Pizza+Werribee/@-37.900537,144.663374,17z/data=!3m1!4b1!4m5!3m4!1s0x6ad685a34150eb95:0xf2323e58eb4c052e!8m2!3d-37.9004454!4d144.6632886?hl=en",
  "searchPageUrl": "https://www.google.com/maps/search/je+pizza/@-37.950525,144.6202935,15z?hl=en",
  "searchString": "je pizza",
  "scrapedAt": "2022-08-02T13:14:23.165Z",
  "additionalInfo": {
    "Service options": [
      {
        "Dine-in": true
      }
    ]
  },
  "reviewsCount": 1,
  "reviewsDistribution": {
    "oneStar": 0,
    "twoStar": 0,
    "threeStar": 0,
    "fourStar": 0,
    "fiveStar": 1
  },
  "reviews": [],
  "orderBy": []
}