{
  "title": "IL Forno Pizzeria Restaurant",
  "subTitle": null,
  "price": null,
  "menu": null,
  "categoryName": "Pizza restaurant",
  "address": "Unit 3/60 Bray St, South Yarra VIC 3141, Australia",
  "locatedIn": null,
  "neighborhood": "Unit 3/60 Bray St",
  "street": "Unit 3/60 Bray St",
  "city": "South Yarra",
  "postalCode": "3141",
  "state": "Victoria",
  "countryCode": "AU",
  "plusCode": "5X4W+M6 South Yarra, Victoria, Australia",
  "website": null,
  "phone": "+61 3 9826 0070",
  "temporarilyClosed": false,
  "location": {
    "lat": -37.843275,
    "lng": 144.995517
  },
  "permanentlyClosed": true,
  "totalScore": 2,
  "isAdvertisement": false,
  "rank": 15,
  "placeId": "ChIJzxmiFSho1moR-33uXwt5-1c",
  "categories": [
    "Pizza restaurant",
    "Italian restaurant",
    "Pizza takeaway"
  ],
  "cid": "6339793990215171579",
  "url": "https://www.google.com/maps/place/IL+Forno+Pizzeria+Restaurant/@-37.843275,144.995517,17z/data=!3m1!4b1!4m5!3m4!1s0x6ad6682815a219cf:0x57fb790b5fee7dfb!8m2!3d-37.8432741!4d144.9955082?hl=en",
  "searchPageUrl": "https://www.google.com/maps/search/60+pizza/@-37.8413092,145.0040678,15z?hl=en",
  "searchString": "60 pizza",
  "scrapedAt": "2022-08-04T20:52:19.821Z",
  "openingHours": [
    {
      "day": "Friday,",
      "hours": "5 to 10PM"
    },
    {
      "day": "Saturday,",
      "hours": "5 to 10PM"
    },
    {
      "day": "Sunday,",
      "hours": "5 to 10PM"
    },
    {
      "day": "Monday,",
      "hours": "Closed"
    },
    {
      "day": "Tuesday,",
      "hours": "5 to 10PM"
    },
    {
      "day": "Wednesday,",
      "hours": "5 to 10PM"
    },
    {
      "day": "Thursday,",
      "hours": "5 to 10PM"
    }
  ],
  "additionalInfo": {
    "Service options": [
      {
        "Dine-in": true
      }
    ],
    "Highlights": [
      {
        "Great dessert": true
      }
    ],
    "Popular for": [
      {
        "Dinner": true
      }
    ],
    "Offerings": [
      {
        "Alcohol": true
      },
      {
        "Beer": true
      },
      {
        "Late-night food": true
      },
      {
        "Vegetarian options": true
      },
      {
        "Wine": true
      }
    ],
    "Dining options": [
      {
        "Dinner": true
      }
    ],
    "Atmosphere": [
      {
        "Casual": true
      }
    ],
    "Planning": [
      {
        "Accepts reservations": true
      }
    ]
  },
  "reviewsCount": 1,
  "reviewsDistribution": {
    "oneStar": 0,
    "twoStar": 1,
    "threeStar": 0,
    "fourStar": 0,
    "fiveStar": 0
  },
  "reviews": [],
  "orderBy": []
}