{
  "title": "Don Domenico Pizzeria",
  "subTitle": null,
  "price": null,
  "menu": null,
  "categoryName": "Italian restaurant",
  "address": "Shop 7/2 Osprey Dr, Fraser Rise VIC 3336, Australia",
  "locatedIn": null,
  "neighborhood": "Shop 7/2 Osprey Dr",
  "street": "Shop 7/2 Osprey Dr",
  "city": "Fraser Rise",
  "postalCode": "3336",
  "state": "Victoria",
  "countryCode": "AU",
  "plusCode": "7PPG+XF Fraser Rise, Victoria, Australia",
  "website": "http://dondomenicopizzeria.com.au/",
  "phone": "+61 3 9449 1000",
  "temporarilyClosed": false,
  "location": {
    "lat": -37.7125561,
    "lng": 144.726245
  },
  "permanentlyClosed": false,
  "totalScore": 4.4,
  "isAdvertisement": false,
  "rank": 11,
  "placeId": "ChIJ-cVwVFL11moR477RQHoSeWo",
  "categories": [
    "Italian restaurant"
  ],
  "cid": "7672183756485148387",
  "url": "https://www.google.com/maps/place/Don+Domenico+Pizzeria/@-37.7125561,144.726245,17z/data=!3m1!4b1!4m5!3m4!1s0x6ad6f5525470c5f9:0x6a79127a40d1bee3!8m2!3d-37.7125561!4d144.726245?hl=en",
  "searchPageUrl": "https://www.google.com/maps/search/pizza/@-37.7593974,144.655182,15z?hl=en",
  "searchString": "pizza",
  "scrapedAt": "2022-08-01T17:03:46.531Z",
  "openingHours": [
    {
      "day": "Tuesday,",
      "hours": "4:30 to 10PM"
    },
    {
      "day": "Wednesday,",
      "hours": "4:30 to 10PM"
    },
    {
      "day": "Thursday,",
      "hours": "4:30 to 10PM"
    },
    {
      "day": "Friday,",
      "hours": "4:30 to 11:30PM"
    },
    {
      "day": "Saturday,",
      "hours": "4:30 to 11:30PM"
    },
    {
      "day": "Sunday,",
      "hours": "4:30 to 10PM"
    },
    {
      "day": "Monday,",
      "hours": "4:30 to 10PM"
    }
  ],
  "additionalInfo": {
    "Service options": [
      {
        "Outdoor seating": true
      },
      {
        "No-contact delivery": true
      },
      {
        "Delivery": true
      },
      {
        "Takeaway": true
      },
      {
        "Dine-in": true
      }
    ],
    "Accessibility": [
      {
        "Wheelchair-accessible car park": true
      }
    ],
    "Offerings": [
      {
        "Alcohol": true
      },
      {
        "Coffee": true
      },
      {
        "Late-night food": true
      },
      {
        "Vegetarian options": true
      }
    ],
    "Dining options": [
      {
        "Dinner": true
      },
      {
        "Catering": true
      },
      {
        "Seating": true
      }
    ],
    "Amenities": [
      {
        "Bar on site": true
      },
      {
        "Good for kids": true
      }
    ],
    "Atmosphere": [
      {
        "Casual": true
      }
    ],
    "Crowd": [
      {
        "Family friendly": true
      }
    ],
    "Planning": [
      {
        "Accepts reservations": true
      }
    ],
    "Payments": [
      {
        "Debit cards": true
      },
      {
        "NFC mobile payments": true
      },
      {
        "Credit cards": true
      }
    ]
  },
  "reviewsCount": 55,
  "reviewsDistribution": {
    "oneStar": 5,
    "twoStar": 3,
    "threeStar": 1,
    "fourStar": 0,
    "fiveStar": 46
  },
  "reviews": [],
  "orderBy": [
    {
      "name": "menulog.com.au",
      "url": "https://www.menulog.com.au/restaurants-don-domenico-pizzeria/menu?utm_source=google&utm_medium=organic&utm_campaign=orderaction"
    }
  ]
}