{
  "title": "Redneck Pizzas",
  "subTitle": null,
  "price": null,
  "menu": null,
  "categoryName": "Pizza restaurant",
  "address": "19 Kingston Rd, Heatherton VIC 3202, Australia",
  "locatedIn": null,
  "neighborhood": "19 Kingston Rd",
  "street": "19 Kingston Rd",
  "city": "Heatherton",
  "postalCode": "3202",
  "state": "Victoria",
  "countryCode": "AU",
  "plusCode": "23WJ+JG Heatherton, Victoria, Australia",
  "website": null,
  "phone": "+61 3 9551 4884",
  "temporarilyClosed": false,
  "location": {
    "lat": -37.9534627,
    "lng": 145.0813312
  },
  "permanentlyClosed": true,
  "totalScore": null,
  "isAdvertisement": false,
  "rank": 5,
  "placeId": "ChIJgzu5ZnBs1moRIRe-rDbOgJ0",
  "categories": [
    "Pizza restaurant"
  ],
  "cid": "11349297795195344673",
  "url": "https://www.google.com/maps/place/Redneck+Pizzas/@-37.9534627,145.0813312,17z/data=!3m1!4b1!4m5!3m4!1s0x6ad66c7066b93b83:0x9d80ce36acbe1721!8m2!3d-37.9534627!4d145.0813312?hl=en",
  "searchPageUrl": "https://www.google.com/maps/search/rw+pizza/@-37.9778289,145.1087335,15z?hl=en",
  "searchString": "rw pizza",
  "scrapedAt": "2022-08-03T08:03:27.923Z",
  "openingHours": [
    {
      "day": "Wednesday,",
      "hours": "5 to 9:30PM"
    },
    {
      "day": "Thursday,",
      "hours": "5 to 9:30PM"
    },
    {
      "day": "Friday,",
      "hours": "5 to 9:30PM"
    },
    {
      "day": "Saturday,",
      "hours": "5 to 9:30PM"
    },
    {
      "day": "Sunday,",
      "hours": "5 to 9:30PM"
    },
    {
      "day": "Monday,",
      "hours": "Closed"
    },
    {
      "day": "Tuesday,",
      "hours": "5 to 9:30PM"
    }
  ],
  "additionalInfo": {
    "Service options": [
      {
        "Dine-in": true
      }
    ],
    "Atmosphere": [
      {
        "Casual": true
      }
    ]
  },
  "reviewsCount": 0,
  "reviewsDistribution": {
    "oneStar": 0,
    "twoStar": 0,
    "threeStar": 0,
    "fourStar": 0,
    "fiveStar": 0
  },
  "reviews": [],
  "orderBy": []
}