{
  "title": "Pizza Romance",
  "subTitle": null,
  "price": null,
  "menu": null,
  "categoryName": "Pizza restaurant",
  "address": "7 Hillcrest Ave, Eltham VIC 3095, Australia",
  "locatedIn": null,
  "neighborhood": "7 Hillcrest Ave",
  "street": "7 Hillcrest Ave",
  "city": "Eltham",
  "postalCode": "3095",
  "state": "Victoria",
  "countryCode": "AU",
  "plusCode": "75C3+X5 Eltham, Victoria, Australia",
  "website": null,
  "phone": "+61 488 755 346",
  "temporarilyClosed": false,
  "location": {
    "lat": -37.7275671,
    "lng": 145.152908
  },
  "permanentlyClosed": true,
  "totalScore": 3,
  "isAdvertisement": false,
  "rank": 3,
  "placeId": "ChIJiw6S5-k31moRNwXg00MSIi0",
  "categories": [
    "Pizza restaurant",
    "Pizza takeaway"
  ],
  "cid": "3252181963441702199",
  "url": "https://www.google.com/maps/place/Pizza+Romance/@-37.7275671,145.152908,17z/data=!3m1!4b1!4m5!3m4!1s0x6ad637e9e7920e8b:0x2d221243d3e00537!8m2!3d-37.7277347!4d145.1529477?hl=en",
  "searchPageUrl": "https://www.google.com/maps/search/61+pizza/@-37.6501817,145.1436221,15z?hl=en",
  "searchString": "61 pizza",
  "scrapedAt": "2022-08-04T20:56:23.959Z",
  "openingHours": [
    {
      "day": "Friday,",
      "hours": "11AM to 9PM"
    },
    {
      "day": "Saturday,",
      "hours": "11AM to 9PM"
    },
    {
      "day": "Sunday,",
      "hours": "11AM to 9PM"
    },
    {
      "day": "Monday,",
      "hours": "Closed"
    },
    {
      "day": "Tuesday,",
      "hours": "Closed"
    },
    {
      "day": "Wednesday,",
      "hours": "Closed"
    },
    {
      "day": "Thursday,",
      "hours": "Closed"
    }
  ],
  "additionalInfo": {
    "Service options": [
      {
        "Dine-in": true
      }
    ],
    "Amenities": [
      {
        "Good for kids": true
      }
    ]
  },
  "reviewsCount": 2,
  "reviewsDistribution": {
    "oneStar": 1,
    "twoStar": 0,
    "threeStar": 0,
    "fourStar": 0,
    "fiveStar": 1
  },
  "reviews": [],
  "orderBy": []
}