{
  "title": "DOC Pizza & Mozzarella Bar - Southbank",
  "subTitle": null,
  "price": null,
  "menu": null,
  "categoryName": "Restaurant",
  "address": "Tenancy 7/6 Riverside Quay, Southbank VIC 3006, Australia",
  "locatedIn": null,
  "neighborhood": "Tenancy 7/6 Riverside Quay",
  "street": "Tenancy 7/6 Riverside Quay",
  "city": "Southbank",
  "postalCode": "3006",
  "state": "Victoria",
  "countryCode": "AU",
  "plusCode": "5XH7+HG Southbank, Victoria, Australia",
  "website": "https://docgroup.net/",
  "phone": "+61 3 9686 2780",
  "temporarilyClosed": false,
  "location": {
    "lat": -37.8210077,
    "lng": 144.963827
  },
  "permanentlyClosed": false,
  "totalScore": 4.2,
  "isAdvertisement": false,
  "rank": 1,
  "placeId": "ChIJ_f-j-UtD1moRr7bRglyyLaM",
  "categories": [
    "Restaurant"
  ],
  "cid": "11758250312535750319",
  "url": "https://www.google.com/maps/place/DOC+Pizza+%26+Mozzarella+Bar+-+Southbank/@-37.8210077,144.963827,17z/data=!3m1!4b1!4m5!3m4!1s0x6ad6434bf9a3fffd:0xa32db25c82d1b6af!8m2!3d-37.8210077!4d144.963827?hl=en",
  "searchPageUrl": "https://www.google.com/maps/search/c+pizza/@-37.8413092,144.7947364,15z?hl=en",
  "searchString": "c pizza",
  "scrapedAt": "2022-08-01T21:38:28.267Z",
  "popularTimesLiveText": null,
  "popularTimesLivePercent": null,
  "popularTimesHistogram": {
    "Su": [
      {
        "hour": 6,
        "occupancyPercent": 0
      },
      {
        "hour": 7,
        "occupancyPercent": 0
      },
      {
        "hour": 8,
        "occupancyPercent": 0
      },
      {
        "hour": 9,
        "occupancyPercent": 0
      },
      {
        "hour": 10,
        "occupancyPercent": 0
      },
      {
        "hour": 11,
        "occupancyPercent": 0
      },
      {
        "hour": 12,
        "occupancyPercent": 0
      },
      {
        "hour": 13,
        "occupancyPercent": 0
      },
      {
        "hour": 14,
        "occupancyPercent": 0
      },
      {
        "hour": 15,
        "occupancyPercent": 0
      },
      {
        "hour": 16,
        "occupancyPercent": 0
      },
      {
        "hour": 17,
        "occupancyPercent": 38
      },
      {
        "hour": 18,
        "occupancyPercent": 54
      },
      {
        "hour": 19,
        "occupancyPercent": 58
      },
      {
        "hour": 20,
        "occupancyPercent": 46
      },
      {
        "hour": 21,
        "occupancyPercent": 0
      },
      {
        "hour": 22,
        "occupancyPercent": 0
      },
      {
        "hour": 23,
        "occupancyPercent": 0
      }
    ],
    "Mo": [],
    "Tu": [
      {
        "hour": 6,
        "occupancyPercent": 0
      },
      {
        "hour": 7,
        "occupancyPercent": 0
      },
      {
        "hour": 8,
        "occupancyPercent": 0
      },
      {
        "hour": 9,
        "occupancyPercent": 0
      },
      {
        "hour": 10,
        "occupancyPercent": 0
      },
      {
        "hour": 11,
        "occupancyPercent": 0
      },
      {
        "hour": 12,
        "occupancyPercent": 0
      },
      {
        "hour": 13,
        "occupancyPercent": 0
      },
      {
        "hour": 14,
        "occupancyPercent": 0
      },
      {
        "hour": 15,
        "occupancyPercent": 0
      },
      {
        "hour": 16,
        "occupancyPercent": 0
      },
      {
        "hour": 17,
        "occupancyPercent": 6
      },
      {
        "hour": 18,
        "occupancyPercent": 16
      },
      {
        "hour": 19,
        "occupancyPercent": 25
      },
      {
        "hour": 20,
        "occupancyPercent": 23
      },
      {
        "hour": 21,
        "occupancyPercent": 0
      },
      {
        "hour": 22,
        "occupancyPercent": 0
      },
      {
        "hour": 23,
        "occupancyPercent": 0
      }
    ],
    "We": [
      {
        "hour": 6,
        "occupancyPercent": 0
      },
      {
        "hour": 7,
        "occupancyPercent": 0
      },
      {
        "hour": 8,
        "occupancyPercent": 0
      },
      {
        "hour": 9,
        "occupancyPercent": 0
      },
      {
        "hour": 10,
        "occupancyPercent": 0
      },
      {
        "hour": 11,
        "occupancyPercent": 0
      },
      {
        "hour": 12,
        "occupancyPercent": 39
      },
      {
        "hour": 13,
        "occupancyPercent": 41
      },
      {
        "hour": 14,
        "occupancyPercent": 33
      },
      {
        "hour": 15,
        "occupancyPercent": 21
      },
      {
        "hour": 16,
        "occupancyPercent": 15
      },
      {
        "hour": 17,
        "occupancyPercent": 24
      },
      {
        "hour": 18,
        "occupancyPercent": 36
      },
      {
        "hour": 19,
        "occupancyPercent": 35
      },
      {
        "hour": 20,
        "occupancyPercent": 34
      },
      {
        "hour": 21,
        "occupancyPercent": 0
      },
      {
        "hour": 22,
        "occupancyPercent": 0
      },
      {
        "hour": 23,
        "occupancyPercent": 0
      }
    ],
    "Th": [
      {
        "hour": 6,
        "occupancyPercent": 0
      },
      {
        "hour": 7,
        "occupancyPercent": 0
      },
      {
        "hour": 8,
        "occupancyPercent": 0
      },
      {
        "hour": 9,
        "occupancyPercent": 0
      },
      {
        "hour": 10,
        "occupancyPercent": 0
      },
      {
        "hour": 11,
        "occupancyPercent": 0
      },
      {
        "hour": 12,
        "occupancyPercent": 56
      },
      {
        "hour": 13,
        "occupancyPercent": 59
      },
      {
        "hour": 14,
        "occupancyPercent": 43
      },
      {
        "hour": 15,
        "occupancyPercent": 26
      },
      {
        "hour": 16,
        "occupancyPercent": 25
      },
      {
        "hour": 17,
        "occupancyPercent": 43
      },
      {
        "hour": 18,
        "occupancyPercent": 62
      },
      {
        "hour": 19,
        "occupancyPercent": 65
      },
      {
        "hour": 20,
        "occupancyPercent": 48
      },
      {
        "hour": 21,
        "occupancyPercent": 0
      },
      {
        "hour": 22,
        "occupancyPercent": 0
      },
      {
        "hour": 23,
        "occupancyPercent": 0
      }
    ],
    "Fr": [
      {
        "hour": 6,
        "occupancyPercent": 0
      },
      {
        "hour": 7,
        "occupancyPercent": 0
      },
      {
        "hour": 8,
        "occupancyPercent": 0
      },
      {
        "hour": 9,
        "occupancyPercent": 0
      },
      {
        "hour": 10,
        "occupancyPercent": 0
      },
      {
        "hour": 11,
        "occupancyPercent": 0
      },
      {
        "hour": 12,
        "occupancyPercent": 40
      },
      {
        "hour": 13,
        "occupancyPercent": 54
      },
      {
        "hour": 14,
        "occupancyPercent": 37
      },
      {
        "hour": 15,
        "occupancyPercent": 17
      },
      {
        "hour": 16,
        "occupancyPercent": 23
      },
      {
        "hour": 17,
        "occupancyPercent": 50
      },
      {
        "hour": 18,
        "occupancyPercent": 83
      },
      {
        "hour": 19,
        "occupancyPercent": 100
      },
      {
        "hour": 20,
        "occupancyPercent": 86
      },
      {
        "hour": 21,
        "occupancyPercent": 54
      },
      {
        "hour": 22,
        "occupancyPercent": 0
      },
      {
        "hour": 23,
        "occupancyPercent": 0
      }
    ],
    "Sa": [
      {
        "hour": 6,
        "occupancyPercent": 0
      },
      {
        "hour": 7,
        "occupancyPercent": 0
      },
      {
        "hour": 8,
        "occupancyPercent": 0
      },
      {
        "hour": 9,
        "occupancyPercent": 0
      },
      {
        "hour": 10,
        "occupancyPercent": 0
      },
      {
        "hour": 11,
        "occupancyPercent": 0
      },
      {
        "hour": 12,
        "occupancyPercent": 0
      },
      {
        "hour": 13,
        "occupancyPercent": 0
      },
      {
        "hour": 14,
        "occupancyPercent": 0
      },
      {
        "hour": 15,
        "occupancyPercent": 0
      },
      {
        "hour": 16,
        "occupancyPercent": 0
      },
      {
        "hour": 17,
        "occupancyPercent": 44
      },
      {
        "hour": 18,
        "occupancyPercent": 68
      },
      {
        "hour": 19,
        "occupancyPercent": 83
      },
      {
        "hour": 20,
        "occupancyPercent": 76
      },
      {
        "hour": 21,
        "occupancyPercent": 52
      },
      {
        "hour": 22,
        "occupancyPercent": 0
      },
      {
        "hour": 23,
        "occupancyPercent": 0
      }
    ]
  },
  "openingHours": [
    {
      "day": "Tuesday,",
      "hours": "5 to 9PM"
    },
    {
      "day": "Wednesday,",
      "hours": "12 to 9PM"
    },
    {
      "day": "Thursday,",
      "hours": "12 to 9PM"
    },
    {
      "day": "Friday,",
      "hours": "12 to 9:30PM"
    },
    {
      "day": "Saturday,",
      "hours": "5 to 9:30PM"
    },
    {
      "day": "Sunday,",
      "hours": "5 to 9PM"
    },
    {
      "day": "Monday,",
      "hours": "Closed"
    }
  ],
  "additionalInfo": {
    "Service options": [
      {
        "Outdoor seating": true
      },
      {
        "Delivery": true
      },
      {
        "Takeaway": true
      },
      {
        "Dine-in": true
      }
    ],
    "Accessibility": [
      {
        "Wheelchair-accessible entrance": true
      },
      {
        "Wheelchair-accessible seating": true
      },
      {
        "Wheelchair-accessible toilet": true
      }
    ],
    "Offerings": [
      {
        "Alcohol": true
      },
      {
        "Beer": true
      },
      {
        "Cocktails": true
      },
      {
        "Coffee": true
      },
      {
        "Healthy options": true
      },
      {
        "Late-night food": true
      },
      {
        "Small plates": true
      },
      {
        "Spirits": true
      },
      {
        "Wine": true
      }
    ],
    "Dining options": [
      {
        "Lunch": true
      },
      {
        "Dinner": true
      },
      {
        "Dessert": true
      }
    ],
    "Amenities": [
      {
        "Toilets": true
      }
    ],
    "Atmosphere": [
      {
        "Casual": true
      },
      {
        "Cosy": true
      }
    ],
    "Crowd": [
      {
        "Groups": true
      }
    ],
    "Planning": [
      {
        "Accepts reservations": true
      }
    ]
  },
  "reviewsCount": 252,
  "reviewsDistribution": {
    "oneStar": 22,
    "twoStar": 6,
    "threeStar": 13,
    "fourStar": 64,
    "fiveStar": 147
  },
  "reviews": [],
  "orderBy": [
    {
      "name": "opentable.com.au",
      "url": "https://www.opentable.com.au/restaurant/profile/149420?ref=11025"
    }
  ]
}