{
  "title": "T.Cs Pizza",
  "subTitle": null,
  "price": null,
  "menu": null,
  "categoryName": "Pizza delivery",
  "address": "88 Somerville Rd, Hampton Park VIC 3976, Australia",
  "locatedIn": null,
  "neighborhood": "88 Somerville Rd",
  "street": "88 Somerville Rd",
  "city": "Hampton Park",
  "postalCode": "3976",
  "state": "Victoria",
  "countryCode": "AU",
  "plusCode": "X794+GW Hampton Park, Victoria, Australia",
  "website": null,
  "phone": "+61 3 9799 1401",
  "temporarilyClosed": false,
  "location": {
    "lat": -38.031157,
    "lng": 145.257319
  },
  "permanentlyClosed": true,
  "totalScore": null,
  "isAdvertisement": false,
  "rank": 16,
  "placeId": "ChIJGY-uWBAR1moRqs3VgxVK6vo",
  "categories": [
    "Pizza delivery"
  ],
  "cid": "18080345110298873258",
  "url": "https://www.google.com/maps/place/T.Cs+Pizza/@-38.031157,145.257319,17z/data=!3m1!4b1!4m5!3m4!1s0x6ad6111058ae8f19:0xfaea4a1583d5cdaa!8m2!3d-38.030982!4d145.2573558?hl=en",
  "searchPageUrl": "https://www.google.com/maps/search/cs+pizza/@-37.8413092,144.9691792,15z?hl=en",
  "searchString": "cs pizza",
  "scrapedAt": "2022-08-01T22:47:56.046Z",
  "reviewsCount": 0,
  "reviewsDistribution": {
    "oneStar": 0,
    "twoStar": 0,
    "threeStar": 0,
    "fourStar": 0,
    "fiveStar": 0
  },
  "reviews": [],
  "orderBy": []
}