{
  "title": "Trevi's Pizza",
  "subTitle": null,
  "price": null,
  "menu": null,
  "categoryName": "Pizza restaurant",
  "address": "1214 Glen Huntly Rd, Glen Huntly VIC 3163, Australia",
  "locatedIn": null,
  "neighborhood": "1214 Glen Huntly Rd",
  "street": "1214 Glen Huntly Rd",
  "city": "Glen Huntly",
  "postalCode": "3163",
  "state": "Victoria",
  "countryCode": "AU",
  "plusCode": "426V+2P Glen Huntly, Victoria, Australia",
  "website": null,
  "phone": null,
  "temporarilyClosed": false,
  "location": {
    "lat": -37.889893,
    "lng": 145.0443097
  },
  "permanentlyClosed": true,
  "totalScore": 5,
  "isAdvertisement": false,
  "rank": 12,
  "placeId": "ChIJyZK1m4Zp1moR5-NHkN_PrdQ",
  "categories": [
    "Pizza restaurant"
  ],
  "cid": "15325133666116953063",
  "url": "https://www.google.com/maps/place/Trevi's+Pizza/@-37.889893,145.0443097,17z/data=!3m1!4b1!4m5!3m4!1s0x6ad669869bb592c9:0xd4adcfdf9047e3e7!8m2!3d-37.8897777!4d145.0443299?hl=en",
  "searchPageUrl": "https://www.google.com/maps/search/tr+pizza/@-37.8686132,145.0389564,15z?hl=en",
  "searchString": "tr pizza",
  "scrapedAt": "2022-08-03T12:12:14.317Z",
  "additionalInfo": {
    "Service options": [
      {
        "Dine-in": true
      }
    ],
    "Accessibility": [
      {
        "Wheelchair-accessible entrance": true
      }
    ],
    "Offerings": [
      {
        "Vegetarian options": true
      }
    ],
    "Dining options": [
      {
        "Lunch": true
      },
      {
        "Dinner": true
      }
    ],
    "Amenities": [
      {
        "Good for kids": true
      }
    ],
    "Atmosphere": [
      {
        "Casual": true
      }
    ],
    "Crowd": [
      {
        "Groups": true
      }
    ]
  },
  "reviewsCount": 1,
  "reviewsDistribution": {
    "oneStar": 0,
    "twoStar": 0,
    "threeStar": 0,
    "fourStar": 0,
    "fiveStar": 1
  },
  "reviews": [],
  "orderBy": []
}