{
  "title": "Ganzo Ristorante e Pizzeria",
  "subTitle": null,
  "price": null,
  "menu": null,
  "categoryName": "Italian restaurant",
  "address": "320 Bridge Rd, Richmond VIC 3121, Australia",
  "locatedIn": null,
  "neighborhood": "320 Bridge Rd",
  "street": "320 Bridge Rd",
  "city": "Richmond",
  "postalCode": "3121",
  "state": "Victoria",
  "countryCode": "AU",
  "plusCode": "52J2+9Q Richmond, Victoria, Australia",
  "website": "http://ganzo.com.au/",
  "phone": "+61 3 7020 6051",
  "temporarilyClosed": false,
  "location": {
    "lat": -37.819073,
    "lng": 145.001988
  },
  "permanentlyClosed": false,
  "totalScore": null,
  "isAdvertisement": false,
  "rank": 8,
  "placeId": "ChIJwzYrBT5D1moRmX8XBULO8CE",
  "categories": [
    "Italian restaurant"
  ],
  "cid": "2445681380610768793",
  "url": "https://www.google.com/maps/place/Ganzo+Ristorante+e+Pizzeria/@-37.819073,145.001988,17z/data=!3m1!4b1!4m5!3m4!1s0x6ad6433e052b36c3:0x21f0ce4205177f99!8m2!3d-37.819073!4d145.001988?hl=en",
  "searchPageUrl": "https://www.google.com/maps/search/go+pizza/@-37.8140053,145.0040678,15z?hl=en",
  "searchString": "go pizza",
  "scrapedAt": "2022-08-02T07:16:12.008Z",
  "additionalInfo": {
    "Service options": [
      {
        "Delivery": true
      },
      {
        "Takeaway": true
      },
      {
        "Dine-in": true
      }
    ],
    "Accessibility": [
      {
        "Wheelchair-accessible entrance": true
      }
    ],
    "Offerings": [
      {
        "Late-night food": true
      }
    ],
    "Dining options": [
      {
        "Dessert": true
      }
    ],
    "Amenities": [
      {
        "Good for kids": true
      }
    ],
    "Planning": [
      {
        "Accepts reservations": true
      }
    ],
    "Payments": [
      {
        "NFC mobile payments": true
      }
    ]
  },
  "reviewsCount": 0,
  "reviewsDistribution": {},
  "reviews": [],
  "orderBy": [
    {
      "name": "tableagent.com",
      "url": "https://tableagent.com/melbourne/ganzo-italian-restaurant/"
    }
  ]
}