{
  "title": "DOC Pizza & Mozzarella Bar Delicatessen",
  "subTitle": null,
  "price": "$$",
  "menu": null,
  "categoryName": "Italian restaurant",
  "address": "22 Main St, Mornington VIC 3931, Australia",
  "locatedIn": null,
  "neighborhood": "22 Main St",
  "street": "22 Main St",
  "city": "Mornington",
  "postalCode": "3931",
  "state": "Victoria",
  "countryCode": "AU",
  "plusCode": "Q2MP+4X Mornington, Victoria, Australia",
  "website": "http://docgroup.net/",
  "phone": "+61 3 5977 0988",
  "temporarilyClosed": false,
  "location": {
    "lat": -38.2172235,
    "lng": 145.0373886
  },
  "permanentlyClosed": false,
  "totalScore": 4.4,
  "isAdvertisement": false,
  "rank": 20,
  "placeId": "ChIJ-64am0XZ1WoRvSR6RyDilLg",
  "categories": [
    "Pizza restaurant",
    "Italian restaurant"
  ],
  "cid": "13300504227797935293",
  "url": "https://www.google.com/maps/place/DOC+Pizza+%26+Mozzarella+Bar+Delicatessen/@-38.2172235,145.0373886,17z/data=!3m1!4b1!4m5!3m4!1s0x6ad5d9459b1aaefb:0xb894e220477a24bd!8m2!3d-38.2172292!4d145.0373797?hl=en",
  "searchPageUrl": "https://www.google.com/maps/search/pizza/@-38.3327802,145.0040678,15z?hl=en",
  "searchString": "pizza",
  "scrapedAt": "2022-08-01T17:06:49.245Z",
  "popularTimesLiveText": null,
  "popularTimesLivePercent": null,
  "popularTimesHistogram": {
    "Su": [
      {
        "hour": 6,
        "occupancyPercent": 0
      },
      {
        "hour": 7,
        "occupancyPercent": 0
      },
      {
        "hour": 8,
        "occupancyPercent": 0
      },
      {
        "hour": 9,
        "occupancyPercent": 14
      },
      {
        "hour": 10,
        "occupancyPercent": 31
      },
      {
        "hour": 11,
        "occupancyPercent": 58
      },
      {
        "hour": 12,
        "occupancyPercent": 86
      },
      {
        "hour": 13,
        "occupancyPercent": 100
      },
      {
        "hour": 14,
        "occupancyPercent": 93
      },
      {
        "hour": 15,
        "occupancyPercent": 74
      },
      {
        "hour": 16,
        "occupancyPercent": 63
      },
      {
        "hour": 17,
        "occupancyPercent": 67
      },
      {
        "hour": 18,
        "occupancyPercent": 70
      },
      {
        "hour": 19,
        "occupancyPercent": 55
      },
      {
        "hour": 20,
        "occupancyPercent": 30
      },
      {
        "hour": 21,
        "occupancyPercent": 0
      },
      {
        "hour": 22,
        "occupancyPercent": 0
      },
      {
        "hour": 23,
        "occupancyPercent": 0
      }
    ],
    "Mo": [
      {
        "hour": 6,
        "occupancyPercent": 0
      },
      {
        "hour": 7,
        "occupancyPercent": 0
      },
      {
        "hour": 8,
        "occupancyPercent": 0
      },
      {
        "hour": 9,
        "occupancyPercent": 10
      },
      {
        "hour": 10,
        "occupancyPercent": 19
      },
      {
        "hour": 11,
        "occupancyPercent": 32
      },
      {
        "hour": 12,
        "occupancyPercent": 44
      },
      {
        "hour": 13,
        "occupancyPercent": 51
      },
      {
        "hour": 14,
        "occupancyPercent": 48
      },
      {
        "hour": 15,
        "occupancyPercent": 39
      },
      {
        "hour": 16,
        "occupancyPercent": 28
      },
      {
        "hour": 17,
        "occupancyPercent": 25
      },
      {
        "hour": 18,
        "occupancyPercent": 31
      },
      {
        "hour": 19,
        "occupancyPercent": 33
      },
      {
        "hour": 20,
        "occupancyPercent": 24
      },
      {
        "hour": 21,
        "occupancyPercent": 0
      },
      {
        "hour": 22,
        "occupancyPercent": 0
      },
      {
        "hour": 23,
        "occupancyPercent": 0
      }
    ],
    "Tu": [
      {
        "hour": 6,
        "occupancyPercent": 0
      },
      {
        "hour": 7,
        "occupancyPercent": 0
      },
      {
        "hour": 8,
        "occupancyPercent": 0
      },
      {
        "hour": 9,
        "occupancyPercent": 10
      },
      {
        "hour": 10,
        "occupancyPercent": 20
      },
      {
        "hour": 11,
        "occupancyPercent": 31
      },
      {
        "hour": 12,
        "occupancyPercent": 41
      },
      {
        "hour": 13,
        "occupancyPercent": 43
      },
      {
        "hour": 14,
        "occupancyPercent": 38
      },
      {
        "hour": 15,
        "occupancyPercent": 28
      },
      {
        "hour": 16,
        "occupancyPercent": 20
      },
      {
        "hour": 17,
        "occupancyPercent": 21
      },
      {
        "hour": 18,
        "occupancyPercent": 31
      },
      {
        "hour": 19,
        "occupancyPercent": 38
      },
      {
        "hour": 20,
        "occupancyPercent": 31
      },
      {
        "hour": 21,
        "occupancyPercent": 0
      },
      {
        "hour": 22,
        "occupancyPercent": 0
      },
      {
        "hour": 23,
        "occupancyPercent": 0
      }
    ],
    "We": [
      {
        "hour": 6,
        "occupancyPercent": 0
      },
      {
        "hour": 7,
        "occupancyPercent": 0
      },
      {
        "hour": 8,
        "occupancyPercent": 0
      },
      {
        "hour": 9,
        "occupancyPercent": 6
      },
      {
        "hour": 10,
        "occupancyPercent": 14
      },
      {
        "hour": 11,
        "occupancyPercent": 26
      },
      {
        "hour": 12,
        "occupancyPercent": 37
      },
      {
        "hour": 13,
        "occupancyPercent": 39
      },
      {
        "hour": 14,
        "occupancyPercent": 31
      },
      {
        "hour": 15,
        "occupancyPercent": 19
      },
      {
        "hour": 16,
        "occupancyPercent": 13
      },
      {
        "hour": 17,
        "occupancyPercent": 18
      },
      {
        "hour": 18,
        "occupancyPercent": 30
      },
      {
        "hour": 19,
        "occupancyPercent": 36
      },
      {
        "hour": 20,
        "occupancyPercent": 26
      },
      {
        "hour": 21,
        "occupancyPercent": 0
      },
      {
        "hour": 22,
        "occupancyPercent": 0
      },
      {
        "hour": 23,
        "occupancyPercent": 0
      }
    ],
    "Th": [
      {
        "hour": 6,
        "occupancyPercent": 0
      },
      {
        "hour": 7,
        "occupancyPercent": 0
      },
      {
        "hour": 8,
        "occupancyPercent": 0
      },
      {
        "hour": 9,
        "occupancyPercent": 7
      },
      {
        "hour": 10,
        "occupancyPercent": 16
      },
      {
        "hour": 11,
        "occupancyPercent": 27
      },
      {
        "hour": 12,
        "occupancyPercent": 37
      },
      {
        "hour": 13,
        "occupancyPercent": 37
      },
      {
        "hour": 14,
        "occupancyPercent": 29
      },
      {
        "hour": 15,
        "occupancyPercent": 18
      },
      {
        "hour": 16,
        "occupancyPercent": 15
      },
      {
        "hour": 17,
        "occupancyPercent": 22
      },
      {
        "hour": 18,
        "occupancyPercent": 35
      },
      {
        "hour": 19,
        "occupancyPercent": 39
      },
      {
        "hour": 20,
        "occupancyPercent": 27
      },
      {
        "hour": 21,
        "occupancyPercent": 0
      },
      {
        "hour": 22,
        "occupancyPercent": 0
      },
      {
        "hour": 23,
        "occupancyPercent": 0
      }
    ],
    "Fr": [
      {
        "hour": 6,
        "occupancyPercent": 0
      },
      {
        "hour": 7,
        "occupancyPercent": 0
      },
      {
        "hour": 8,
        "occupancyPercent": 0
      },
      {
        "hour": 9,
        "occupancyPercent": 2
      },
      {
        "hour": 10,
        "occupancyPercent": 8
      },
      {
        "hour": 11,
        "occupancyPercent": 19
      },
      {
        "hour": 12,
        "occupancyPercent": 33
      },
      {
        "hour": 13,
        "occupancyPercent": 37
      },
      {
        "hour": 14,
        "occupancyPercent": 28
      },
      {
        "hour": 15,
        "occupancyPercent": 17
      },
      {
        "hour": 16,
        "occupancyPercent": 15
      },
      {
        "hour": 17,
        "occupancyPercent": 30
      },
      {
        "hour": 18,
        "occupancyPercent": 53
      },
      {
        "hour": 19,
        "occupancyPercent": 64
      },
      {
        "hour": 20,
        "occupancyPercent": 52
      },
      {
        "hour": 21,
        "occupancyPercent": 0
      },
      {
        "hour": 22,
        "occupancyPercent": 0
      },
      {
        "hour": 23,
        "occupancyPercent": 0
      }
    ],
    "Sa": [
      {
        "hour": 6,
        "occupancyPercent": 0
      },
      {
        "hour": 7,
        "occupancyPercent": 0
      },
      {
        "hour": 8,
        "occupancyPercent": 0
      },
      {
        "hour": 9,
        "occupancyPercent": 12
      },
      {
        "hour": 10,
        "occupancyPercent": 26
      },
      {
        "hour": 11,
        "occupancyPercent": 45
      },
      {
        "hour": 12,
        "occupancyPercent": 64
      },
      {
        "hour": 13,
        "occupancyPercent": 74
      },
      {
        "hour": 14,
        "occupancyPercent": 72
      },
      {
        "hour": 15,
        "occupancyPercent": 64
      },
      {
        "hour": 16,
        "occupancyPercent": 61
      },
      {
        "hour": 17,
        "occupancyPercent": 70
      },
      {
        "hour": 18,
        "occupancyPercent": 81
      },
      {
        "hour": 19,
        "occupancyPercent": 83
      },
      {
        "hour": 20,
        "occupancyPercent": 67
      },
      {
        "hour": 21,
        "occupancyPercent": 0
      },
      {
        "hour": 22,
        "occupancyPercent": 0
      },
      {
        "hour": 23,
        "occupancyPercent": 0
      }
    ]
  },
  "openingHours": [
    {
      "day": "Tuesday,",
      "hours": "9:30AM to 8:30PM"
    },
    {
      "day": "Wednesday,",
      "hours": "9:30AM to 8:30PM"
    },
    {
      "day": "Thursday,",
      "hours": "9:30AM to 8:30PM"
    },
    {
      "day": "Friday,",
      "hours": "9:30AM to 9PM"
    },
    {
      "day": "Saturday,",
      "hours": "9:30AM to 9PM"
    },
    {
      "day": "Sunday,",
      "hours": "9:30AM to 8:30PM"
    },
    {
      "day": "Monday,",
      "hours": "9:30AM to 8:30PM"
    }
  ],
  "additionalInfo": {
    "Service options": [
      {
        "Outdoor seating": true
      },
      {
        "Takeaway": true
      },
      {
        "Dine-in": true
      },
      {
        "Delivery": false
      }
    ],
    "Accessibility": [
      {
        "Wheelchair-accessible car park": true
      },
      {
        "Wheelchair-accessible entrance": true
      },
      {
        "Wheelchair-accessible seating": true
      },
      {
        "Wheelchair-accessible toilet": true
      }
    ],
    "Offerings": [
      {
        "Coffee": true
      },
      {
        "Kids' menu": true
      },
      {
        "Late-night food": true
      },
      {
        "Small plates": true
      }
    ],
    "Dining options": [
      {
        "Lunch": true
      },
      {
        "Dinner": true
      },
      {
        "Dessert": true
      }
    ],
    "Amenities": [
      {
        "Good for kids": true
      },
      {
        "High chairs": true
      },
      {
        "Toilets": true
      }
    ],
    "Atmosphere": [
      {
        "Casual": true
      }
    ],
    "Crowd": [
      {
        "Groups": true
      }
    ],
    "Planning": [
      {
        "Accepts reservations": true
      }
    ],
    "Payments": [
      {
        "NFC mobile payments": true
      }
    ]
  },
  "reviewsCount": 1453,
  "reviewsDistribution": {
    "oneStar": 62,
    "twoStar": 37,
    "threeStar": 92,
    "fourStar": 325,
    "fiveStar": 937
  },
  "reviews": [],
  "orderBy": []
}