{
  "title": "Pizza Collective",
  "subTitle": null,
  "price": null,
  "menu": null,
  "categoryName": "Pizza restaurant",
  "address": "155 Whitehorse Rd, Blackburn VIC 3130, Australia",
  "locatedIn": null,
  "neighborhood": "155 Whitehorse Rd",
  "street": "155 Whitehorse Rd",
  "city": "Blackburn",
  "postalCode": "3130",
  "state": "Victoria",
  "countryCode": "AU",
  "plusCode": "55M3+2V Blackburn, Victoria, Australia",
  "website": "http://www.pizzacollective.com.au/",
  "phone": "+61 3 9847 7911",
  "temporarilyClosed": false,
  "location": {
    "lat": -37.817384,
    "lng": 145.154692
  },
  "permanentlyClosed": false,
  "totalScore": 5,
  "isAdvertisement": false,
  "rank": 13,
  "placeId": "ChIJH0-Yti851moRscvBO9Qe39M",
  "categories": [
    "Pizza restaurant"
  ],
  "cid": "15266955158693727153",
  "url": "https://www.google.com/maps/place/Pizza+Collective/@-37.817384,145.154692,17z/data=!3m1!4b1!4m5!3m4!1s0x6ad6392fb6984f1f:0xd3df1ed43bc1cbb1!8m2!3d-37.817437!4d145.1546845?hl=en",
  "searchPageUrl": "https://www.google.com/maps/search/pizza/@-37.8413092,145.1436221,15z?hl=en",
  "searchString": "pizza",
  "scrapedAt": "2022-08-01T17:09:55.210Z",
  "openingHours": [
    {
      "day": "Tuesday,",
      "hours": "11AM to 10PM"
    },
    {
      "day": "Wednesday,",
      "hours": "11AM to 10PM"
    },
    {
      "day": "Thursday,",
      "hours": "11AM to 10PM"
    },
    {
      "day": "Friday,",
      "hours": "11AM to 11PM"
    },
    {
      "day": "Saturday,",
      "hours": "11AM to 11PM"
    },
    {
      "day": "Sunday,",
      "hours": "11AM to 10PM"
    },
    {
      "day": "Monday,",
      "hours": "11AM to 10PM"
    }
  ],
  "additionalInfo": {
    "Service options": [
      {
        "Delivery": true
      },
      {
        "Takeaway": true
      },
      {
        "Dine-in": true
      }
    ],
    "Dining options": [
      {
        "Dinner": true
      }
    ],
    "Amenities": [
      {
        "Good for kids": true
      }
    ],
    "Atmosphere": [
      {
        "Casual": true
      }
    ],
    "Crowd": [
      {
        "Groups": true
      }
    ]
  },
  "reviewsCount": 10,
  "reviewsDistribution": {
    "oneStar": 0,
    "twoStar": 0,
    "threeStar": 0,
    "fourStar": 0,
    "fiveStar": 10
  },
  "reviews": [],
  "orderBy": [
    {
      "name": "doordash.com",
      "url": "https://www.doordash.com/en-AU/store/pizza-collective-blackburn-23168465/?utm_campaign=gpa"
    },
    {
      "name": "deliveroo.com.au",
      "url": "https://deliveroo.com.au/menu/melbourne/blackburn/pizza-collective-blackburn?utm_medium=affiliate&utm_source=google_maps_link"
    }
  ]
}