{
  "title": "Montrose Charcoal Chicken pizza pasta",
  "subTitle": null,
  "price": "$",
  "menu": null,
  "categoryName": "Takeout restaurant",
  "address": "1/926 Mount Dandenong Tourist Rd, Montrose VIC 3765, Australia",
  "locatedIn": null,
  "neighborhood": "1/926 Mount Dandenong Tourist Rd",
  "street": "1/926 Mount Dandenong Tourist Rd",
  "city": "Montrose",
  "postalCode": "3765",
  "state": "Victoria",
  "countryCode": "AU",
  "plusCode": "58QV+MC Montrose, Victoria, Australia",
  "website": "https://www.facebook.com/montrosecharcoalchicken/",
  "phone": null,
  "temporarilyClosed": false,
  "location": {
    "lat": -37.810826,
    "lng": 145.3435404
  },
  "permanentlyClosed": false,
  "totalScore": 3.8,
  "isAdvertisement": false,
  "rank": 3,
  "placeId": "ChIJS0ZjaWIl1moRhqEbp0aMbBI",
  "categories": [
    "Takeout restaurant",
    "Fast food restaurant"
  ],
  "cid": "1327590225246658950",
  "url": "https://www.google.com/maps/place/Montrose+Charcoal+Chicken+pizza+pasta/@-37.810826,145.3435404,17z/data=!3m1!4b1!4m5!3m4!1s0x6ad625626963464b:0x126c8c46a71ba186!8m2!3d-37.8107618!4d145.3435894?hl=en",
  "searchPageUrl": "https://www.google.com/maps/search/as+pizza/@-37.8140053,145.3529536,15z?hl=en",
  "searchString": "as pizza",
  "scrapedAt": "2022-08-01T18:23:06.511Z",
  "popularTimesLiveText": null,
  "popularTimesLivePercent": null,
  "popularTimesHistogram": {
    "Su": [
      {
        "hour": 6,
        "occupancyPercent": 0
      },
      {
        "hour": 7,
        "occupancyPercent": 0
      },
      {
        "hour": 8,
        "occupancyPercent": 0
      },
      {
        "hour": 9,
        "occupancyPercent": 0
      },
      {
        "hour": 10,
        "occupancyPercent": 0
      },
      {
        "hour": 11,
        "occupancyPercent": 8
      },
      {
        "hour": 12,
        "occupancyPercent": 24
      },
      {
        "hour": 13,
        "occupancyPercent": 36
      },
      {
        "hour": 14,
        "occupancyPercent": 32
      },
      {
        "hour": 15,
        "occupancyPercent": 29
      },
      {
        "hour": 16,
        "occupancyPercent": 41
      },
      {
        "hour": 17,
        "occupancyPercent": 58
      },
      {
        "hour": 18,
        "occupancyPercent": 64
      },
      {
        "hour": 19,
        "occupancyPercent": 51
      },
      {
        "hour": 20,
        "occupancyPercent": 29
      },
      {
        "hour": 21,
        "occupancyPercent": 0
      },
      {
        "hour": 22,
        "occupancyPercent": 0
      },
      {
        "hour": 23,
        "occupancyPercent": 0
      }
    ],
    "Mo": [],
    "Tu": [
      {
        "hour": 6,
        "occupancyPercent": 0
      },
      {
        "hour": 7,
        "occupancyPercent": 0
      },
      {
        "hour": 8,
        "occupancyPercent": 0
      },
      {
        "hour": 9,
        "occupancyPercent": 0
      },
      {
        "hour": 10,
        "occupancyPercent": 0
      },
      {
        "hour": 11,
        "occupancyPercent": 9
      },
      {
        "hour": 12,
        "occupancyPercent": 14
      },
      {
        "hour": 13,
        "occupancyPercent": 15
      },
      {
        "hour": 14,
        "occupancyPercent": 13
      },
      {
        "hour": 15,
        "occupancyPercent": 10
      },
      {
        "hour": 16,
        "occupancyPercent": 18
      },
      {
        "hour": 17,
        "occupancyPercent": 45
      },
      {
        "hour": 18,
        "occupancyPercent": 60
      },
      {
        "hour": 19,
        "occupancyPercent": 37
      },
      {
        "hour": 20,
        "occupancyPercent": 11
      },
      {
        "hour": 21,
        "occupancyPercent": 0
      },
      {
        "hour": 22,
        "occupancyPercent": 0
      },
      {
        "hour": 23,
        "occupancyPercent": 0
      }
    ],
    "We": [
      {
        "hour": 6,
        "occupancyPercent": 0
      },
      {
        "hour": 7,
        "occupancyPercent": 0
      },
      {
        "hour": 8,
        "occupancyPercent": 0
      },
      {
        "hour": 9,
        "occupancyPercent": 0
      },
      {
        "hour": 10,
        "occupancyPercent": 0
      },
      {
        "hour": 11,
        "occupancyPercent": 14
      },
      {
        "hour": 12,
        "occupancyPercent": 24
      },
      {
        "hour": 13,
        "occupancyPercent": 15
      },
      {
        "hour": 14,
        "occupancyPercent": 4
      },
      {
        "hour": 15,
        "occupancyPercent": 3
      },
      {
        "hour": 16,
        "occupancyPercent": 15
      },
      {
        "hour": 17,
        "occupancyPercent": 42
      },
      {
        "hour": 18,
        "occupancyPercent": 60
      },
      {
        "hour": 19,
        "occupancyPercent": 41
      },
      {
        "hour": 20,
        "occupancyPercent": 15
      },
      {
        "hour": 21,
        "occupancyPercent": 0
      },
      {
        "hour": 22,
        "occupancyPercent": 0
      },
      {
        "hour": 23,
        "occupancyPercent": 0
      }
    ],
    "Th": [
      {
        "hour": 6,
        "occupancyPercent": 0
      },
      {
        "hour": 7,
        "occupancyPercent": 0
      },
      {
        "hour": 8,
        "occupancyPercent": 0
      },
      {
        "hour": 9,
        "occupancyPercent": 0
      },
      {
        "hour": 10,
        "occupancyPercent": 0
      },
      {
        "hour": 11,
        "occupancyPercent": 4
      },
      {
        "hour": 12,
        "occupancyPercent": 26
      },
      {
        "hour": 13,
        "occupancyPercent": 23
      },
      {
        "hour": 14,
        "occupancyPercent": 14
      },
      {
        "hour": 15,
        "occupancyPercent": 18
      },
      {
        "hour": 16,
        "occupancyPercent": 27
      },
      {
        "hour": 17,
        "occupancyPercent": 48
      },
      {
        "hour": 18,
        "occupancyPercent": 71
      },
      {
        "hour": 19,
        "occupancyPercent": 63
      },
      {
        "hour": 20,
        "occupancyPercent": 32
      },
      {
        "hour": 21,
        "occupancyPercent": 0
      },
      {
        "hour": 22,
        "occupancyPercent": 0
      },
      {
        "hour": 23,
        "occupancyPercent": 0
      }
    ],
    "Fr": [
      {
        "hour": 6,
        "occupancyPercent": 0
      },
      {
        "hour": 7,
        "occupancyPercent": 0
      },
      {
        "hour": 8,
        "occupancyPercent": 0
      },
      {
        "hour": 9,
        "occupancyPercent": 0
      },
      {
        "hour": 10,
        "occupancyPercent": 0
      },
      {
        "hour": 11,
        "occupancyPercent": 6
      },
      {
        "hour": 12,
        "occupancyPercent": 14
      },
      {
        "hour": 13,
        "occupancyPercent": 14
      },
      {
        "hour": 14,
        "occupancyPercent": 10
      },
      {
        "hour": 15,
        "occupancyPercent": 20
      },
      {
        "hour": 16,
        "occupancyPercent": 50
      },
      {
        "hour": 17,
        "occupancyPercent": 87
      },
      {
        "hour": 18,
        "occupancyPercent": 100
      },
      {
        "hour": 19,
        "occupancyPercent": 76
      },
      {
        "hour": 20,
        "occupancyPercent": 38
      },
      {
        "hour": 21,
        "occupancyPercent": 0
      },
      {
        "hour": 22,
        "occupancyPercent": 0
      },
      {
        "hour": 23,
        "occupancyPercent": 0
      }
    ],
    "Sa": [
      {
        "hour": 6,
        "occupancyPercent": 0
      },
      {
        "hour": 7,
        "occupancyPercent": 0
      },
      {
        "hour": 8,
        "occupancyPercent": 0
      },
      {
        "hour": 9,
        "occupancyPercent": 0
      },
      {
        "hour": 10,
        "occupancyPercent": 0
      },
      {
        "hour": 11,
        "occupancyPercent": 15
      },
      {
        "hour": 12,
        "occupancyPercent": 36
      },
      {
        "hour": 13,
        "occupancyPercent": 23
      },
      {
        "hour": 14,
        "occupancyPercent": 13
      },
      {
        "hour": 15,
        "occupancyPercent": 29
      },
      {
        "hour": 16,
        "occupancyPercent": 60
      },
      {
        "hour": 17,
        "occupancyPercent": 90
      },
      {
        "hour": 18,
        "occupancyPercent": 98
      },
      {
        "hour": 19,
        "occupancyPercent": 78
      },
      {
        "hour": 20,
        "occupancyPercent": 45
      },
      {
        "hour": 21,
        "occupancyPercent": 0
      },
      {
        "hour": 22,
        "occupancyPercent": 0
      },
      {
        "hour": 23,
        "occupancyPercent": 0
      }
    ]
  },
  "openingHours": [
    {
      "day": "Tuesday,",
      "hours": "11AM to 9PM"
    },
    {
      "day": "Wednesday,",
      "hours": "11AM to 9PM"
    },
    {
      "day": "Thursday,",
      "hours": "11AM to 9PM"
    },
    {
      "day": "Friday,",
      "hours": "11AM to 9PM"
    },
    {
      "day": "Saturday,",
      "hours": "11AM to 9PM"
    },
    {
      "day": "Sunday,",
      "hours": "11AM to 9PM"
    },
    {
      "day": "Monday,",
      "hours": "Closed"
    }
  ],
  "additionalInfo": {
    "Service options": [
      {
        "Delivery": true
      },
      {
        "Takeaway": true
      },
      {
        "Dine-in": false
      }
    ],
    "Highlights": [
      {
        "Fast service": true
      }
    ],
    "Accessibility": [
      {
        "Wheelchair-accessible car park": true
      },
      {
        "Wheelchair-accessible entrance": true
      },
      {
        "Wheelchair-accessible toilet": false
      }
    ],
    "Offerings": [
      {
        "Coffee": true
      },
      {
        "Halal food": true
      },
      {
        "Late-night food": true
      },
      {
        "Quick bite": true
      },
      {
        "Vegetarian options": true
      }
    ],
    "Dining options": [
      {
        "Lunch": true
      }
    ],
    "Amenities": [
      {
        "Good for kids": true
      }
    ],
    "Atmosphere": [
      {
        "Casual": true
      }
    ],
    "Crowd": [
      {
        "Groups": true
      }
    ],
    "Payments": [
      {
        "NFC mobile payments": true
      }
    ]
  },
  "reviewsCount": 260,
  "reviewsDistribution": {
    "oneStar": 63,
    "twoStar": 12,
    "threeStar": 8,
    "fourStar": 19,
    "fiveStar": 158
  },
  "reviews": [],
  "orderBy": [
    {
      "name": "doordash.com",
      "url": "https://www.doordash.com/en-AU/store/montrose-charcoal-chicken-pizza-kebabs-montrose-870149/?utm_campaign=gpa"
    }
  ]
}