{
  "title": "Ruby's Pizza & Pasta Restaurant",
  "subTitle": null,
  "price": "$$",
  "menu": null,
  "categoryName": "Pizza restaurant",
  "address": "11/17 Station Rd, Melton South VIC 3338, Australia",
  "locatedIn": "Melton Station Square",
  "neighborhood": "11/17 Station Rd",
  "street": "11/17 Station Rd",
  "city": "Melton South",
  "postalCode": "3338",
  "state": "Victoria",
  "countryCode": "AU",
  "plusCode": "7HXF+3H Melton South, Victoria, Australia",
  "website": "https://rubyspizzaandpasta.com.au/",
  "phone": "+61 3 9743 3166",
  "temporarilyClosed": false,
  "location": {
    "lat": -37.7023053,
    "lng": 144.5738974
  },
  "permanentlyClosed": false,
  "totalScore": 3.7,
  "isAdvertisement": false,
  "rank": 15,
  "placeId": "ChIJxdyCIdKS1moRtAP8oP-sBJI",
  "categories": [
    "Pizza restaurant"
  ],
  "cid": "10521724843361829812",
  "url": "https://www.google.com/maps/place/Ruby's+Pizza+%26+Pasta+Restaurant/@-37.7023053,144.5738974,17z/data=!3m1!4b1!4m5!3m4!1s0x6ad692d22182dcc5:0x9204acffa0fc03b4!8m2!3d-37.7023053!4d144.5738974?hl=en",
  "searchPageUrl": "https://www.google.com/maps/search/pizza/@-37.8140053,144.4807392,15z?hl=en",
  "searchString": "pizza",
  "scrapedAt": "2022-08-01T17:00:51.747Z",
  "popularTimesLiveText": null,
  "popularTimesLivePercent": null,
  "popularTimesHistogram": {
    "Su": [
      {
        "hour": 6,
        "occupancyPercent": 0
      },
      {
        "hour": 7,
        "occupancyPercent": 0
      },
      {
        "hour": 8,
        "occupancyPercent": 0
      },
      {
        "hour": 9,
        "occupancyPercent": 0
      },
      {
        "hour": 10,
        "occupancyPercent": 0
      },
      {
        "hour": 11,
        "occupancyPercent": 0
      },
      {
        "hour": 12,
        "occupancyPercent": 0
      },
      {
        "hour": 13,
        "occupancyPercent": 0
      },
      {
        "hour": 14,
        "occupancyPercent": 0
      },
      {
        "hour": 15,
        "occupancyPercent": 0
      },
      {
        "hour": 16,
        "occupancyPercent": 39
      },
      {
        "hour": 17,
        "occupancyPercent": 69
      },
      {
        "hour": 18,
        "occupancyPercent": 62
      },
      {
        "hour": 19,
        "occupancyPercent": 29
      },
      {
        "hour": 20,
        "occupancyPercent": 10
      },
      {
        "hour": 21,
        "occupancyPercent": 28
      },
      {
        "hour": 22,
        "occupancyPercent": 0
      },
      {
        "hour": 23,
        "occupancyPercent": 0
      }
    ],
    "Mo": [],
    "Tu": [
      {
        "hour": 6,
        "occupancyPercent": 0
      },
      {
        "hour": 7,
        "occupancyPercent": 0
      },
      {
        "hour": 8,
        "occupancyPercent": 0
      },
      {
        "hour": 9,
        "occupancyPercent": 0
      },
      {
        "hour": 10,
        "occupancyPercent": 0
      },
      {
        "hour": 11,
        "occupancyPercent": 0
      },
      {
        "hour": 12,
        "occupancyPercent": 0
      },
      {
        "hour": 13,
        "occupancyPercent": 0
      },
      {
        "hour": 14,
        "occupancyPercent": 0
      },
      {
        "hour": 15,
        "occupancyPercent": 0
      },
      {
        "hour": 16,
        "occupancyPercent": 30
      },
      {
        "hour": 17,
        "occupancyPercent": 42
      },
      {
        "hour": 18,
        "occupancyPercent": 50
      },
      {
        "hour": 19,
        "occupancyPercent": 45
      },
      {
        "hour": 20,
        "occupancyPercent": 30
      },
      {
        "hour": 21,
        "occupancyPercent": 13
      },
      {
        "hour": 22,
        "occupancyPercent": 0
      },
      {
        "hour": 23,
        "occupancyPercent": 0
      }
    ],
    "We": [
      {
        "hour": 6,
        "occupancyPercent": 0
      },
      {
        "hour": 7,
        "occupancyPercent": 0
      },
      {
        "hour": 8,
        "occupancyPercent": 0
      },
      {
        "hour": 9,
        "occupancyPercent": 0
      },
      {
        "hour": 10,
        "occupancyPercent": 0
      },
      {
        "hour": 11,
        "occupancyPercent": 0
      },
      {
        "hour": 12,
        "occupancyPercent": 0
      },
      {
        "hour": 13,
        "occupancyPercent": 0
      },
      {
        "hour": 14,
        "occupancyPercent": 0
      },
      {
        "hour": 15,
        "occupancyPercent": 0
      },
      {
        "hour": 16,
        "occupancyPercent": 26
      },
      {
        "hour": 17,
        "occupancyPercent": 45
      },
      {
        "hour": 18,
        "occupancyPercent": 55
      },
      {
        "hour": 19,
        "occupancyPercent": 47
      },
      {
        "hour": 20,
        "occupancyPercent": 28
      },
      {
        "hour": 21,
        "occupancyPercent": 11
      },
      {
        "hour": 22,
        "occupancyPercent": 0
      },
      {
        "hour": 23,
        "occupancyPercent": 0
      }
    ],
    "Th": [
      {
        "hour": 6,
        "occupancyPercent": 0
      },
      {
        "hour": 7,
        "occupancyPercent": 0
      },
      {
        "hour": 8,
        "occupancyPercent": 0
      },
      {
        "hour": 9,
        "occupancyPercent": 0
      },
      {
        "hour": 10,
        "occupancyPercent": 0
      },
      {
        "hour": 11,
        "occupancyPercent": 0
      },
      {
        "hour": 12,
        "occupancyPercent": 0
      },
      {
        "hour": 13,
        "occupancyPercent": 0
      },
      {
        "hour": 14,
        "occupancyPercent": 0
      },
      {
        "hour": 15,
        "occupancyPercent": 0
      },
      {
        "hour": 16,
        "occupancyPercent": 20
      },
      {
        "hour": 17,
        "occupancyPercent": 40
      },
      {
        "hour": 18,
        "occupancyPercent": 55
      },
      {
        "hour": 19,
        "occupancyPercent": 52
      },
      {
        "hour": 20,
        "occupancyPercent": 34
      },
      {
        "hour": 21,
        "occupancyPercent": 14
      },
      {
        "hour": 22,
        "occupancyPercent": 0
      },
      {
        "hour": 23,
        "occupancyPercent": 0
      }
    ],
    "Fr": [
      {
        "hour": 6,
        "occupancyPercent": 0
      },
      {
        "hour": 7,
        "occupancyPercent": 0
      },
      {
        "hour": 8,
        "occupancyPercent": 0
      },
      {
        "hour": 9,
        "occupancyPercent": 0
      },
      {
        "hour": 10,
        "occupancyPercent": 0
      },
      {
        "hour": 11,
        "occupancyPercent": 0
      },
      {
        "hour": 12,
        "occupancyPercent": 0
      },
      {
        "hour": 13,
        "occupancyPercent": 0
      },
      {
        "hour": 14,
        "occupancyPercent": 0
      },
      {
        "hour": 15,
        "occupancyPercent": 0
      },
      {
        "hour": 16,
        "occupancyPercent": 37
      },
      {
        "hour": 17,
        "occupancyPercent": 75
      },
      {
        "hour": 18,
        "occupancyPercent": 100
      },
      {
        "hour": 19,
        "occupancyPercent": 97
      },
      {
        "hour": 20,
        "occupancyPercent": 81
      },
      {
        "hour": 21,
        "occupancyPercent": 32
      },
      {
        "hour": 22,
        "occupancyPercent": 0
      },
      {
        "hour": 23,
        "occupancyPercent": 0
      }
    ],
    "Sa": [
      {
        "hour": 6,
        "occupancyPercent": 0
      },
      {
        "hour": 7,
        "occupancyPercent": 0
      },
      {
        "hour": 8,
        "occupancyPercent": 0
      },
      {
        "hour": 9,
        "occupancyPercent": 0
      },
      {
        "hour": 10,
        "occupancyPercent": 0
      },
      {
        "hour": 11,
        "occupancyPercent": 0
      },
      {
        "hour": 12,
        "occupancyPercent": 0
      },
      {
        "hour": 13,
        "occupancyPercent": 0
      },
      {
        "hour": 14,
        "occupancyPercent": 0
      },
      {
        "hour": 15,
        "occupancyPercent": 0
      },
      {
        "hour": 16,
        "occupancyPercent": 11
      },
      {
        "hour": 17,
        "occupancyPercent": 42
      },
      {
        "hour": 18,
        "occupancyPercent": 84
      },
      {
        "hour": 19,
        "occupancyPercent": 98
      },
      {
        "hour": 20,
        "occupancyPercent": 70
      },
      {
        "hour": 21,
        "occupancyPercent": 28
      },
      {
        "hour": 22,
        "occupancyPercent": 0
      },
      {
        "hour": 23,
        "occupancyPercent": 0
      }
    ]
  },
  "openingHours": [
    {
      "day": "Tuesday,",
      "hours": "4 to 10PM"
    },
    {
      "day": "Wednesday,",
      "hours": "4 to 10PM"
    },
    {
      "day": "Thursday,",
      "hours": "4 to 10PM"
    },
    {
      "day": "Friday,",
      "hours": "4 to 10PM"
    },
    {
      "day": "Saturday,",
      "hours": "4 to 10PM"
    },
    {
      "day": "Sunday,",
      "hours": "4 to 10PM"
    },
    {
      "day": "Monday,",
      "hours": "Closed"
    }
  ],
  "additionalInfo": {
    "Service options": [
      {
        "Kerbside pickup": true
      },
      {
        "No-contact delivery": true
      },
      {
        "Delivery": true
      },
      {
        "Takeaway": true
      },
      {
        "Dine-in": true
      }
    ],
    "Accessibility": [
      {
        "Wheelchair-accessible car park": true
      },
      {
        "Wheelchair-accessible entrance": true
      },
      {
        "Wheelchair-accessible seating": true
      },
      {
        "Wheelchair-accessible toilet": true
      }
    ],
    "Offerings": [
      {
        "Coffee": true
      },
      {
        "Healthy options": true
      },
      {
        "Kids' menu": true
      },
      {
        "Late-night food": true
      },
      {
        "Small plates": true
      },
      {
        "Vegetarian options": true
      }
    ],
    "Dining options": [
      {
        "Lunch": true
      },
      {
        "Dinner": true
      },
      {
        "Counter service": true
      },
      {
        "Dessert": true
      },
      {
        "Seating": true
      }
    ],
    "Amenities": [
      {
        "Good for kids": true
      },
      {
        "High chairs": true
      },
      {
        "Toilets": true
      }
    ],
    "Atmosphere": [
      {
        "Casual": true
      },
      {
        "Cosy": true
      }
    ],
    "Crowd": [
      {
        "Family friendly": true
      },
      {
        "Groups": true
      }
    ],
    "Planning": [
      {
        "Accepts reservations": true
      }
    ],
    "Payments": [
      {
        "Debit cards": true
      },
      {
        "NFC mobile payments": true
      },
      {
        "Credit cards": true
      }
    ]
  },
  "reviewsCount": 337,
  "reviewsDistribution": {
    "oneStar": 59,
    "twoStar": 26,
    "threeStar": 32,
    "fourStar": 75,
    "fiveStar": 145
  },
  "reviews": [],
  "orderBy": [
    {
      "name": "rubyspizzaandpasta.com.au",
      "url": "https://rubyspizzaandpasta.com.au/?tblBook=true"
    }
  ]
}