{
  "title": "Six Slices Pizza Bar",
  "subTitle": null,
  "price": "$",
  "menu": null,
  "categoryName": "Pizza restaurant",
  "address": "117 High St, Kew VIC 3101, Australia",
  "locatedIn": null,
  "neighborhood": "117 High St",
  "street": "117 High St",
  "city": "Kew",
  "postalCode": "3101",
  "state": "Victoria",
  "countryCode": "AU",
  "plusCode": "52VH+4P Kew, Victoria, Australia",
  "website": null,
  "phone": "+61 3 9855 2372",
  "temporarilyClosed": false,
  "location": {
    "lat": -37.807134,
    "lng": 145.029331
  },
  "permanentlyClosed": true,
  "totalScore": 4.2,
  "isAdvertisement": false,
  "rank": 5,
  "placeId": "ChIJVzSEd8hD1moRjU-kpqvqI44",
  "categories": [
    "Pizza restaurant"
  ],
  "cid": "10242288000526733197",
  "url": "https://www.google.com/maps/place/Six+Slices+Pizza+Bar/@-37.807134,145.029331,17z/data=!3m1!4b1!4m5!3m4!1s0x6ad643c877843457:0x8e23eaaba6a44f8d!8m2!3d-37.807134!4d145.029331?hl=en",
  "searchPageUrl": "https://www.google.com/maps/search/sl+pizza/@-37.8140053,145.0389564,15z?hl=en",
  "searchString": "sl pizza",
  "scrapedAt": "2022-08-03T09:36:06.502Z",
  "additionalInfo": {
    "Service options": [
      {
        "Delivery": true
      },
      {
        "Takeaway": true
      },
      {
        "Dine-in": true
      }
    ],
    "Highlights": [
      {
        "Live music": true
      }
    ],
    "Accessibility": [
      {
        "Wheelchair-accessible entrance": true
      }
    ],
    "Offerings": [
      {
        "Alcohol": true
      },
      {
        "Beer": true
      },
      {
        "Cocktails": true
      },
      {
        "Coffee": true
      },
      {
        "Happy-hour drinks": true
      },
      {
        "Vegetarian options": true
      },
      {
        "Wine": true
      }
    ],
    "Dining options": [
      {
        "Lunch": true
      },
      {
        "Dinner": true
      },
      {
        "Dessert": true
      },
      {
        "Seating": true
      }
    ],
    "Amenities": [
      {
        "Bar on site": true
      },
      {
        "Good for kids": true
      },
      {
        "High chairs": true
      },
      {
        "Toilets": true
      }
    ],
    "Crowd": [
      {
        "Family friendly": true
      }
    ],
    "Planning": [
      {
        "Accepts reservations": true
      }
    ],
    "Payments": [
      {
        "Debit cards": true
      },
      {
        "NFC mobile payments": true
      }
    ]
  },
  "reviewsCount": 16,
  "reviewsDistribution": {
    "oneStar": 2,
    "twoStar": 1,
    "threeStar": 0,
    "fourStar": 2,
    "fiveStar": 11
  },
  "reviews": [],
  "orderBy": []
}