{
  "title": "Big Aussie Pizza",
  "subTitle": null,
  "price": null,
  "menu": null,
  "categoryName": "Pizza takeaway",
  "address": "407 Springvale Rd, Forest Hill VIC 3131, Australia",
  "locatedIn": null,
  "neighborhood": "407 Springvale Rd",
  "street": "407 Springvale Rd",
  "city": "Forest Hill",
  "postalCode": "3131",
  "state": "Victoria",
  "countryCode": "AU",
  "plusCode": "555C+CP Forest Hill, Victoria, Australia",
  "website": "https://bigaussiepizza.com.au/",
  "phone": "+61 3 9877 7779",
  "temporarilyClosed": false,
  "location": {
    "lat": -37.8414071,
    "lng": 145.1718549
  },
  "permanentlyClosed": true,
  "totalScore": 4,
  "isAdvertisement": false,
  "rank": 10,
  "placeId": "ChIJ7RA9XiM_1moRMfXdCZ_B7tU",
  "categories": [
    "Pizza restaurant",
    "Pizza delivery",
    "Pizza takeaway"
  ],
  "cid": "15415471463345288497",
  "url": "https://www.google.com/maps/place/Big+Aussie+Pizza/@-37.8414071,145.1718549,17z/data=!3m1!4b1!4m5!3m4!1s0x6ad63f235e3d10ed:0xd5eec19f09ddf531!8m2!3d-37.8414071!4d145.1718549?hl=en",
  "searchPageUrl": "https://www.google.com/maps/search/af+pizza/@-37.8140053,145.1785107,15z?hl=en",
  "searchString": "af pizza",
  "scrapedAt": "2022-08-01T17:36:13.401Z",
  "openingHours": [
    {
      "day": "Tuesday,",
      "hours": "4PM to 12AM"
    },
    {
      "day": "Wednesday,",
      "hours": "4PM to 12AM"
    },
    {
      "day": "Thursday,",
      "hours": "4PM to 12AM"
    },
    {
      "day": "Friday,",
      "hours": "4PM to 1AM"
    },
    {
      "day": "Saturday,",
      "hours": "4PM to 1AM"
    },
    {
      "day": "Sunday,",
      "hours": "4PM to 12AM"
    },
    {
      "day": "Monday,",
      "hours": "4PM to 12AM"
    }
  ],
  "additionalInfo": {
    "Service options": [
      {
        "Kerbside pickup": true
      },
      {
        "No-contact delivery": true
      },
      {
        "Delivery": true
      },
      {
        "Takeaway": true
      }
    ],
    "Accessibility": [
      {
        "Wheelchair-accessible entrance": true
      }
    ],
    "Offerings": [
      {
        "Halal food": true
      },
      {
        "Late-night food": true
      },
      {
        "Salad bar": true
      },
      {
        "Small plates": true
      },
      {
        "Vegetarian options": true
      }
    ],
    "Dining options": [
      {
        "Dinner": true
      },
      {
        "Dessert": true
      }
    ],
    "Amenities": [
      {
        "Good for kids": true
      }
    ],
    "Payments": [
      {
        "Debit cards": true
      },
      {
        "NFC mobile payments": true
      },
      {
        "Credit cards": true
      }
    ]
  },
  "reviewsCount": 96,
  "reviewsDistribution": {
    "oneStar": 15,
    "twoStar": 1,
    "threeStar": 7,
    "fourStar": 19,
    "fiveStar": 54
  },
  "reviews": [],
  "orderBy": []
}