{
  "title": "Don Luigi Pizza Cafe",
  "subTitle": null,
  "price": "$$",
  "menu": null,
  "categoryName": "Cafe",
  "address": "72 Neale Rd, Deer Park VIC 3023, Australia",
  "locatedIn": "Floor G · Brimbank Shopping Centre",
  "neighborhood": "72 Neale Rd",
  "street": "72 Neale Rd",
  "city": "Deer Park",
  "postalCode": "3023",
  "state": "Victoria",
  "countryCode": "AU",
  "plusCode": "6QXF+HV Deer Park, Victoria, Australia",
  "website": "https://mapz4.com/don-luigi-pizza-cafe-118894-au",
  "phone": "+61 3 9361 1788",
  "temporarilyClosed": false,
  "location": {
    "lat": -37.7510842,
    "lng": 144.7747072
  },
  "permanentlyClosed": false,
  "totalScore": 4.2,
  "isAdvertisement": false,
  "rank": 18,
  "placeId": "ChIJlyOXDWT11moRQoyrxecWF6I",
  "categories": [
    "Pizza restaurant",
    "Coffee shop",
    "Cafe",
    "Restaurant"
  ],
  "cid": "11679829343318281282",
  "url": "https://www.google.com/maps/place/Don+Luigi+Pizza+Cafe/@-37.7510842,144.7747072,17z/data=!3m1!4b1!4m5!3m4!1s0x6ad6f5640d972397:0xa21716e7c5ab8c42!8m2!3d-37.7510842!4d144.7747072?hl=en",
  "searchPageUrl": "https://www.google.com/maps/search/pizza/@-37.7867014,144.6900706,15z?hl=en",
  "searchString": "pizza",
  "scrapedAt": "2022-08-01T17:04:16.476Z",
  "popularTimesLiveText": null,
  "popularTimesLivePercent": null,
  "popularTimesHistogram": {
    "Su": [
      {
        "hour": 6,
        "occupancyPercent": 0
      },
      {
        "hour": 7,
        "occupancyPercent": 0
      },
      {
        "hour": 8,
        "occupancyPercent": 0
      },
      {
        "hour": 9,
        "occupancyPercent": 0
      },
      {
        "hour": 10,
        "occupancyPercent": 100
      },
      {
        "hour": 11,
        "occupancyPercent": 96
      },
      {
        "hour": 12,
        "occupancyPercent": 71
      },
      {
        "hour": 13,
        "occupancyPercent": 53
      },
      {
        "hour": 14,
        "occupancyPercent": 50
      },
      {
        "hour": 15,
        "occupancyPercent": 35
      },
      {
        "hour": 16,
        "occupancyPercent": 14
      },
      {
        "hour": 17,
        "occupancyPercent": 0
      },
      {
        "hour": 18,
        "occupancyPercent": 0
      },
      {
        "hour": 19,
        "occupancyPercent": 0
      },
      {
        "hour": 20,
        "occupancyPercent": 0
      },
      {
        "hour": 21,
        "occupancyPercent": 0
      },
      {
        "hour": 22,
        "occupancyPercent": 0
      },
      {
        "hour": 23,
        "occupancyPercent": 0
      }
    ],
    "Mo": [
      {
        "hour": 6,
        "occupancyPercent": 0
      },
      {
        "hour": 7,
        "occupancyPercent": 0
      },
      {
        "hour": 8,
        "occupancyPercent": 0
      },
      {
        "hour": 9,
        "occupancyPercent": 53
      },
      {
        "hour": 10,
        "occupancyPercent": 50
      },
      {
        "hour": 11,
        "occupancyPercent": 42
      },
      {
        "hour": 12,
        "occupancyPercent": 57
      },
      {
        "hour": 13,
        "occupancyPercent": 57
      },
      {
        "hour": 14,
        "occupancyPercent": 39
      },
      {
        "hour": 15,
        "occupancyPercent": 17
      },
      {
        "hour": 16,
        "occupancyPercent": 14
      },
      {
        "hour": 17,
        "occupancyPercent": 17
      },
      {
        "hour": 18,
        "occupancyPercent": 0
      },
      {
        "hour": 19,
        "occupancyPercent": 0
      },
      {
        "hour": 20,
        "occupancyPercent": 0
      },
      {
        "hour": 21,
        "occupancyPercent": 0
      },
      {
        "hour": 22,
        "occupancyPercent": 0
      },
      {
        "hour": 23,
        "occupancyPercent": 0
      }
    ],
    "Tu": [
      {
        "hour": 6,
        "occupancyPercent": 0
      },
      {
        "hour": 7,
        "occupancyPercent": 0
      },
      {
        "hour": 8,
        "occupancyPercent": 0
      },
      {
        "hour": 9,
        "occupancyPercent": 10
      },
      {
        "hour": 10,
        "occupancyPercent": 25
      },
      {
        "hour": 11,
        "occupancyPercent": 28
      },
      {
        "hour": 12,
        "occupancyPercent": 50
      },
      {
        "hour": 13,
        "occupancyPercent": 50
      },
      {
        "hour": 14,
        "occupancyPercent": 14
      },
      {
        "hour": 15,
        "occupancyPercent": 10
      },
      {
        "hour": 16,
        "occupancyPercent": 32
      },
      {
        "hour": 17,
        "occupancyPercent": 28
      },
      {
        "hour": 18,
        "occupancyPercent": 0
      },
      {
        "hour": 19,
        "occupancyPercent": 0
      },
      {
        "hour": 20,
        "occupancyPercent": 0
      },
      {
        "hour": 21,
        "occupancyPercent": 0
      },
      {
        "hour": 22,
        "occupancyPercent": 0
      },
      {
        "hour": 23,
        "occupancyPercent": 0
      }
    ],
    "We": [
      {
        "hour": 6,
        "occupancyPercent": 0
      },
      {
        "hour": 7,
        "occupancyPercent": 0
      },
      {
        "hour": 8,
        "occupancyPercent": 0
      },
      {
        "hour": 9,
        "occupancyPercent": 50
      },
      {
        "hour": 10,
        "occupancyPercent": 60
      },
      {
        "hour": 11,
        "occupancyPercent": 57
      },
      {
        "hour": 12,
        "occupancyPercent": 50
      },
      {
        "hour": 13,
        "occupancyPercent": 42
      },
      {
        "hour": 14,
        "occupancyPercent": 39
      },
      {
        "hour": 15,
        "occupancyPercent": 32
      },
      {
        "hour": 16,
        "occupancyPercent": 17
      },
      {
        "hour": 17,
        "occupancyPercent": 7
      },
      {
        "hour": 18,
        "occupancyPercent": 0
      },
      {
        "hour": 19,
        "occupancyPercent": 0
      },
      {
        "hour": 20,
        "occupancyPercent": 0
      },
      {
        "hour": 21,
        "occupancyPercent": 0
      },
      {
        "hour": 22,
        "occupancyPercent": 0
      },
      {
        "hour": 23,
        "occupancyPercent": 0
      }
    ],
    "Th": [
      {
        "hour": 6,
        "occupancyPercent": 0
      },
      {
        "hour": 7,
        "occupancyPercent": 0
      },
      {
        "hour": 8,
        "occupancyPercent": 0
      },
      {
        "hour": 9,
        "occupancyPercent": 39
      },
      {
        "hour": 10,
        "occupancyPercent": 53
      },
      {
        "hour": 11,
        "occupancyPercent": 60
      },
      {
        "hour": 12,
        "occupancyPercent": 57
      },
      {
        "hour": 13,
        "occupancyPercent": 50
      },
      {
        "hour": 14,
        "occupancyPercent": 46
      },
      {
        "hour": 15,
        "occupancyPercent": 42
      },
      {
        "hour": 16,
        "occupancyPercent": 39
      },
      {
        "hour": 17,
        "occupancyPercent": 35
      },
      {
        "hour": 18,
        "occupancyPercent": 28
      },
      {
        "hour": 19,
        "occupancyPercent": 17
      },
      {
        "hour": 20,
        "occupancyPercent": 10
      },
      {
        "hour": 21,
        "occupancyPercent": 0
      },
      {
        "hour": 22,
        "occupancyPercent": 0
      },
      {
        "hour": 23,
        "occupancyPercent": 0
      }
    ],
    "Fr": [
      {
        "hour": 6,
        "occupancyPercent": 0
      },
      {
        "hour": 7,
        "occupancyPercent": 0
      },
      {
        "hour": 8,
        "occupancyPercent": 0
      },
      {
        "hour": 9,
        "occupancyPercent": 42
      },
      {
        "hour": 10,
        "occupancyPercent": 75
      },
      {
        "hour": 11,
        "occupancyPercent": 96
      },
      {
        "hour": 12,
        "occupancyPercent": 96
      },
      {
        "hour": 13,
        "occupancyPercent": 78
      },
      {
        "hour": 14,
        "occupancyPercent": 64
      },
      {
        "hour": 15,
        "occupancyPercent": 57
      },
      {
        "hour": 16,
        "occupancyPercent": 57
      },
      {
        "hour": 17,
        "occupancyPercent": 57
      },
      {
        "hour": 18,
        "occupancyPercent": 53
      },
      {
        "hour": 19,
        "occupancyPercent": 39
      },
      {
        "hour": 20,
        "occupancyPercent": 21
      },
      {
        "hour": 21,
        "occupancyPercent": 0
      },
      {
        "hour": 22,
        "occupancyPercent": 0
      },
      {
        "hour": 23,
        "occupancyPercent": 0
      }
    ],
    "Sa": [
      {
        "hour": 6,
        "occupancyPercent": 0
      },
      {
        "hour": 7,
        "occupancyPercent": 0
      },
      {
        "hour": 8,
        "occupancyPercent": 0
      },
      {
        "hour": 9,
        "occupancyPercent": 60
      },
      {
        "hour": 10,
        "occupancyPercent": 82
      },
      {
        "hour": 11,
        "occupancyPercent": 92
      },
      {
        "hour": 12,
        "occupancyPercent": 85
      },
      {
        "hour": 13,
        "occupancyPercent": 60
      },
      {
        "hour": 14,
        "occupancyPercent": 42
      },
      {
        "hour": 15,
        "occupancyPercent": 32
      },
      {
        "hour": 16,
        "occupancyPercent": 25
      },
      {
        "hour": 17,
        "occupancyPercent": 0
      },
      {
        "hour": 18,
        "occupancyPercent": 0
      },
      {
        "hour": 19,
        "occupancyPercent": 0
      },
      {
        "hour": 20,
        "occupancyPercent": 0
      },
      {
        "hour": 21,
        "occupancyPercent": 0
      },
      {
        "hour": 22,
        "occupancyPercent": 0
      },
      {
        "hour": 23,
        "occupancyPercent": 0
      }
    ]
  },
  "openingHours": [
    {
      "day": "Tuesday,",
      "hours": "9AM to 5:30PM"
    },
    {
      "day": "Wednesday,",
      "hours": "9AM to 5:30PM"
    },
    {
      "day": "Thursday,",
      "hours": "9AM to 9PM"
    },
    {
      "day": "Friday,",
      "hours": "9AM to 9PM"
    },
    {
      "day": "Saturday,",
      "hours": "9AM to 5PM"
    },
    {
      "day": "Sunday,",
      "hours": "10AM to 5PM"
    },
    {
      "day": "Monday,",
      "hours": "9AM to 5:30PM"
    }
  ],
  "additionalInfo": {
    "Service options": [
      {
        "Delivery": true
      },
      {
        "Takeaway": true
      },
      {
        "Dine-in": true
      }
    ],
    "Accessibility": [
      {
        "Wheelchair-accessible car park": true
      },
      {
        "Wheelchair-accessible entrance": true
      },
      {
        "Wheelchair-accessible seating": true
      }
    ],
    "Offerings": [
      {
        "Coffee": true
      },
      {
        "Kids' menu": true
      }
    ],
    "Dining options": [
      {
        "Lunch": true
      },
      {
        "Dinner": true
      },
      {
        "Dessert": true
      }
    ],
    "Amenities": [
      {
        "Good for kids": true
      }
    ],
    "Atmosphere": [
      {
        "Casual": true
      }
    ],
    "Crowd": [
      {
        "Groups": true
      }
    ],
    "Payments": [
      {
        "NFC mobile payments": true
      }
    ]
  },
  "reviewsCount": 108,
  "reviewsDistribution": {
    "oneStar": 9,
    "twoStar": 5,
    "threeStar": 9,
    "fourStar": 17,
    "fiveStar": 68
  },
  "reviews": [],
  "orderBy": []
}