{
  "title": "Mike's Chicken & Pizza",
  "subTitle": null,
  "price": null,
  "menu": null,
  "categoryName": "Pizza restaurant",
  "address": "3 Camms Rd, Cranbourne VIC 3977, Australia",
  "locatedIn": null,
  "neighborhood": "3 Camms Rd",
  "street": "3 Camms Rd",
  "city": "Cranbourne",
  "postalCode": "3977",
  "state": "Victoria",
  "countryCode": "AU",
  "plusCode": "W739+J7 Cranbourne, Victoria, Australia",
  "website": null,
  "phone": "+61 3 5995 4447",
  "temporarilyClosed": false,
  "location": {
    "lat": -38.095994,
    "lng": 145.268215
  },
  "permanentlyClosed": true,
  "totalScore": null,
  "isAdvertisement": false,
  "rank": 3,
  "placeId": "ChIJiVqIGjMO1moR7DFYqlpmUEs",
  "categories": [
    "Pizza restaurant",
    "Italian restaurant"
  ],
  "cid": "5426950090572444140",
  "url": "https://www.google.com/maps/place/Mike's+Chicken+%26+Pizza/@-38.095994,145.268215,17z/data=!3m1!4b1!4m5!3m4!1s0x6ad60e331a885a89:0x4b50665aaa5831ec!8m2!3d-38.095994!4d145.268215?hl=en",
  "searchPageUrl": "https://www.google.com/maps/search/kr+pizza/@-38.1416526,145.318065,15z?hl=en",
  "searchString": "kr pizza",
  "scrapedAt": "2022-08-02T16:13:29.145Z",
  "additionalInfo": {
    "Service options": [
      {
        "Dine-in": true
      }
    ],
    "Dining options": [
      {
        "Lunch": true
      },
      {
        "Dinner": true
      }
    ],
    "Atmosphere": [
      {
        "Casual": true
      }
    ]
  },
  "reviewsCount": 0,
  "reviewsDistribution": {
    "oneStar": 0,
    "twoStar": 0,
    "threeStar": 0,
    "fourStar": 0,
    "fiveStar": 0
  },
  "reviews": [],
  "orderBy": []
}