{
  "title": "Gusto Woodfired Pizza",
  "subTitle": null,
  "price": "$$",
  "menu": null,
  "categoryName": "Pizza restaurant",
  "address": "36 Paternoster Ln, Berwick VIC 3806, Australia",
  "locatedIn": null,
  "neighborhood": "36 Paternoster Ln",
  "street": "36 Paternoster Ln",
  "city": "Berwick",
  "postalCode": "3806",
  "state": "Victoria",
  "countryCode": "AU",
  "plusCode": "X89W+PJ Berwick, Victoria, Australia",
  "website": "http://gustopizza.com.au/",
  "phone": "+61 3 9769 4800",
  "temporarilyClosed": false,
  "location": {
    "lat": -38.0307444,
    "lng": 145.3465544
  },
  "permanentlyClosed": false,
  "totalScore": 4.4,
  "isAdvertisement": false,
  "rank": 5,
  "placeId": "ChIJ91CSS48Z1moRM8ze5DPzVOI",
  "categories": [
    "Pizza restaurant"
  ],
  "cid": "16308927554824096819",
  "url": "https://www.google.com/maps/place/Gusto+Woodfired+Pizza/@-38.0307444,145.3465544,17z/data=!3m1!4b1!4m5!3m4!1s0x6ad6198f4b9250f7:0xe254f333e4decc33!8m2!3d-38.0306669!4d145.3465758?hl=en",
  "searchPageUrl": "https://www.google.com/maps/search/pizza/@-38.0324368,145.318065,15z?hl=en",
  "searchString": "pizza",
  "scrapedAt": "2022-08-01T17:10:25.107Z",
  "openingHours": [
    {
      "day": "Tuesday,",
      "hours": "Closed"
    },
    {
      "day": "Wednesday,",
      "hours": "Closed"
    },
    {
      "day": "Thursday,",
      "hours": "4 to 9PM"
    },
    {
      "day": "Friday,",
      "hours": "4 to 9PM"
    },
    {
      "day": "Saturday,",
      "hours": "4 to 9PM"
    },
    {
      "day": "Sunday,",
      "hours": "4 to 9PM"
    },
    {
      "day": "Monday,",
      "hours": "Closed"
    }
  ],
  "additionalInfo": {
    "Service options": [
      {
        "No-contact delivery": true
      },
      {
        "Takeaway": true
      },
      {
        "Dine-in": true
      }
    ],
    "Accessibility": [
      {
        "Wheelchair-accessible car park": true
      },
      {
        "Wheelchair-accessible entrance": true
      },
      {
        "Wheelchair-accessible seating": true
      }
    ],
    "Offerings": [
      {
        "Coffee": true
      },
      {
        "Kids' menu": true
      },
      {
        "Late-night food": true
      }
    ],
    "Dining options": [
      {
        "Lunch": true
      },
      {
        "Dinner": true
      },
      {
        "Dessert": true
      }
    ],
    "Amenities": [
      {
        "Good for kids": true
      },
      {
        "High chairs": true
      },
      {
        "Toilets": true
      }
    ],
    "Atmosphere": [
      {
        "Casual": true
      },
      {
        "Cosy": true
      }
    ],
    "Crowd": [
      {
        "Groups": true
      }
    ],
    "Planning": [
      {
        "Accepts reservations": true
      }
    ],
    "Payments": [
      {
        "NFC mobile payments": true
      }
    ]
  },
  "reviewsCount": 205,
  "reviewsDistribution": {
    "oneStar": 13,
    "twoStar": 7,
    "threeStar": 11,
    "fourStar": 35,
    "fiveStar": 139
  },
  "reviews": [],
  "orderBy": []
}