{
  "title": "Pizza a Metro",
  "subTitle": null,
  "price": null,
  "menu": null,
  "categoryName": "Pizza restaurant",
  "address": "29 Grattan St, Carlton VIC 3053, Australia",
  "locatedIn": null,
  "neighborhood": "29 Grattan St",
  "street": "29 Grattan St",
  "city": "Carlton",
  "postalCode": "3053",
  "state": "Victoria",
  "countryCode": "AU",
  "plusCode": "5XX9+HC Carlton, Victoria, Australia",
  "website": null,
  "phone": "+61 3 9663 4778",
  "temporarilyClosed": false,
  "location": {
    "lat": -37.8010896,
    "lng": 144.968597
  },
  "permanentlyClosed": true,
  "totalScore": 3.6,
  "isAdvertisement": false,
  "rank": 4,
  "placeId": "ChIJ95ygOtFC1moRtRfUcARwXRE",
  "categories": [
    "Pizza restaurant"
  ],
  "cid": "1251279435853993909",
  "url": "https://www.google.com/maps/place/Pizza+a+Metro/@-37.8010896,144.968597,17z/data=!3m1!4b1!4m5!3m4!1s0x6ad642d13aa09cf7:0x115d700470d417b5!8m2!3d-37.8010622!4d144.9686017?hl=en",
  "searchPageUrl": "https://www.google.com/maps/search/c8+pizza/@-37.7867014,144.9691792,15z?hl=en",
  "searchString": "c8 pizza",
  "scrapedAt": "2022-08-01T23:42:40.378Z",
  "openingHours": [
    {
      "day": "Tuesday,",
      "hours": "12 to 10:30PM"
    },
    {
      "day": "Wednesday,",
      "hours": "12 to 10:30PM"
    },
    {
      "day": "Thursday,",
      "hours": "12 to 10:30PM"
    },
    {
      "day": "Friday,",
      "hours": "12 to 11PM"
    },
    {
      "day": "Saturday,",
      "hours": "12 to 11PM"
    },
    {
      "day": "Sunday,",
      "hours": "12 to 10PM"
    },
    {
      "day": "Monday,",
      "hours": "Closed"
    }
  ],
  "additionalInfo": {
    "Service options": [
      {
        "Dine-in": true
      }
    ],
    "Amenities": [
      {
        "Good for kids": true
      }
    ]
  },
  "reviewsCount": 69,
  "reviewsDistribution": {
    "oneStar": 12,
    "twoStar": 7,
    "threeStar": 7,
    "fourStar": 13,
    "fiveStar": 30
  },
  "reviews": [],
  "orderBy": []
}