{
  "title": "Huntingdale Pizza",
  "subTitle": null,
  "price": null,
  "menu": null,
  "categoryName": "Pizza delivery",
  "address": "244 Huntingdale Rd, Huntingdale VIC 3166, Australia",
  "locatedIn": null,
  "neighborhood": "244 Huntingdale Rd",
  "street": "244 Huntingdale Rd",
  "city": "Huntingdale",
  "postalCode": "3166",
  "state": "Victoria",
  "countryCode": "AU",
  "plusCode": "34V3+RW Huntingdale, Victoria, Australia",
  "website": null,
  "phone": "+61 3 9543 7006",
  "temporarilyClosed": false,
  "location": {
    "lat": -37.9054459,
    "lng": 145.104796
  },
  "permanentlyClosed": false,
  "totalScore": 5,
  "isAdvertisement": false,
  "rank": 15,
  "placeId": "ChIJ1wPeLjFr1moR4ERxt2pXYTU",
  "categories": [
    "Pizza delivery"
  ],
  "cid": "3846451672606917856",
  "url": "https://www.google.com/maps/place/Huntingdale+Pizza/@-37.9054459,145.104796,17z/data=!3m1!4b1!4m5!3m4!1s0x6ad66b312ede03d7:0x3561576ab77144e0!8m2!3d-37.9054459!4d145.104796?hl=en",
  "searchPageUrl": "https://www.google.com/maps/search/pl+pizza/@-37.9232211,145.073845,15z?hl=en",
  "searchString": "pl pizza",
  "scrapedAt": "2022-08-03T02:57:28.866Z",
  "openingHours": [
    {
      "day": "Wednesday,",
      "hours": "6 to 11PM"
    },
    {
      "day": "Thursday,",
      "hours": "6 to 11PM"
    },
    {
      "day": "Friday,",
      "hours": "6 to 11PM"
    },
    {
      "day": "Saturday,",
      "hours": "6 to 11PM"
    },
    {
      "day": "Sunday,",
      "hours": "6 to 11PM"
    },
    {
      "day": "Monday,",
      "hours": "6 to 11PM"
    },
    {
      "day": "Tuesday,",
      "hours": "6 to 11PM"
    }
  ],
  "additionalInfo": {
    "Service options": [
      {
        "Delivery": true
      },
      {
        "Takeaway": true
      }
    ]
  },
  "reviewsCount": 2,
  "reviewsDistribution": {
    "oneStar": 0,
    "twoStar": 0,
    "threeStar": 0,
    "fourStar": 0,
    "fiveStar": 2
  },
  "reviews": [],
  "orderBy": [
    {
      "name": "doordash.com",
      "url": "https://www.doordash.com/en-AU/store/wingstreet-by-pizza-hut-huntingdale-23447236/?utm_campaign=gpa"
    }
  ]
}