{
  "title": "1061 Wood Fired Pizza",
  "subTitle": null,
  "price": null,
  "menu": null,
  "categoryName": "Pizza restaurant",
  "address": "1061 Riversdale Rd, Surrey Hills VIC 3127, Australia",
  "locatedIn": null,
  "neighborhood": "1061 Riversdale Rd",
  "street": "1061 Riversdale Rd",
  "city": "Surrey Hills",
  "postalCode": "3127",
  "state": "Victoria",
  "countryCode": "AU",
  "plusCode": "5474+5P Surrey Hills, Victoria, Australia",
  "website": null,
  "phone": "+61 3 9889 8995",
  "temporarilyClosed": false,
  "location": {
    "lat": -37.8370518,
    "lng": 145.1068696
  },
  "permanentlyClosed": true,
  "totalScore": 4.2,
  "isAdvertisement": false,
  "rank": 16,
  "placeId": "ChIJSWJ23vBA1moR2WOK10ZcscQ",
  "categories": [
    "Pizza restaurant",
    "Dessert restaurant",
    "Italian restaurant",
    "Meal delivery",
    "Takeout restaurant",
    "Pizza delivery",
    "Pizza takeaway"
  ],
  "cid": "14173210961645298649",
  "url": "https://www.google.com/maps/place/1061+Wood+Fired+Pizza/@-37.8370518,145.1068696,17z/data=!3m1!4b1!4m5!3m4!1s0x6ad640f0de766249:0xc4b15c46d78a63d9!8m2!3d-37.8370519!4d145.1068696?hl=en",
  "searchPageUrl": "https://www.google.com/maps/search/ou+pizza/@-37.8413092,145.1087335,15z?hl=en",
  "searchString": "ou pizza",
  "scrapedAt": "2022-08-03T01:17:21.191Z",
  "openingHours": [
    {
      "day": "Wednesday,",
      "hours": "Closed"
    },
    {
      "day": "Thursday,",
      "hours": "5 to 10PM"
    },
    {
      "day": "Friday,",
      "hours": "5 to 10PM"
    },
    {
      "day": "Saturday,",
      "hours": "5 to 10PM"
    },
    {
      "day": "Sunday,",
      "hours": "5 to 10PM"
    },
    {
      "day": "Monday,",
      "hours": "Closed"
    },
    {
      "day": "Tuesday,",
      "hours": "Closed"
    }
  ],
  "additionalInfo": {
    "Service options": [
      {
        "Delivery": true
      },
      {
        "Dine-in": true
      }
    ],
    "Amenities": [
      {
        "Good for kids": true
      }
    ]
  },
  "reviewsCount": 54,
  "reviewsDistribution": {
    "oneStar": 3,
    "twoStar": 4,
    "threeStar": 4,
    "fourStar": 10,
    "fiveStar": 33
  },
  "reviews": [],
  "orderBy": []
}