{
  "title": "Franx Pizza",
  "subTitle": null,
  "price": null,
  "menu": null,
  "categoryName": "Italian restaurant",
  "address": "2/306 Station St, Fairfield VIC 3078, Australia",
  "locatedIn": null,
  "neighborhood": "2/306 Station St",
  "street": "2/306 Station St",
  "city": "Fairfield",
  "postalCode": "3078",
  "state": "Victoria",
  "countryCode": "AU",
  "plusCode": "62M9+CW Fairfield, Victoria, Australia",
  "website": null,
  "phone": "+61 3 9486 2346",
  "temporarilyClosed": false,
  "location": {
    "lat": -37.766457,
    "lng": 145.0197991
  },
  "permanentlyClosed": true,
  "totalScore": 2.7,
  "isAdvertisement": false,
  "rank": 20,
  "placeId": "ChIJYRioKG5E1moRM9S6W_dCUIA",
  "categories": [
    "Pizza restaurant",
    "Meal delivery",
    "Takeout restaurant",
    "Pizza delivery",
    "Italian restaurant",
    "Pizza takeaway"
  ],
  "cid": "9245963665154954291",
  "url": "https://www.google.com/maps/place/Franx+Pizza/@-37.766457,145.0197991,17z/data=!3m1!4b1!4m5!3m4!1s0x6ad6446e28a81861:0x805042f75bbad433!8m2!3d-37.766457!4d145.0197991?hl=en",
  "searchPageUrl": "https://www.google.com/maps/search/2f+pizza/@-37.7867014,145.0389564,15z?hl=en",
  "searchString": "2f pizza",
  "scrapedAt": "2022-08-04T10:40:45.896Z",
  "openingHours": [
    {
      "day": "Thursday,",
      "hours": "5 to 10:30PM"
    },
    {
      "day": "Friday,",
      "hours": "5 to 10:30PM"
    },
    {
      "day": "Saturday,",
      "hours": "5 to 10:30PM"
    },
    {
      "day": "Sunday,",
      "hours": "5 to 10:30PM"
    },
    {
      "day": "Monday,",
      "hours": "5 to 10:30PM"
    },
    {
      "day": "Tuesday,",
      "hours": "Closed"
    },
    {
      "day": "Wednesday,",
      "hours": "5 to 10:30PM"
    }
  ],
  "additionalInfo": {
    "Service options": [
      {
        "Dine-in": true
      }
    ],
    "Amenities": [
      {
        "Good for kids": true
      }
    ]
  },
  "reviewsCount": 3,
  "reviewsDistribution": {
    "oneStar": 1,
    "twoStar": 1,
    "threeStar": 0,
    "fourStar": 0,
    "fiveStar": 1
  },
  "reviews": [],
  "orderBy": []
}