{
  "title": "Baron Pizzeria",
  "subTitle": null,
  "price": null,
  "menu": null,
  "categoryName": "Cafe",
  "address": "19 Ian St, Noble Park VIC 3174, Australia",
  "locatedIn": null,
  "neighborhood": "19 Ian St",
  "street": "19 Ian St",
  "city": "Noble Park",
  "postalCode": "3174",
  "state": "Victoria",
  "countryCode": "AU",
  "plusCode": "25MG+JQ Noble Park, Victoria, Australia",
  "website": null,
  "phone": null,
  "temporarilyClosed": false,
  "location": {
    "lat": -37.9659994,
    "lng": 145.1768897
  },
  "permanentlyClosed": true,
  "totalScore": 3.2,
  "isAdvertisement": false,
  "rank": 4,
  "placeId": "ChIJiZEj6JpE1moRRyTiZWItQOw",
  "categories": [
    "Cafe",
    "Pizza delivery",
    "Pizza takeaway"
  ],
  "cid": "17023656492099839047",
  "url": "https://www.google.com/maps/place/Baron+Pizzeria/@-37.9659994,145.1768897,17z/data=!3m1!4b1!4m5!3m4!1s0x6ad6449ae8239189:0xec402d6265e22447!8m2!3d-37.9660006!4d145.176901?hl=en",
  "searchPageUrl": "https://www.google.com/maps/search/19+pizza/@-37.950525,145.2482878,15z?hl=en",
  "searchString": "19 pizza",
  "scrapedAt": "2022-08-04T10:16:04.043Z",
  "openingHours": [
    {
      "day": "Thursday,",
      "hours": "5PM to 1AM"
    },
    {
      "day": "Friday,",
      "hours": "5PM to 1AM"
    },
    {
      "day": "Saturday,",
      "hours": "5PM to 1AM"
    },
    {
      "day": "Sunday,",
      "hours": "5PM to 1AM"
    },
    {
      "day": "Monday,",
      "hours": "5PM to 1AM"
    },
    {
      "day": "Tuesday,",
      "hours": "5PM to 1AM"
    },
    {
      "day": "Wednesday,",
      "hours": "5PM to 1AM"
    }
  ],
  "additionalInfo": {
    "Service options": [
      {
        "Dine-in": true
      }
    ],
    "Offerings": [
      {
        "Coffee": true
      }
    ],
    "Amenities": [
      {
        "Good for kids": true
      }
    ]
  },
  "reviewsCount": 16,
  "reviewsDistribution": {
    "oneStar": 4,
    "twoStar": 2,
    "threeStar": 1,
    "fourStar": 5,
    "fiveStar": 4
  },
  "reviews": [],
  "orderBy": []
}