{
  "title": "Baci Pizza",
  "subTitle": null,
  "price": null,
  "menu": null,
  "categoryName": "Pizza restaurant",
  "address": "316 St Georges Rd, Fitzroy North VIC 3068, Australia",
  "locatedIn": null,
  "neighborhood": "316 St Georges Rd",
  "street": "316 St Georges Rd",
  "city": "Fitzroy North",
  "postalCode": "3068",
  "state": "Victoria",
  "countryCode": "AU",
  "plusCode": "6X9P+RH Fitzroy North, Victoria, Australia",
  "website": null,
  "phone": "+61 3 9486 7122",
  "temporarilyClosed": false,
  "location": {
    "lat": -37.7804504,
    "lng": 144.9864396
  },
  "permanentlyClosed": true,
  "totalScore": 3.4,
  "isAdvertisement": false,
  "rank": 2,
  "placeId": "ChIJzzrcqGtD1moRdokLO_YH2bI",
  "categories": [
    "Pizza restaurant",
    "Pizza delivery",
    "Pizza takeaway"
  ],
  "cid": "12887340562831346038",
  "url": "https://www.google.com/maps/place/Baci+Pizza/@-37.7804504,144.9864396,17z/data=!3m1!4b1!4m5!3m4!1s0x6ad6436ba8dc3acf:0xb2d907f63b0b8976!8m2!3d-37.7804503!4d144.9864382?hl=en",
  "searchPageUrl": "https://www.google.com/maps/search/bv+pizza/@-37.7867014,144.9691792,15z?hl=en",
  "searchString": "bv pizza",
  "scrapedAt": "2022-08-01T20:45:24.857Z",
  "openingHours": [
    {
      "day": "Tuesday,",
      "hours": "5 to 10PM"
    },
    {
      "day": "Wednesday,",
      "hours": "5 to 10PM"
    },
    {
      "day": "Thursday,",
      "hours": "5 to 10PM"
    },
    {
      "day": "Friday,",
      "hours": "5 to 10PM"
    },
    {
      "day": "Saturday,",
      "hours": "5 to 10PM"
    },
    {
      "day": "Sunday,",
      "hours": "5 to 10PM"
    },
    {
      "day": "Monday,",
      "hours": "5 to 10PM"
    }
  ],
  "additionalInfo": {
    "Service options": [
      {
        "Dine-in": true
      }
    ],
    "Amenities": [
      {
        "Good for kids": true
      }
    ]
  },
  "reviewsCount": 10,
  "reviewsDistribution": {
    "oneStar": 2,
    "twoStar": 2,
    "threeStar": 1,
    "fourStar": 0,
    "fiveStar": 5
  },
  "reviews": [],
  "orderBy": []
}