{
  "title": "Pizza Marketing Co PTY Ltd.",
  "subTitle": null,
  "price": null,
  "menu": null,
  "categoryName": "Pizza restaurant",
  "address": "1 Holcourt Rd, Laverton North VIC 3026, Australia",
  "locatedIn": null,
  "neighborhood": "1 Holcourt Rd",
  "street": "1 Holcourt Rd",
  "city": "Laverton North",
  "postalCode": "3026",
  "state": "Victoria",
  "countryCode": "AU",
  "plusCode": "5RH6+CJ Laverton North, Victoria, Australia",
  "website": null,
  "phone": "+61 3 9369 6933",
  "temporarilyClosed": false,
  "location": {
    "lat": -37.8214301,
    "lng": 144.8115168
  },
  "permanentlyClosed": true,
  "totalScore": null,
  "isAdvertisement": false,
  "rank": 3,
  "placeId": "ChIJcd0CnLZh1moR7fJcz04YOU0",
  "categories": [
    "Pizza restaurant"
  ],
  "cid": "5564505541358449389",
  "url": "https://www.google.com/maps/place/Pizza+Marketing+Co+PTY+Ltd./@-37.8214301,144.8115168,17z/data=!3m1!4b1!4m5!3m4!1s0x6ad661b69c02dd71:0x4d39184ecf5cf2ed!8m2!3d-37.8214301!4d144.8115168?hl=en",
  "searchPageUrl": "https://www.google.com/maps/search/eo+pizza/@-37.7867014,144.5854049,15z?hl=en",
  "searchString": "eo pizza",
  "scrapedAt": "2022-08-02T02:53:27.194Z",
  "additionalInfo": {
    "Service options": [
      {
        "Dine-in": true
      }
    ]
  },
  "reviewsCount": 0,
  "reviewsDistribution": {
    "oneStar": 0,
    "twoStar": 0,
    "threeStar": 0,
    "fourStar": 0,
    "fiveStar": 0
  },
  "reviews": [],
  "orderBy": []
}