{
  "title": "Isabella’s Pizza",
  "subTitle": null,
  "price": null,
  "menu": null,
  "categoryName": "Pizza restaurant",
  "address": "34 Bell St, Heidelberg Heights VIC 3081, Australia",
  "locatedIn": null,
  "neighborhood": "34 Bell St",
  "street": "34 Bell St",
  "city": "Heidelberg Heights",
  "postalCode": "3081",
  "state": "Victoria",
  "countryCode": "AU",
  "plusCode": "63W4+64 Heidelberg Heights, Victoria, Australia",
  "website": "https://m.facebook.com/isabellapizzarestaurant/",
  "phone": "+61 3 9459 9244",
  "temporarilyClosed": false,
  "location": {
    "lat": -37.7543911,
    "lng": 145.0552526
  },
  "permanentlyClosed": true,
  "totalScore": 3.8,
  "isAdvertisement": false,
  "rank": 14,
  "placeId": "ChIJnYvYrYZG1moRrKP8CiJADpY",
  "categories": [
    "Pizza restaurant",
    "Chicken restaurant",
    "Coffee shop",
    "Hamburger restaurant",
    "Pizza delivery",
    "Pizza takeaway"
  ],
  "cid": "10812650270320534444",
  "url": "https://www.google.com/maps/place/Isabella%E2%80%99s+Pizza/@-37.7543911,145.0552526,17z/data=!3m1!4b1!4m5!3m4!1s0x6ad64686add88b9d:0x960e40220afca3ac!8m2!3d-37.754479!4d145.0552379?hl=en",
  "searchPageUrl": "https://www.google.com/maps/search/b4+pizza/@-37.7593974,145.0389564,15z?hl=en",
  "searchString": "b4 pizza",
  "scrapedAt": "2022-08-01T21:17:58.241Z",
  "openingHours": [
    {
      "day": "Tuesday,",
      "hours": "Closed"
    },
    {
      "day": "Wednesday,",
      "hours": "Closed"
    },
    {
      "day": "Thursday,",
      "hours": "Closed"
    },
    {
      "day": "Friday,",
      "hours": "Closed"
    },
    {
      "day": "Saturday,",
      "hours": "Closed"
    },
    {
      "day": "Sunday,",
      "hours": "Closed"
    },
    {
      "day": "Monday,",
      "hours": "4:30 to 9:30PM"
    }
  ],
  "additionalInfo": {
    "Service options": [
      {
        "Dine-in": true
      }
    ],
    "Amenities": [
      {
        "Good for kids": true
      }
    ]
  },
  "reviewsCount": 29,
  "reviewsDistribution": {
    "oneStar": 6,
    "twoStar": 1,
    "threeStar": 3,
    "fourStar": 1,
    "fiveStar": 18
  },
  "reviews": [],
  "orderBy": []
}