{
  "title": "Dinah Parade Pizzeria.",
  "subTitle": null,
  "price": null,
  "menu": null,
  "categoryName": "Pizza restaurant",
  "address": "39 Dinah Parade, Keilor East VIC 3033, Australia",
  "locatedIn": null,
  "neighborhood": "39 Dinah Parade",
  "street": "39 Dinah Parade",
  "city": "Keilor East",
  "postalCode": "3033",
  "state": "Victoria",
  "countryCode": "AU",
  "plusCode": "7V48+5W Keilor East, Victoria, Australia",
  "website": "http://dinahparadepizzeria.com/",
  "phone": "+61 3 9337 8203",
  "temporarilyClosed": false,
  "location": {
    "lat": -37.7446134,
    "lng": 144.8673618
  },
  "permanentlyClosed": false,
  "totalScore": 3.8,
  "isAdvertisement": false,
  "rank": 20,
  "placeId": "ChIJ4RLo0phe1moRy0bDHqaHR9g",
  "categories": [
    "Pizza restaurant",
    "Italian restaurant",
    "Meal delivery",
    "Takeout restaurant",
    "Pizza delivery",
    "Pizza takeaway",
    "Seafood restaurant"
  ],
  "cid": "15584574183089325771",
  "url": "https://www.google.com/maps/place/Dinah+Parade+Pizzeria./@-37.7446134,144.8673618,17z/data=!3m1!4b1!4m5!3m4!1s0x6ad65e98d2e812e1:0xd84787a61ec346cb!8m2!3d-37.7446134!4d144.8673618?hl=en",
  "searchPageUrl": "https://www.google.com/maps/search/pizza/@-37.7320935,144.7947364,15z?hl=en",
  "searchString": "pizza",
  "scrapedAt": "2022-08-01T17:05:47.845Z",
  "openingHours": [
    {
      "day": "Tuesday,",
      "hours": "5 to 9PM"
    },
    {
      "day": "Wednesday,",
      "hours": "5 to 9PM"
    },
    {
      "day": "Thursday,",
      "hours": "5 to 9PM"
    },
    {
      "day": "Friday,",
      "hours": "5 to 9PM"
    },
    {
      "day": "Saturday,",
      "hours": "5 to 9PM"
    },
    {
      "day": "Sunday,",
      "hours": "5 to 9PM"
    },
    {
      "day": "Monday,",
      "hours": "Closed"
    }
  ],
  "additionalInfo": {
    "Service options": [
      {
        "No-contact delivery": true
      },
      {
        "Delivery": true
      },
      {
        "Takeaway": true
      },
      {
        "Dine-in": true
      }
    ],
    "Accessibility": [
      {
        "Wheelchair-accessible car park": true
      },
      {
        "Wheelchair-accessible entrance": true
      }
    ],
    "Offerings": [
      {
        "Late-night food": true
      }
    ],
    "Dining options": [
      {
        "Dinner": true
      },
      {
        "Dessert": true
      }
    ],
    "Amenities": [
      {
        "Good for kids": true
      }
    ],
    "Atmosphere": [
      {
        "Casual": true
      }
    ]
  },
  "reviewsCount": 91,
  "reviewsDistribution": {
    "oneStar": 18,
    "twoStar": 5,
    "threeStar": 5,
    "fourStar": 16,
    "fiveStar": 47
  },
  "reviews": [],
  "orderBy": [
    {
      "name": "menulog.com.au",
      "url": "https://www.menulog.com.au/restaurants-dinah-parade-pizzeria/menu?utm_source=google&utm_medium=organic&utm_campaign=orderaction"
    }
  ]
}