{
  "title": "Dougies Pizza",
  "subTitle": null,
  "price": null,
  "menu": null,
  "categoryName": "Pizza restaurant",
  "address": "1045 Mt Alexander Rd, Essendon VIC 3040, Australia",
  "locatedIn": null,
  "neighborhood": "1045 Mt Alexander Rd",
  "street": "1045 Mt Alexander Rd",
  "city": "Essendon",
  "postalCode": "3040",
  "state": "Victoria",
  "countryCode": "AU",
  "plusCode": "7W36+CF Essendon, Victoria, Australia",
  "website": null,
  "phone": "+61 3 9379 7577",
  "temporarilyClosed": false,
  "location": {
    "lat": -37.7464761,
    "lng": 144.9111323
  },
  "permanentlyClosed": true,
  "totalScore": 5,
  "isAdvertisement": false,
  "rank": 2,
  "placeId": "ChIJA7TJZHtc1moR3VbIM720fu8",
  "categories": [
    "Pizza restaurant",
    "Italian restaurant"
  ],
  "cid": "17257429546840905437",
  "url": "https://www.google.com/maps/place/Dougies+Pizza/@-37.7464761,144.9111323,17z/data=!3m1!4b1!4m5!3m4!1s0x6ad65c7b64c9b403:0xef7eb4bd33c856dd!8m2!3d-37.7464685!4d144.9111269?hl=en",
  "searchPageUrl": "https://www.google.com/maps/search/db+pizza/@-37.7320935,144.8994021,15z?hl=en",
  "searchString": "db pizza",
  "scrapedAt": "2022-08-01T23:56:43.688Z",
  "additionalInfo": {
    "Service options": [
      {
        "Dine-in": true
      }
    ],
    "Amenities": [
      {
        "Good for kids": true
      }
    ]
  },
  "reviewsCount": 1,
  "reviewsDistribution": {
    "oneStar": 0,
    "twoStar": 0,
    "threeStar": 0,
    "fourStar": 0,
    "fiveStar": 1
  },
  "reviews": [],
  "orderBy": []
}