{
  "title": "No 9 Pizzeria",
  "subTitle": null,
  "price": null,
  "menu": null,
  "categoryName": "Restaurant",
  "address": "562-564 Queensberry St, North Melbourne VIC 3051, Australia",
  "locatedIn": null,
  "neighborhood": "562-564 Queensberry St",
  "street": "562-564 Queensberry St",
  "city": "North Melbourne",
  "postalCode": "3051",
  "state": "Victoria",
  "countryCode": "AU",
  "plusCode": "5WWX+WF North Melbourne, Victoria, Australia",
  "website": "http://www.no9casa.com.au/",
  "phone": "+61 484 262 888",
  "temporarilyClosed": false,
  "location": {
    "lat": -37.8027388,
    "lng": 144.9487289
  },
  "permanentlyClosed": false,
  "totalScore": 4.5,
  "isAdvertisement": false,
  "rank": 6,
  "placeId": "ChIJT79M2Hdd1moRbza3MqQa4GY",
  "categories": [
    "Restaurant"
  ],
  "cid": "7412954279179662959",
  "url": "https://www.google.com/maps/place/No+9+Pizzeria/@-37.8027388,144.9487289,17z/data=!3m1!4b1!4m5!3m4!1s0x6ad65d77d84cbf4f:0x66e01aa432b7366f!8m2!3d-37.8027388!4d144.9487289?hl=en",
  "searchPageUrl": "https://www.google.com/maps/search/a9+pizza/@-37.8140053,144.4807392,15z?hl=en",
  "searchString": "a9 pizza",
  "scrapedAt": "2022-08-01T19:21:24.489Z",
  "openingHours": [
    {
      "day": "Tuesday,",
      "hours": "Closed"
    },
    {
      "day": "Wednesday,",
      "hours": "5 to 11PM"
    },
    {
      "day": "Thursday,",
      "hours": "5 to 11PM"
    },
    {
      "day": "Friday,",
      "hours": "5 to 11PM"
    },
    {
      "day": "Saturday,",
      "hours": "5 to 11PM"
    },
    {
      "day": "Sunday,",
      "hours": "5 to 11PM"
    },
    {
      "day": "Monday,",
      "hours": "Closed"
    }
  ],
  "additionalInfo": {
    "Service options": [
      {
        "Outdoor seating": true
      },
      {
        "Kerbside pickup": true
      },
      {
        "No-contact delivery": true
      },
      {
        "Delivery": true
      },
      {
        "Takeaway": true
      },
      {
        "Dine-in": true
      }
    ],
    "Health and safety": [
      {
        "Reservations required": true
      },
      {
        "Staff get temperature checks": true
      },
      {
        "Staff required to disinfect surfaces between visits": true
      }
    ],
    "Offerings": [
      {
        "Alcohol": true
      },
      {
        "Beer": true
      },
      {
        "Cocktails": true
      },
      {
        "Coffee": true
      },
      {
        "Late-night food": true
      },
      {
        "Salad bar": true
      },
      {
        "Small plates": true
      },
      {
        "Vegetarian options": true
      },
      {
        "Wine": true
      }
    ],
    "Dining options": [
      {
        "Lunch": true
      },
      {
        "Dinner": true
      },
      {
        "Catering": true
      },
      {
        "Dessert": true
      },
      {
        "Seating": true
      }
    ],
    "Amenities": [
      {
        "Bar on site": true
      },
      {
        "Good for kids": true
      },
      {
        "High chairs": true
      },
      {
        "Toilets": true
      },
      {
        "Free Wi-Fi": true
      }
    ],
    "Crowd": [
      {
        "Family friendly": true
      }
    ],
    "Planning": [
      {
        "Accepts reservations": true
      }
    ],
    "Payments": [
      {
        "Cash only": true
      },
      {
        "Debit cards": true
      },
      {
        "Credit cards": true
      }
    ]
  },
  "reviewsCount": 87,
  "reviewsDistribution": {
    "oneStar": 7,
    "twoStar": 3,
    "threeStar": 1,
    "fourStar": 5,
    "fiveStar": 71
  },
  "reviews": [],
  "orderBy": []
}