{
  "title": "Falletis Pizza",
  "subTitle": null,
  "price": "$$",
  "menu": null,
  "categoryName": "Pizza restaurant",
  "address": "62 Gaffney St, Coburg North VIC 3058, Australia",
  "locatedIn": null,
  "neighborhood": "62 Gaffney St",
  "street": "62 Gaffney St",
  "city": "Coburg North",
  "postalCode": "3058",
  "state": "Victoria",
  "countryCode": "AU",
  "plusCode": "7X86+M6 Coburg North, Victoria, Australia",
  "website": null,
  "phone": "+61 3 9350 2050",
  "temporarilyClosed": false,
  "location": {
    "lat": -37.733275,
    "lng": 144.960508
  },
  "permanentlyClosed": false,
  "totalScore": 4.2,
  "isAdvertisement": false,
  "rank": 4,
  "placeId": "ChIJDV3SxzRb1moRTsrm7_GSTl4",
  "categories": [
    "Pizza restaurant",
    "Fast food restaurant",
    "Italian restaurant",
    "Meal delivery",
    "Takeout restaurant",
    "Pizza delivery",
    "Pizza takeaway"
  ],
  "cid": "6795530455558310478",
  "url": "https://www.google.com/maps/place/Falletis+Pizza/@-37.733275,144.960508,17z/data=!3m1!4b1!4m5!3m4!1s0x6ad65b34c7d25d0d:0x5e4e92f1efe6ca4e!8m2!3d-37.7333253!4d144.9605?hl=en",
  "searchPageUrl": "https://www.google.com/maps/search/if+pizza/@-37.8413092,144.6202935,15z?hl=en",
  "searchString": "if pizza",
  "scrapedAt": "2022-08-02T11:06:11.052Z",
  "openingHours": [
    {
      "day": "Tuesday,",
      "hours": "Closed"
    },
    {
      "day": "Wednesday,",
      "hours": "11:30AM to 2PM, 5 to 10PM"
    },
    {
      "day": "Thursday,",
      "hours": "11:30AM to 2PM, 5 to 10PM"
    },
    {
      "day": "Friday,",
      "hours": "11:30AM to 2PM, 5 to 10PM"
    },
    {
      "day": "Saturday,",
      "hours": "11:30AM to 2PM, 5 to 10PM"
    },
    {
      "day": "Sunday,",
      "hours": "5 to 10PM"
    },
    {
      "day": "Monday,",
      "hours": "Closed"
    }
  ],
  "additionalInfo": {
    "Service options": [
      {
        "Delivery": true
      },
      {
        "Takeaway": true
      },
      {
        "Dine-in": true
      }
    ],
    "Payments": [
      {
        "NFC mobile payments": true
      }
    ]
  },
  "reviewsCount": 65,
  "reviewsDistribution": {
    "oneStar": 5,
    "twoStar": 4,
    "threeStar": 5,
    "fourStar": 12,
    "fiveStar": 39
  },
  "reviews": [],
  "orderBy": []
}