{
  "title": "Pompeo's Pizza Restaurant",
  "subTitle": null,
  "price": null,
  "menu": null,
  "categoryName": "Pizza restaurant",
  "address": "38 Jackson Ct, Doncaster East VIC 3109, Australia",
  "locatedIn": null,
  "neighborhood": "38 Jackson Ct",
  "street": "38 Jackson Ct",
  "city": "Doncaster East",
  "postalCode": "3109",
  "state": "Victoria",
  "countryCode": "AU",
  "plusCode": "646X+9X Doncaster East, Victoria, Australia",
  "website": null,
  "phone": "+61 3 9848 6699",
  "temporarilyClosed": false,
  "location": {
    "lat": -37.789052,
    "lng": 145.149903
  },
  "permanentlyClosed": true,
  "totalScore": 4.1,
  "isAdvertisement": false,
  "rank": 18,
  "placeId": "ChIJRVEfc4841moRcjaG8t3ZnXI",
  "categories": [
    "Pizza restaurant"
  ],
  "cid": "8258996838947239538",
  "url": "https://www.google.com/maps/place/Pompeo's+Pizza+Restaurant/@-37.789052,145.149903,17z/data=!3m1!4b1!4m5!3m4!1s0x6ad6388f731f5145:0x729dd9ddf2863672!8m2!3d-37.7889144!4d145.1499508?hl=en",
  "searchPageUrl": "https://www.google.com/maps/search/38+pizza/@-37.8413092,145.1785107,15z?hl=en",
  "searchString": "38 pizza",
  "scrapedAt": "2022-08-04T14:39:10.330Z",
  "openingHours": [
    {
      "day": "Friday,",
      "hours": "5 to 11PM"
    },
    {
      "day": "Saturday,",
      "hours": "5 to 11PM"
    },
    {
      "day": "Sunday,",
      "hours": "5 to 10PM"
    },
    {
      "day": "Monday,",
      "hours": "Closed"
    },
    {
      "day": "Tuesday,",
      "hours": "5 to 10PM"
    },
    {
      "day": "Wednesday,",
      "hours": "5 to 10PM"
    },
    {
      "day": "Thursday,",
      "hours": "5 to 10PM"
    }
  ],
  "additionalInfo": {
    "Service options": [
      {
        "Dine-in": true
      }
    ],
    "Highlights": [
      {
        "Great dessert": true
      }
    ],
    "Popular for": [
      {
        "Dinner": true
      },
      {
        "Solo dining": true
      }
    ],
    "Accessibility": [
      {
        "Wheelchair-accessible entrance": true
      }
    ],
    "Offerings": [
      {
        "Alcohol": true
      },
      {
        "Coffee": true
      },
      {
        "Quick bite": true
      },
      {
        "Vegetarian options": true
      }
    ],
    "Dining options": [
      {
        "Dinner": true
      },
      {
        "Dessert": true
      }
    ],
    "Amenities": [
      {
        "Good for kids": true
      }
    ],
    "Atmosphere": [
      {
        "Casual": true
      }
    ],
    "Crowd": [
      {
        "Groups": true
      },
      {
        "Locals": true
      }
    ],
    "Planning": [
      {
        "Accepts reservations": true
      }
    ],
    "Payments": [
      {
        "Debit cards": true
      }
    ]
  },
  "reviewsCount": 14,
  "reviewsDistribution": {
    "oneStar": 2,
    "twoStar": 1,
    "threeStar": 0,
    "fourStar": 2,
    "fiveStar": 9
  },
  "reviews": [],
  "orderBy": []
}