{
  "title": "MAMMA TERESA PIZZA & PASTA RESTAURANT",
  "subTitle": null,
  "price": "$",
  "menu": null,
  "categoryName": "Pizza takeaway",
  "address": "431 Melbourne Rd, Newport VIC 3015, Australia",
  "locatedIn": null,
  "neighborhood": "431 Melbourne Rd",
  "street": "431 Melbourne Rd",
  "city": "Newport",
  "postalCode": "3015",
  "state": "Victoria",
  "countryCode": "AU",
  "plusCode": "5V5M+94 Newport, Victoria, Australia",
  "website": "https://mammateresa.com.au/",
  "phone": "+61 3 9391 1699      phone6",
  "temporarilyClosed": false,
  "location": {
    "lat": -37.8415299,
    "lng": 144.8827569
  },
  "permanentlyClosed": false,
  "totalScore": 4.1,
  "isAdvertisement": false,
  "rank": 11,
  "placeId": "ChIJd-H74Ndm1moRteQ1dpN0Ta8",
  "categories": [
    "Pizza restaurant",
    "Caterer",
    "European restaurant",
    "Meal delivery",
    "Takeout restaurant",
    "Pizza takeaway"
  ],
  "cid": "12631880706536367285",
  "url": "https://www.google.com/maps/place/MAMMA+TERESA+PIZZA+%26+PASTA+RESTAURANT/@-37.8415299,144.8827569,17z/data=!3m1!4b1!4m5!3m4!1s0x6ad666d7e0fbe177:0xaf4d74937635e4b5!8m2!3d-37.8415299!4d144.8827569?hl=en",
  "searchPageUrl": "https://www.google.com/maps/search/pizza/@-37.8413092,144.8645135,15z?hl=en",
  "searchString": "pizza",
  "scrapedAt": "2022-08-01T17:06:27.289Z",
  "popularTimesLiveText": null,
  "popularTimesLivePercent": null,
  "popularTimesHistogram": {
    "Su": [
      {
        "hour": 6,
        "occupancyPercent": 0
      },
      {
        "hour": 7,
        "occupancyPercent": 0
      },
      {
        "hour": 8,
        "occupancyPercent": 0
      },
      {
        "hour": 9,
        "occupancyPercent": 0
      },
      {
        "hour": 10,
        "occupancyPercent": 0
      },
      {
        "hour": 11,
        "occupancyPercent": 0
      },
      {
        "hour": 12,
        "occupancyPercent": 0
      },
      {
        "hour": 13,
        "occupancyPercent": 0
      },
      {
        "hour": 14,
        "occupancyPercent": 0
      },
      {
        "hour": 15,
        "occupancyPercent": 0
      },
      {
        "hour": 16,
        "occupancyPercent": 33
      },
      {
        "hour": 17,
        "occupancyPercent": 51
      },
      {
        "hour": 18,
        "occupancyPercent": 66
      },
      {
        "hour": 19,
        "occupancyPercent": 58
      },
      {
        "hour": 20,
        "occupancyPercent": 35
      },
      {
        "hour": 21,
        "occupancyPercent": 0
      },
      {
        "hour": 22,
        "occupancyPercent": 0
      },
      {
        "hour": 23,
        "occupancyPercent": 0
      }
    ],
    "Mo": [
      {
        "hour": 6,
        "occupancyPercent": 0
      },
      {
        "hour": 7,
        "occupancyPercent": 0
      },
      {
        "hour": 8,
        "occupancyPercent": 0
      },
      {
        "hour": 9,
        "occupancyPercent": 0
      },
      {
        "hour": 10,
        "occupancyPercent": 0
      },
      {
        "hour": 11,
        "occupancyPercent": 0
      },
      {
        "hour": 12,
        "occupancyPercent": 0
      },
      {
        "hour": 13,
        "occupancyPercent": 0
      },
      {
        "hour": 14,
        "occupancyPercent": 0
      },
      {
        "hour": 15,
        "occupancyPercent": 0
      },
      {
        "hour": 16,
        "occupancyPercent": 29
      },
      {
        "hour": 17,
        "occupancyPercent": 58
      },
      {
        "hour": 18,
        "occupancyPercent": 84
      },
      {
        "hour": 19,
        "occupancyPercent": 81
      },
      {
        "hour": 20,
        "occupancyPercent": 50
      },
      {
        "hour": 21,
        "occupancyPercent": 0
      },
      {
        "hour": 22,
        "occupancyPercent": 0
      },
      {
        "hour": 23,
        "occupancyPercent": 0
      }
    ],
    "Tu": [],
    "We": [
      {
        "hour": 6,
        "occupancyPercent": 0
      },
      {
        "hour": 7,
        "occupancyPercent": 0
      },
      {
        "hour": 8,
        "occupancyPercent": 0
      },
      {
        "hour": 9,
        "occupancyPercent": 0
      },
      {
        "hour": 10,
        "occupancyPercent": 0
      },
      {
        "hour": 11,
        "occupancyPercent": 0
      },
      {
        "hour": 12,
        "occupancyPercent": 0
      },
      {
        "hour": 13,
        "occupancyPercent": 0
      },
      {
        "hour": 14,
        "occupancyPercent": 0
      },
      {
        "hour": 15,
        "occupancyPercent": 0
      },
      {
        "hour": 16,
        "occupancyPercent": 35
      },
      {
        "hour": 17,
        "occupancyPercent": 64
      },
      {
        "hour": 18,
        "occupancyPercent": 80
      },
      {
        "hour": 19,
        "occupancyPercent": 66
      },
      {
        "hour": 20,
        "occupancyPercent": 35
      },
      {
        "hour": 21,
        "occupancyPercent": 0
      },
      {
        "hour": 22,
        "occupancyPercent": 0
      },
      {
        "hour": 23,
        "occupancyPercent": 0
      }
    ],
    "Th": [
      {
        "hour": 6,
        "occupancyPercent": 0
      },
      {
        "hour": 7,
        "occupancyPercent": 0
      },
      {
        "hour": 8,
        "occupancyPercent": 0
      },
      {
        "hour": 9,
        "occupancyPercent": 0
      },
      {
        "hour": 10,
        "occupancyPercent": 0
      },
      {
        "hour": 11,
        "occupancyPercent": 0
      },
      {
        "hour": 12,
        "occupancyPercent": 0
      },
      {
        "hour": 13,
        "occupancyPercent": 0
      },
      {
        "hour": 14,
        "occupancyPercent": 0
      },
      {
        "hour": 15,
        "occupancyPercent": 0
      },
      {
        "hour": 16,
        "occupancyPercent": 41
      },
      {
        "hour": 17,
        "occupancyPercent": 66
      },
      {
        "hour": 18,
        "occupancyPercent": 96
      },
      {
        "hour": 19,
        "occupancyPercent": 100
      },
      {
        "hour": 20,
        "occupancyPercent": 64
      },
      {
        "hour": 21,
        "occupancyPercent": 0
      },
      {
        "hour": 22,
        "occupancyPercent": 0
      },
      {
        "hour": 23,
        "occupancyPercent": 0
      }
    ],
    "Fr": [
      {
        "hour": 6,
        "occupancyPercent": 0
      },
      {
        "hour": 7,
        "occupancyPercent": 0
      },
      {
        "hour": 8,
        "occupancyPercent": 0
      },
      {
        "hour": 9,
        "occupancyPercent": 0
      },
      {
        "hour": 10,
        "occupancyPercent": 0
      },
      {
        "hour": 11,
        "occupancyPercent": 0
      },
      {
        "hour": 12,
        "occupancyPercent": 0
      },
      {
        "hour": 13,
        "occupancyPercent": 0
      },
      {
        "hour": 14,
        "occupancyPercent": 0
      },
      {
        "hour": 15,
        "occupancyPercent": 0
      },
      {
        "hour": 16,
        "occupancyPercent": 45
      },
      {
        "hour": 17,
        "occupancyPercent": 51
      },
      {
        "hour": 18,
        "occupancyPercent": 57
      },
      {
        "hour": 19,
        "occupancyPercent": 67
      },
      {
        "hour": 20,
        "occupancyPercent": 80
      },
      {
        "hour": 21,
        "occupancyPercent": 70
      },
      {
        "hour": 22,
        "occupancyPercent": 0
      },
      {
        "hour": 23,
        "occupancyPercent": 0
      }
    ],
    "Sa": [
      {
        "hour": 6,
        "occupancyPercent": 0
      },
      {
        "hour": 7,
        "occupancyPercent": 0
      },
      {
        "hour": 8,
        "occupancyPercent": 0
      },
      {
        "hour": 9,
        "occupancyPercent": 0
      },
      {
        "hour": 10,
        "occupancyPercent": 0
      },
      {
        "hour": 11,
        "occupancyPercent": 0
      },
      {
        "hour": 12,
        "occupancyPercent": 0
      },
      {
        "hour": 13,
        "occupancyPercent": 0
      },
      {
        "hour": 14,
        "occupancyPercent": 0
      },
      {
        "hour": 15,
        "occupancyPercent": 0
      },
      {
        "hour": 16,
        "occupancyPercent": 28
      },
      {
        "hour": 17,
        "occupancyPercent": 55
      },
      {
        "hour": 18,
        "occupancyPercent": 80
      },
      {
        "hour": 19,
        "occupancyPercent": 88
      },
      {
        "hour": 20,
        "occupancyPercent": 74
      },
      {
        "hour": 21,
        "occupancyPercent": 49
      },
      {
        "hour": 22,
        "occupancyPercent": 0
      },
      {
        "hour": 23,
        "occupancyPercent": 0
      }
    ]
  },
  "openingHours": [
    {
      "day": "Tuesday,",
      "hours": "Closed"
    },
    {
      "day": "Wednesday,",
      "hours": "4:30 to 9PM"
    },
    {
      "day": "Thursday,",
      "hours": "4:30 to 9PM"
    },
    {
      "day": "Friday,",
      "hours": "4:30 to 10PM"
    },
    {
      "day": "Saturday,",
      "hours": "4:30 to 10PM"
    },
    {
      "day": "Sunday,",
      "hours": "4:30 to 9PM"
    },
    {
      "day": "Monday,",
      "hours": "4:30 to 9PM"
    }
  ],
  "additionalInfo": {
    "Service options": [
      {
        "No-contact delivery": true
      },
      {
        "Delivery": true
      },
      {
        "Takeaway": true
      },
      {
        "Dine-in": true
      }
    ],
    "Health and safety": [
      {
        "Staff wear masks": true
      },
      {
        "Staff get temperature checks": true
      },
      {
        "Staff required to disinfect surfaces between visits": true
      }
    ],
    "Offerings": [
      {
        "Alcohol": true
      },
      {
        "Beer": true
      },
      {
        "Coffee": true
      },
      {
        "Healthy options": true
      },
      {
        "Kids' menu": true
      },
      {
        "Late-night food": true
      },
      {
        "Vegetarian options": true
      }
    ],
    "Dining options": [
      {
        "Dinner": true
      },
      {
        "Catering": true
      },
      {
        "Dessert": true
      },
      {
        "Seating": true
      }
    ],
    "Amenities": [
      {
        "Good for kids": true
      },
      {
        "Toilets": true
      }
    ],
    "Atmosphere": [
      {
        "Casual": true
      },
      {
        "Cosy": true
      }
    ],
    "Crowd": [
      {
        "Family friendly": true
      },
      {
        "Groups": true
      }
    ],
    "Planning": [
      {
        "Accepts reservations": true
      }
    ],
    "Payments": [
      {
        "NFC mobile payments": true
      },
      {
        "Credit cards": true
      }
    ]
  },
  "reviewsCount": 162,
  "reviewsDistribution": {
    "oneStar": 18,
    "twoStar": 10,
    "threeStar": 13,
    "fourStar": 22,
    "fiveStar": 99
  },
  "reviews": [],
  "orderBy": [
    {
      "name": "mammateresa.com.au",
      "url": "http://www.mammateresa.com.au/"
    }
  ]
}