{
  "title": "Diyana's Case & Pizza",
  "subTitle": null,
  "price": null,
  "menu": null,
  "categoryName": "Pizza restaurant",
  "address": "95 Justin Ave, Glenroy VIC 3046, Australia",
  "locatedIn": null,
  "neighborhood": "95 Justin Ave",
  "street": "95 Justin Ave",
  "city": "Glenroy",
  "postalCode": "3046",
  "state": "Victoria",
  "countryCode": "AU",
  "plusCode": "8W2M+JV Glenroy, Victoria, Australia",
  "website": null,
  "phone": null,
  "temporarilyClosed": false,
  "location": {
    "lat": -37.698475,
    "lng": 144.934668
  },
  "permanentlyClosed": false,
  "totalScore": 5,
  "isAdvertisement": false,
  "rank": 14,
  "placeId": "ChIJEyaBxOha1moR9T4Tr6FkxoQ",
  "categories": [
    "Pizza restaurant",
    "Italian restaurant",
    "Pizza takeaway"
  ],
  "cid": "9567445103984983797",
  "url": "https://www.google.com/maps/place/Diyana's+Case+%26+Pizza/@-37.698475,144.934668,17z/data=!3m1!4b1!4m5!3m4!1s0x6ad65ae8c4812613:0x84c664a1af133ef5!8m2!3d-37.6985018!4d144.9348816?hl=en",
  "searchPageUrl": "https://www.google.com/maps/search/pizza/@-37.6774856,144.8994021,15z?hl=en",
  "searchString": "pizza",
  "scrapedAt": "2022-08-01T17:06:08.431Z",
  "openingHours": [
    {
      "day": "Tuesday,",
      "hours": "4 to 9:30PM"
    },
    {
      "day": "Wednesday,",
      "hours": "4 to 9:30PM"
    },
    {
      "day": "Thursday,",
      "hours": "4 to 9:30PM"
    },
    {
      "day": "Friday,",
      "hours": "4 to 9:30PM"
    },
    {
      "day": "Saturday,",
      "hours": "4 to 9:30PM"
    },
    {
      "day": "Sunday,",
      "hours": "4 to 9:30PM"
    },
    {
      "day": "Monday,",
      "hours": "4 to 9:30PM"
    }
  ],
  "additionalInfo": {
    "Service options": [
      {
        "Delivery": true
      },
      {
        "Takeaway": true
      },
      {
        "Dine-in": true
      }
    ],
    "Atmosphere": [
      {
        "Casual": true
      }
    ]
  },
  "reviewsCount": 1,
  "reviewsDistribution": {
    "oneStar": 0,
    "twoStar": 0,
    "threeStar": 0,
    "fourStar": 0,
    "fiveStar": 1
  },
  "reviews": [],
  "orderBy": []
}