{
  "title": "Herb's Backyard Pizza and Beer",
  "subTitle": null,
  "price": null,
  "menu": null,
  "categoryName": "Pizza restaurant",
  "address": "Yarra Glen VIC 3775, Australia",
  "locatedIn": "Floor 1 · Yarra Valley Grand Hotel",
  "neighborhood": null,
  "street": null,
  "city": "Yarra Glen",
  "postalCode": "3775",
  "state": "Victoria",
  "countryCode": "AU",
  "plusCode": "89RF+CH Yarra Glen, Victoria, Australia",
  "website": "https://www.yarravalleygrand.com.au/",
  "phone": "+61 3 9730 1230",
  "temporarilyClosed": false,
  "location": {
    "lat": -37.6589175,
    "lng": 145.3739814
  },
  "permanentlyClosed": false,
  "totalScore": 3.7,
  "isAdvertisement": false,
  "rank": 2,
  "placeId": "ChIJnW59NzrT12oRetDCNu8h0eE",
  "categories": [
    "Pizza restaurant",
    "Italian restaurant",
    "Pizza takeaway"
  ],
  "cid": "16271824239965950074",
  "url": "https://www.google.com/maps/place/Herb's+Backyard+Pizza+and+Beer/@-37.6589175,145.3739814,17z/data=!3m1!4b1!4m5!3m4!1s0x6ad7d33a377d6e9d:0xe1d121ef36c2d07a!8m2!3d-37.6589175!4d145.3739814?hl=en",
  "searchPageUrl": "https://www.google.com/maps/search/pizza/@-37.6501817,145.2831764,15z?hl=en",
  "searchString": "pizza",
  "scrapedAt": "2022-08-01T17:10:25.975Z",
  "openingHours": [
    {
      "day": "Tuesday,",
      "hours": "Closed"
    },
    {
      "day": "Wednesday,",
      "hours": "Closed"
    },
    {
      "day": "Thursday,",
      "hours": "5 to 10PM"
    },
    {
      "day": "Friday,",
      "hours": "11AM to 11PM"
    },
    {
      "day": "Saturday,",
      "hours": "11AM to 11PM"
    },
    {
      "day": "Sunday,",
      "hours": "11AM to 4PM"
    },
    {
      "day": "Monday,",
      "hours": "Closed"
    }
  ],
  "additionalInfo": {
    "Service options": [
      {
        "Outdoor seating": true
      },
      {
        "Takeaway": true
      },
      {
        "Dine-in": true
      }
    ],
    "Accessibility": [
      {
        "Wheelchair-accessible car park": true
      },
      {
        "Wheelchair-accessible entrance": true
      },
      {
        "Wheelchair-accessible seating": true
      }
    ],
    "Offerings": [
      {
        "Coffee": true
      },
      {
        "Kids' menu": true
      }
    ],
    "Dining options": [
      {
        "Dinner": true
      }
    ],
    "Amenities": [
      {
        "Good for kids": true
      },
      {
        "Toilets": true
      }
    ],
    "Atmosphere": [
      {
        "Casual": true
      },
      {
        "Cosy": true
      }
    ],
    "Crowd": [
      {
        "Groups": true
      }
    ]
  },
  "reviewsCount": 26,
  "reviewsDistribution": {
    "oneStar": 5,
    "twoStar": 1,
    "threeStar": 1,
    "fourStar": 9,
    "fiveStar": 10
  },
  "reviews": [],
  "orderBy": []
}