{
  "title": "Red Hot Pizza",
  "subTitle": null,
  "price": null,
  "menu": null,
  "categoryName": "Pizza restaurant",
  "address": "711 Centre Rd, Bentleigh East VIC 3165, Australia",
  "locatedIn": null,
  "neighborhood": "711 Centre Rd",
  "street": "711 Centre Rd",
  "city": "Bentleigh East",
  "postalCode": "3165",
  "state": "Victoria",
  "countryCode": "AU",
  "plusCode": "33H4+Q4 Bentleigh East, Victoria, Australia",
  "website": "https://ordermate.online/redhotpizza/",
  "phone": "+61 3 9570 8266",
  "temporarilyClosed": false,
  "location": {
    "lat": -37.9205427,
    "lng": 145.0553448
  },
  "permanentlyClosed": true,
  "totalScore": 4.2,
  "isAdvertisement": false,
  "rank": 2,
  "placeId": "ChIJR9vELudr1moRMu4Q5iO4qUA",
  "categories": [
    "Pizza restaurant",
    "European restaurant",
    "Italian restaurant",
    "Takeout restaurant"
  ],
  "cid": "4659457753814724146",
  "url": "https://www.google.com/maps/place/Red+Hot+Pizza/@-37.9205427,145.0553448,17z/data=!3m1!4b1!4m5!3m4!1s0x6ad66be72ec4db47:0x40a9b823e610ee32!8m2!3d-37.9205752!4d145.0553326?hl=en",
  "searchPageUrl": "https://www.google.com/maps/search/ht+pizza/@-37.8959171,145.0389564,15z?hl=en",
  "searchString": "ht pizza",
  "scrapedAt": "2022-08-02T09:45:18.189Z",
  "openingHours": [
    {
      "day": "Tuesday,",
      "hours": "5 to 9:30PM"
    },
    {
      "day": "Wednesday,",
      "hours": "5 to 9:30PM"
    },
    {
      "day": "Thursday,",
      "hours": "5 to 9:30PM"
    },
    {
      "day": "Friday,",
      "hours": "5 to 10:30PM"
    },
    {
      "day": "Saturday,",
      "hours": "5 to 10:30PM"
    },
    {
      "day": "Sunday,",
      "hours": "5 to 9:30PM"
    },
    {
      "day": "Monday,",
      "hours": "5 to 9:30PM"
    }
  ],
  "additionalInfo": {
    "Service options": [
      {
        "Takeaway": true
      },
      {
        "Dine-in": true
      }
    ]
  },
  "reviewsCount": 65,
  "reviewsDistribution": {
    "oneStar": 10,
    "twoStar": 1,
    "threeStar": 4,
    "fourStar": 4,
    "fiveStar": 46
  },
  "reviews": [],
  "orderBy": []
}