{
  "title": "Pizza Rush",
  "subTitle": null,
  "price": null,
  "menu": null,
  "categoryName": "Pizza restaurant",
  "address": "South Wharf VIC 3006, Australia",
  "locatedIn": "Floor G · DFO South Wharf",
  "neighborhood": null,
  "street": null,
  "city": "South Wharf",
  "postalCode": "3006",
  "state": "Victoria",
  "countryCode": "AU",
  "plusCode": "5XG2+26 South Wharf, Victoria, Australia",
  "website": null,
  "phone": null,
  "temporarilyClosed": false,
  "location": {
    "lat": -37.8248979,
    "lng": 144.9505367
  },
  "permanentlyClosed": false,
  "totalScore": 3.6,
  "isAdvertisement": false,
  "rank": 13,
  "placeId": "ChIJS_HdJVhd1moRyP6p236ly_M",
  "categories": [
    "Pizza restaurant"
  ],
  "cid": "17567316735758565064",
  "url": "https://www.google.com/maps/place/Pizza+Rush/@-37.8248979,144.9505367,17z/data=!3m1!4b1!4m5!3m4!1s0x6ad65d5825ddf14b:0xf3cba57edba9fec8!8m2!3d-37.8248979!4d144.9505367?hl=en",
  "searchPageUrl": "https://www.google.com/maps/search/pizza/@-37.8413092,144.9342907,15z?hl=en",
  "searchString": "pizza",
  "scrapedAt": "2022-08-01T17:07:41.481Z",
  "openingHours": [
    {
      "day": "Tuesday,",
      "hours": "10AM to 6PM"
    },
    {
      "day": "Wednesday,",
      "hours": "10AM to 6PM"
    },
    {
      "day": "Thursday,",
      "hours": "10AM to 6PM"
    },
    {
      "day": "Friday,",
      "hours": "10AM to 9PM"
    },
    {
      "day": "Saturday,",
      "hours": "10AM to 6PM"
    },
    {
      "day": "Sunday,",
      "hours": "10AM to 6PM"
    },
    {
      "day": "Monday,",
      "hours": "10AM to 6PM"
    }
  ],
  "additionalInfo": {
    "Service options": [
      {
        "Takeaway": true
      },
      {
        "Dine-in": true
      },
      {
        "Delivery": false
      }
    ],
    "Accessibility": [
      {
        "Wheelchair-accessible car park": true
      },
      {
        "Wheelchair-accessible entrance": true
      }
    ],
    "Dining options": [
      {
        "Lunch": true
      }
    ],
    "Atmosphere": [
      {
        "Casual": true
      }
    ],
    "Payments": [
      {
        "NFC mobile payments": true
      }
    ]
  },
  "reviewsCount": 43,
  "reviewsDistribution": {
    "oneStar": 6,
    "twoStar": 1,
    "threeStar": 10,
    "fourStar": 13,
    "fiveStar": 13
  },
  "reviews": [],
  "orderBy": []
}