{
  "title": "Anchovie's Pizza",
  "subTitle": null,
  "price": null,
  "menu": null,
  "categoryName": "Pizza restaurant",
  "address": "2/419 Gordon St, Maribyrnong VIC 3032, Australia",
  "locatedIn": null,
  "neighborhood": "2/419 Gordon St",
  "street": "2/419 Gordon St",
  "city": "Maribyrnong",
  "postalCode": "3032",
  "state": "Victoria",
  "countryCode": "AU",
  "plusCode": "6V7R+W9 Maribyrnong, Victoria, Australia",
  "website": null,
  "phone": "+61 3 9318 2922",
  "temporarilyClosed": false,
  "location": {
    "lat": -37.7852473,
    "lng": 144.890959
  },
  "permanentlyClosed": true,
  "totalScore": null,
  "isAdvertisement": false,
  "rank": 3,
  "placeId": "ChIJLZd3c8Fd1moRMY3C5C8H8cs",
  "categories": [
    "Pizza restaurant"
  ],
  "cid": "14695534961369451825",
  "url": "https://www.google.com/maps/place/Anchovie's+Pizza/@-37.7852473,144.890959,17z/data=!3m1!4b1!4m5!3m4!1s0x6ad65dc17377972d:0xcbf1072fe4c28d31!8m2!3d-37.7852355!4d144.8908605?hl=en",
  "searchPageUrl": "https://www.google.com/maps/search/0a+pizza/@-37.7593974,144.8645135,15z?hl=en",
  "searchString": "0a pizza",
  "scrapedAt": "2022-08-04T05:55:27.998Z",
  "additionalInfo": {
    "Service options": [
      {
        "Dine-in": true
      }
    ],
    "Dining options": [
      {
        "Dinner": true
      }
    ],
    "Atmosphere": [
      {
        "Casual": true
      }
    ]
  },
  "reviewsCount": 0,
  "reviewsDistribution": {
    "oneStar": 0,
    "twoStar": 0,
    "threeStar": 0,
    "fourStar": 0,
    "fiveStar": 0
  },
  "reviews": [],
  "orderBy": []
}