{
  "title": "Herbs Woodfired Pizza Carnegie",
  "subTitle": null,
  "price": null,
  "menu": null,
  "categoryName": "Pizza restaurant",
  "address": "156 Koornang Rd, Carnegie VIC 3163, Australia",
  "locatedIn": null,
  "neighborhood": "156 Koornang Rd",
  "street": "156 Koornang Rd",
  "city": "Carnegie",
  "postalCode": "3163",
  "state": "Victoria",
  "countryCode": "AU",
  "plusCode": "4364+7V Carnegie, Victoria, Australia",
  "website": "http://www.herbswoodfiredpizza.com.au/",
  "phone": "+61 3 9530 4779",
  "temporarilyClosed": false,
  "location": {
    "lat": -37.8893157,
    "lng": 145.0571636
  },
  "permanentlyClosed": false,
  "totalScore": 4.1,
  "isAdvertisement": false,
  "rank": 11,
  "placeId": "ChIJuQk-qSVq1moRU1y7WM5IId4",
  "categories": [
    "Pizza restaurant",
    "European restaurant",
    "Italian restaurant",
    "Meal delivery",
    "Takeout restaurant",
    "Pizza delivery",
    "Pizza takeaway",
    "Restaurant"
  ],
  "cid": "16006154601740590163",
  "url": "https://www.google.com/maps/place/Herbs+Woodfired+Pizza+Carnegie/@-37.8893157,145.0571636,17z/data=!3m1!4b1!4m5!3m4!1s0x6ad66a25a93e09b9:0xde2148ce58bb5c53!8m2!3d-37.8893157!4d145.0571636?hl=en",
  "searchPageUrl": "https://www.google.com/maps/search/pizza/@-37.8959171,145.073845,15z?hl=en",
  "searchString": "pizza",
  "scrapedAt": "2022-08-01T17:08:46.734Z",
  "popularTimesLiveText": null,
  "popularTimesLivePercent": null,
  "popularTimesHistogram": {
    "Su": [
      {
        "hour": 6,
        "occupancyPercent": 0
      },
      {
        "hour": 7,
        "occupancyPercent": 0
      },
      {
        "hour": 8,
        "occupancyPercent": 0
      },
      {
        "hour": 9,
        "occupancyPercent": 0
      },
      {
        "hour": 10,
        "occupancyPercent": 0
      },
      {
        "hour": 11,
        "occupancyPercent": 0
      },
      {
        "hour": 12,
        "occupancyPercent": 0
      },
      {
        "hour": 13,
        "occupancyPercent": 0
      },
      {
        "hour": 14,
        "occupancyPercent": 0
      },
      {
        "hour": 15,
        "occupancyPercent": 0
      },
      {
        "hour": 16,
        "occupancyPercent": 0
      },
      {
        "hour": 17,
        "occupancyPercent": 77
      },
      {
        "hour": 18,
        "occupancyPercent": 100
      },
      {
        "hour": 19,
        "occupancyPercent": 98
      },
      {
        "hour": 20,
        "occupancyPercent": 88
      },
      {
        "hour": 21,
        "occupancyPercent": 75
      },
      {
        "hour": 22,
        "occupancyPercent": 55
      },
      {
        "hour": 23,
        "occupancyPercent": 27
      }
    ],
    "Mo": [
      {
        "hour": 6,
        "occupancyPercent": 0
      },
      {
        "hour": 7,
        "occupancyPercent": 0
      },
      {
        "hour": 8,
        "occupancyPercent": 0
      },
      {
        "hour": 9,
        "occupancyPercent": 0
      },
      {
        "hour": 10,
        "occupancyPercent": 0
      },
      {
        "hour": 11,
        "occupancyPercent": 0
      },
      {
        "hour": 12,
        "occupancyPercent": 0
      },
      {
        "hour": 13,
        "occupancyPercent": 0
      },
      {
        "hour": 14,
        "occupancyPercent": 0
      },
      {
        "hour": 15,
        "occupancyPercent": 0
      },
      {
        "hour": 16,
        "occupancyPercent": 0
      },
      {
        "hour": 17,
        "occupancyPercent": 66
      },
      {
        "hour": 18,
        "occupancyPercent": 77
      },
      {
        "hour": 19,
        "occupancyPercent": 77
      },
      {
        "hour": 20,
        "occupancyPercent": 77
      },
      {
        "hour": 21,
        "occupancyPercent": 85
      },
      {
        "hour": 22,
        "occupancyPercent": 74
      },
      {
        "hour": 23,
        "occupancyPercent": 0
      }
    ],
    "Tu": [
      {
        "hour": 6,
        "occupancyPercent": 0
      },
      {
        "hour": 7,
        "occupancyPercent": 0
      },
      {
        "hour": 8,
        "occupancyPercent": 0
      },
      {
        "hour": 9,
        "occupancyPercent": 0
      },
      {
        "hour": 10,
        "occupancyPercent": 0
      },
      {
        "hour": 11,
        "occupancyPercent": 0
      },
      {
        "hour": 12,
        "occupancyPercent": 0
      },
      {
        "hour": 13,
        "occupancyPercent": 0
      },
      {
        "hour": 14,
        "occupancyPercent": 0
      },
      {
        "hour": 15,
        "occupancyPercent": 0
      },
      {
        "hour": 16,
        "occupancyPercent": 0
      },
      {
        "hour": 17,
        "occupancyPercent": 74
      },
      {
        "hour": 18,
        "occupancyPercent": 81
      },
      {
        "hour": 19,
        "occupancyPercent": 87
      },
      {
        "hour": 20,
        "occupancyPercent": 90
      },
      {
        "hour": 21,
        "occupancyPercent": 81
      },
      {
        "hour": 22,
        "occupancyPercent": 55
      },
      {
        "hour": 23,
        "occupancyPercent": 0
      }
    ],
    "We": [],
    "Th": [
      {
        "hour": 6,
        "occupancyPercent": 0
      },
      {
        "hour": 7,
        "occupancyPercent": 0
      },
      {
        "hour": 8,
        "occupancyPercent": 0
      },
      {
        "hour": 9,
        "occupancyPercent": 0
      },
      {
        "hour": 10,
        "occupancyPercent": 0
      },
      {
        "hour": 11,
        "occupancyPercent": 0
      },
      {
        "hour": 12,
        "occupancyPercent": 0
      },
      {
        "hour": 13,
        "occupancyPercent": 0
      },
      {
        "hour": 14,
        "occupancyPercent": 0
      },
      {
        "hour": 15,
        "occupancyPercent": 0
      },
      {
        "hour": 16,
        "occupancyPercent": 0
      },
      {
        "hour": 17,
        "occupancyPercent": 61
      },
      {
        "hour": 18,
        "occupancyPercent": 66
      },
      {
        "hour": 19,
        "occupancyPercent": 64
      },
      {
        "hour": 20,
        "occupancyPercent": 64
      },
      {
        "hour": 21,
        "occupancyPercent": 81
      },
      {
        "hour": 22,
        "occupancyPercent": 72
      },
      {
        "hour": 23,
        "occupancyPercent": 0
      }
    ],
    "Fr": [
      {
        "hour": 6,
        "occupancyPercent": 0
      },
      {
        "hour": 7,
        "occupancyPercent": 0
      },
      {
        "hour": 8,
        "occupancyPercent": 0
      },
      {
        "hour": 9,
        "occupancyPercent": 0
      },
      {
        "hour": 10,
        "occupancyPercent": 0
      },
      {
        "hour": 11,
        "occupancyPercent": 0
      },
      {
        "hour": 12,
        "occupancyPercent": 0
      },
      {
        "hour": 13,
        "occupancyPercent": 0
      },
      {
        "hour": 14,
        "occupancyPercent": 0
      },
      {
        "hour": 15,
        "occupancyPercent": 0
      },
      {
        "hour": 16,
        "occupancyPercent": 0
      },
      {
        "hour": 17,
        "occupancyPercent": 62
      },
      {
        "hour": 18,
        "occupancyPercent": 77
      },
      {
        "hour": 19,
        "occupancyPercent": 87
      },
      {
        "hour": 20,
        "occupancyPercent": 90
      },
      {
        "hour": 21,
        "occupancyPercent": 81
      },
      {
        "hour": 22,
        "occupancyPercent": 62
      },
      {
        "hour": 23,
        "occupancyPercent": 38
      }
    ],
    "Sa": [
      {
        "hour": 6,
        "occupancyPercent": 0
      },
      {
        "hour": 7,
        "occupancyPercent": 0
      },
      {
        "hour": 8,
        "occupancyPercent": 0
      },
      {
        "hour": 9,
        "occupancyPercent": 0
      },
      {
        "hour": 10,
        "occupancyPercent": 0
      },
      {
        "hour": 11,
        "occupancyPercent": 0
      },
      {
        "hour": 12,
        "occupancyPercent": 0
      },
      {
        "hour": 13,
        "occupancyPercent": 0
      },
      {
        "hour": 14,
        "occupancyPercent": 0
      },
      {
        "hour": 15,
        "occupancyPercent": 0
      },
      {
        "hour": 16,
        "occupancyPercent": 0
      },
      {
        "hour": 17,
        "occupancyPercent": 81
      },
      {
        "hour": 18,
        "occupancyPercent": 92
      },
      {
        "hour": 19,
        "occupancyPercent": 81
      },
      {
        "hour": 20,
        "occupancyPercent": 70
      },
      {
        "hour": 21,
        "occupancyPercent": 87
      },
      {
        "hour": 22,
        "occupancyPercent": 100
      },
      {
        "hour": 23,
        "occupancyPercent": 61
      }
    ]
  },
  "openingHours": [
    {
      "day": "Tuesday,",
      "hours": "5 to 11PM"
    },
    {
      "day": "Wednesday,",
      "hours": "Closed"
    },
    {
      "day": "Thursday,",
      "hours": "5 to 11PM"
    },
    {
      "day": "Friday,",
      "hours": "5PM to 12AM"
    },
    {
      "day": "Saturday,",
      "hours": "5PM to 12AM"
    },
    {
      "day": "Sunday,",
      "hours": "5PM to 12AM"
    },
    {
      "day": "Monday,",
      "hours": "5 to 11PM"
    }
  ],
  "additionalInfo": {
    "Service options": [
      {
        "Outdoor seating": true
      },
      {
        "Delivery": true
      },
      {
        "Takeaway": true
      },
      {
        "Dine-in": true
      }
    ],
    "Accessibility": [
      {
        "Wheelchair-accessible entrance": false
      }
    ],
    "Offerings": [
      {
        "Halal food": true
      },
      {
        "Late-night food": true
      },
      {
        "Vegetarian options": true
      }
    ],
    "Dining options": [
      {
        "Lunch": true
      },
      {
        "Dinner": true
      },
      {
        "Dessert": true
      }
    ],
    "Amenities": [
      {
        "Good for kids": true
      }
    ],
    "Atmosphere": [
      {
        "Casual": true
      }
    ],
    "Payments": [
      {
        "Debit cards": true
      },
      {
        "NFC mobile payments": true
      },
      {
        "Credit cards": true
      }
    ]
  },
  "reviewsCount": 396,
  "reviewsDistribution": {
    "oneStar": 55,
    "twoStar": 19,
    "threeStar": 13,
    "fourStar": 37,
    "fiveStar": 272
  },
  "reviews": [],
  "orderBy": [
    {
      "name": "herbswoodfiredpizza.com.au",
      "url": "http://www.herbswoodfiredpizza.com.au/"
    },
    {
      "name": "menulog.com.au",
      "url": "https://www.menulog.com.au/restaurants-herbs-pizza-carnegie/menu?utm_source=google&utm_medium=organic&utm_campaign=orderaction"
    },
    {
      "name": "doordash.com",
      "url": "https://www.doordash.com/en-AU/store/herbs-wood-fired-pizza-carnegie-2571832/?utm_campaign=gpa"
    }
  ]
}