{
  "title": "Domino's Pizza Thomastown",
  "subTitle": null,
  "price": "$",
  "menu": null,
  "categoryName": "Fast food restaurant",
  "address": "247 High St, Thomastown VIC 3074, Australia",
  "locatedIn": null,
  "neighborhood": "247 High St",
  "street": "247 High St",
  "city": "Thomastown",
  "postalCode": "3074",
  "state": "Victoria",
  "countryCode": "AU",
  "plusCode": "82C7+CH Thomastown, Victoria, Australia",
  "website": "https://www.dominos.com.au/store/vic-thomastown-98868?utm_source=google&utm_medium=places-organic",
  "phone": "+61 3 8415 2420",
  "temporarilyClosed": false,
  "location": {
    "lat": -37.6789162,
    "lng": 145.0138854
  },
  "permanentlyClosed": false,
  "totalScore": 3,
  "isAdvertisement": false,
  "rank": 10,
  "placeId": "ChIJy7xwHw1P1moR3hNRITNefdA",
  "categories": [
    "Pizza restaurant",
    "Dessert restaurant",
    "Family restaurant",
    "Lunch restaurant",
    "Meal delivery",
    "Takeout restaurant",
    "Pizza delivery",
    "Fast food restaurant",
    "Pizza takeaway",
    "Restaurant"
  ],
  "cid": "15023267505673147358",
  "url": "https://www.google.com/maps/place/Domino's+Pizza+Thomastown/@-37.6789162,145.0138854,17z/data=!3m1!4b1!4m5!3m4!1s0x6ad64f0d1f70bccb:0xd07d5e33215113de!8m2!3d-37.6789162!4d145.0138854?hl=en",
  "searchPageUrl": "https://www.google.com/maps/search/pizza/@-37.6774856,145.0040678,15z?hl=en",
  "searchString": "pizza",
  "scrapedAt": "2022-08-01T17:07:05.179Z",
  "popularTimesLiveText": null,
  "popularTimesLivePercent": null,
  "popularTimesHistogram": {
    "Su": [
      {
        "hour": 6,
        "occupancyPercent": 0
      },
      {
        "hour": 7,
        "occupancyPercent": 0
      },
      {
        "hour": 8,
        "occupancyPercent": 0
      },
      {
        "hour": 9,
        "occupancyPercent": 0
      },
      {
        "hour": 10,
        "occupancyPercent": 0
      },
      {
        "hour": 11,
        "occupancyPercent": 23
      },
      {
        "hour": 12,
        "occupancyPercent": 38
      },
      {
        "hour": 13,
        "occupancyPercent": 53
      },
      {
        "hour": 14,
        "occupancyPercent": 66
      },
      {
        "hour": 15,
        "occupancyPercent": 71
      },
      {
        "hour": 16,
        "occupancyPercent": 69
      },
      {
        "hour": 17,
        "occupancyPercent": 66
      },
      {
        "hour": 18,
        "occupancyPercent": 66
      },
      {
        "hour": 19,
        "occupancyPercent": 65
      },
      {
        "hour": 20,
        "occupancyPercent": 58
      },
      {
        "hour": 21,
        "occupancyPercent": 44
      },
      {
        "hour": 22,
        "occupancyPercent": 27
      },
      {
        "hour": 23,
        "occupancyPercent": 0
      }
    ],
    "Mo": [
      {
        "hour": 6,
        "occupancyPercent": 0
      },
      {
        "hour": 7,
        "occupancyPercent": 0
      },
      {
        "hour": 8,
        "occupancyPercent": 0
      },
      {
        "hour": 9,
        "occupancyPercent": 0
      },
      {
        "hour": 10,
        "occupancyPercent": 0
      },
      {
        "hour": 11,
        "occupancyPercent": 38
      },
      {
        "hour": 12,
        "occupancyPercent": 48
      },
      {
        "hour": 13,
        "occupancyPercent": 47
      },
      {
        "hour": 14,
        "occupancyPercent": 41
      },
      {
        "hour": 15,
        "occupancyPercent": 43
      },
      {
        "hour": 16,
        "occupancyPercent": 54
      },
      {
        "hour": 17,
        "occupancyPercent": 66
      },
      {
        "hour": 18,
        "occupancyPercent": 71
      },
      {
        "hour": 19,
        "occupancyPercent": 66
      },
      {
        "hour": 20,
        "occupancyPercent": 50
      },
      {
        "hour": 21,
        "occupancyPercent": 33
      },
      {
        "hour": 22,
        "occupancyPercent": 18
      },
      {
        "hour": 23,
        "occupancyPercent": 0
      }
    ],
    "Tu": [
      {
        "hour": 6,
        "occupancyPercent": 0
      },
      {
        "hour": 7,
        "occupancyPercent": 0
      },
      {
        "hour": 8,
        "occupancyPercent": 0
      },
      {
        "hour": 9,
        "occupancyPercent": 0
      },
      {
        "hour": 10,
        "occupancyPercent": 0
      },
      {
        "hour": 11,
        "occupancyPercent": 19
      },
      {
        "hour": 12,
        "occupancyPercent": 24
      },
      {
        "hour": 13,
        "occupancyPercent": 28
      },
      {
        "hour": 14,
        "occupancyPercent": 33
      },
      {
        "hour": 15,
        "occupancyPercent": 34
      },
      {
        "hour": 16,
        "occupancyPercent": 40
      },
      {
        "hour": 17,
        "occupancyPercent": 66
      },
      {
        "hour": 18,
        "occupancyPercent": 100
      },
      {
        "hour": 19,
        "occupancyPercent": 84
      },
      {
        "hour": 20,
        "occupancyPercent": 44
      },
      {
        "hour": 21,
        "occupancyPercent": 42
      },
      {
        "hour": 22,
        "occupancyPercent": 54
      },
      {
        "hour": 23,
        "occupancyPercent": 0
      }
    ],
    "We": [
      {
        "hour": 6,
        "occupancyPercent": 0
      },
      {
        "hour": 7,
        "occupancyPercent": 0
      },
      {
        "hour": 8,
        "occupancyPercent": 0
      },
      {
        "hour": 9,
        "occupancyPercent": 0
      },
      {
        "hour": 10,
        "occupancyPercent": 0
      },
      {
        "hour": 11,
        "occupancyPercent": 28
      },
      {
        "hour": 12,
        "occupancyPercent": 36
      },
      {
        "hour": 13,
        "occupancyPercent": 41
      },
      {
        "hour": 14,
        "occupancyPercent": 42
      },
      {
        "hour": 15,
        "occupancyPercent": 39
      },
      {
        "hour": 16,
        "occupancyPercent": 47
      },
      {
        "hour": 17,
        "occupancyPercent": 89
      },
      {
        "hour": 18,
        "occupancyPercent": 85
      },
      {
        "hour": 19,
        "occupancyPercent": 52
      },
      {
        "hour": 20,
        "occupancyPercent": 48
      },
      {
        "hour": 21,
        "occupancyPercent": 42
      },
      {
        "hour": 22,
        "occupancyPercent": 28
      },
      {
        "hour": 23,
        "occupancyPercent": 0
      }
    ],
    "Th": [
      {
        "hour": 6,
        "occupancyPercent": 0
      },
      {
        "hour": 7,
        "occupancyPercent": 0
      },
      {
        "hour": 8,
        "occupancyPercent": 0
      },
      {
        "hour": 9,
        "occupancyPercent": 0
      },
      {
        "hour": 10,
        "occupancyPercent": 0
      },
      {
        "hour": 11,
        "occupancyPercent": 25
      },
      {
        "hour": 12,
        "occupancyPercent": 42
      },
      {
        "hour": 13,
        "occupancyPercent": 35
      },
      {
        "hour": 14,
        "occupancyPercent": 32
      },
      {
        "hour": 15,
        "occupancyPercent": 43
      },
      {
        "hour": 16,
        "occupancyPercent": 58
      },
      {
        "hour": 17,
        "occupancyPercent": 71
      },
      {
        "hour": 18,
        "occupancyPercent": 76
      },
      {
        "hour": 19,
        "occupancyPercent": 72
      },
      {
        "hour": 20,
        "occupancyPercent": 60
      },
      {
        "hour": 21,
        "occupancyPercent": 44
      },
      {
        "hour": 22,
        "occupancyPercent": 28
      },
      {
        "hour": 23,
        "occupancyPercent": 0
      }
    ],
    "Fr": [
      {
        "hour": 6,
        "occupancyPercent": 0
      },
      {
        "hour": 7,
        "occupancyPercent": 0
      },
      {
        "hour": 8,
        "occupancyPercent": 0
      },
      {
        "hour": 9,
        "occupancyPercent": 0
      },
      {
        "hour": 10,
        "occupancyPercent": 0
      },
      {
        "hour": 11,
        "occupancyPercent": 38
      },
      {
        "hour": 12,
        "occupancyPercent": 57
      },
      {
        "hour": 13,
        "occupancyPercent": 53
      },
      {
        "hour": 14,
        "occupancyPercent": 42
      },
      {
        "hour": 15,
        "occupancyPercent": 43
      },
      {
        "hour": 16,
        "occupancyPercent": 57
      },
      {
        "hour": 17,
        "occupancyPercent": 70
      },
      {
        "hour": 18,
        "occupancyPercent": 75
      },
      {
        "hour": 19,
        "occupancyPercent": 69
      },
      {
        "hour": 20,
        "occupancyPercent": 53
      },
      {
        "hour": 21,
        "occupancyPercent": 35
      },
      {
        "hour": 22,
        "occupancyPercent": 19
      },
      {
        "hour": 23,
        "occupancyPercent": 9
      },
      {
        "hour": 0,
        "occupancyPercent": 3
      }
    ],
    "Sa": [
      {
        "hour": 6,
        "occupancyPercent": 0
      },
      {
        "hour": 7,
        "occupancyPercent": 0
      },
      {
        "hour": 8,
        "occupancyPercent": 0
      },
      {
        "hour": 9,
        "occupancyPercent": 0
      },
      {
        "hour": 10,
        "occupancyPercent": 0
      },
      {
        "hour": 11,
        "occupancyPercent": 28
      },
      {
        "hour": 12,
        "occupancyPercent": 38
      },
      {
        "hour": 13,
        "occupancyPercent": 40
      },
      {
        "hour": 14,
        "occupancyPercent": 43
      },
      {
        "hour": 15,
        "occupancyPercent": 52
      },
      {
        "hour": 16,
        "occupancyPercent": 65
      },
      {
        "hour": 17,
        "occupancyPercent": 76
      },
      {
        "hour": 18,
        "occupancyPercent": 81
      },
      {
        "hour": 19,
        "occupancyPercent": 77
      },
      {
        "hour": 20,
        "occupancyPercent": 66
      },
      {
        "hour": 21,
        "occupancyPercent": 52
      },
      {
        "hour": 22,
        "occupancyPercent": 38
      },
      {
        "hour": 23,
        "occupancyPercent": 25
      },
      {
        "hour": 0,
        "occupancyPercent": 16
      }
    ]
  },
  "openingHours": [
    {
      "day": "Tuesday,",
      "hours": "11AM to 11PM"
    },
    {
      "day": "Wednesday,",
      "hours": "11AM to 11PM"
    },
    {
      "day": "Thursday,",
      "hours": "11AM to 11PM"
    },
    {
      "day": "Friday,",
      "hours": "11AM to 1AM"
    },
    {
      "day": "Saturday,",
      "hours": "11AM to 1AM"
    },
    {
      "day": "Sunday,",
      "hours": "11AM to 11PM"
    },
    {
      "day": "Monday,",
      "hours": "11AM to 11PM"
    }
  ],
  "additionalInfo": {
    "Service options": [
      {
        "Kerbside pickup": true
      },
      {
        "No-contact delivery": true
      },
      {
        "Delivery": true
      },
      {
        "Takeaway": true
      }
    ],
    "Highlights": [
      {
        "Fast service": true
      }
    ],
    "Accessibility": [
      {
        "Wheelchair-accessible entrance": true
      },
      {
        "Wheelchair-accessible seating": false
      },
      {
        "Wheelchair-accessible toilet": false
      }
    ],
    "Offerings": [
      {
        "Late-night food": true
      },
      {
        "Vegetarian options": true
      }
    ],
    "Dining options": [
      {
        "Lunch": true
      },
      {
        "Dinner": true
      },
      {
        "Catering": true
      },
      {
        "Dessert": true
      }
    ],
    "Amenities": [
      {
        "Good for kids": true
      }
    ],
    "Atmosphere": [
      {
        "Casual": true
      }
    ],
    "Crowd": [
      {
        "Family friendly": true
      },
      {
        "Groups": true
      },
      {
        "LGBTQ+ friendly": true
      },
      {
        "Transgender safe space": true
      }
    ],
    "Payments": [
      {
        "Debit cards": true
      },
      {
        "NFC mobile payments": true
      },
      {
        "Credit cards": true
      }
    ]
  },
  "reviewsCount": 372,
  "reviewsDistribution": {
    "oneStar": 126,
    "twoStar": 29,
    "threeStar": 34,
    "fourStar": 72,
    "fiveStar": 111
  },
  "reviews": [],
  "orderBy": []
}