{
  "title": "Victoria's Pizza & Beyond",
  "subTitle": null,
  "price": "$$",
  "menu": null,
  "categoryName": "Pizza restaurant",
  "address": "282 High St, Melton VIC 3337, Australia",
  "locatedIn": null,
  "neighborhood": "282 High St",
  "street": "282 High St",
  "city": "Melton",
  "postalCode": "3337",
  "state": "Victoria",
  "countryCode": "AU",
  "plusCode": "8H8M+WP Melton, Victoria, Australia",
  "website": "http://victoriaspizzamelton.com.au/sgmM",
  "phone": "+61 3 8001 8008",
  "temporarilyClosed": false,
  "location": {
    "lat": -37.6827335,
    "lng": 144.5843176
  },
  "permanentlyClosed": false,
  "totalScore": 4.2,
  "isAdvertisement": false,
  "rank": 20,
  "placeId": "ChIJZ296hevt1moR8gns-FvGVbA",
  "categories": [
    "Pizza restaurant",
    "Takeout restaurant"
  ],
  "cid": "12706280022016264690",
  "url": "https://www.google.com/maps/place/Victoria's+Pizza+%26+Beyond/@-37.6827335,144.5843176,17z/data=!3m1!4b1!4m5!3m4!1s0x6ad6edeb857a6f67:0xb055c65bf8ec09f2!8m2!3d-37.6827335!4d144.5843176?hl=en",
  "searchPageUrl": "https://www.google.com/maps/search/pizza/@-37.8140053,144.4807392,15z?hl=en",
  "searchString": "pizza",
  "scrapedAt": "2022-08-01T17:00:48.082Z",
  "popularTimesLiveText": null,
  "popularTimesLivePercent": null,
  "popularTimesHistogram": {
    "Su": [
      {
        "hour": 6,
        "occupancyPercent": 0
      },
      {
        "hour": 7,
        "occupancyPercent": 0
      },
      {
        "hour": 8,
        "occupancyPercent": 0
      },
      {
        "hour": 9,
        "occupancyPercent": 0
      },
      {
        "hour": 10,
        "occupancyPercent": 0
      },
      {
        "hour": 11,
        "occupancyPercent": 0
      },
      {
        "hour": 12,
        "occupancyPercent": 8
      },
      {
        "hour": 13,
        "occupancyPercent": 9
      },
      {
        "hour": 14,
        "occupancyPercent": 5
      },
      {
        "hour": 15,
        "occupancyPercent": 14
      },
      {
        "hour": 16,
        "occupancyPercent": 35
      },
      {
        "hour": 17,
        "occupancyPercent": 54
      },
      {
        "hour": 18,
        "occupancyPercent": 57
      },
      {
        "hour": 19,
        "occupancyPercent": 49
      },
      {
        "hour": 20,
        "occupancyPercent": 41
      },
      {
        "hour": 21,
        "occupancyPercent": 31
      },
      {
        "hour": 22,
        "occupancyPercent": 0
      },
      {
        "hour": 23,
        "occupancyPercent": 0
      }
    ],
    "Mo": [
      {
        "hour": 6,
        "occupancyPercent": 0
      },
      {
        "hour": 7,
        "occupancyPercent": 0
      },
      {
        "hour": 8,
        "occupancyPercent": 0
      },
      {
        "hour": 9,
        "occupancyPercent": 0
      },
      {
        "hour": 10,
        "occupancyPercent": 0
      },
      {
        "hour": 11,
        "occupancyPercent": 0
      },
      {
        "hour": 12,
        "occupancyPercent": 8
      },
      {
        "hour": 13,
        "occupancyPercent": 17
      },
      {
        "hour": 14,
        "occupancyPercent": 9
      },
      {
        "hour": 15,
        "occupancyPercent": 4
      },
      {
        "hour": 16,
        "occupancyPercent": 16
      },
      {
        "hour": 17,
        "occupancyPercent": 40
      },
      {
        "hour": 18,
        "occupancyPercent": 60
      },
      {
        "hour": 19,
        "occupancyPercent": 56
      },
      {
        "hour": 20,
        "occupancyPercent": 38
      },
      {
        "hour": 21,
        "occupancyPercent": 22
      },
      {
        "hour": 22,
        "occupancyPercent": 0
      },
      {
        "hour": 23,
        "occupancyPercent": 0
      }
    ],
    "Tu": [
      {
        "hour": 6,
        "occupancyPercent": 0
      },
      {
        "hour": 7,
        "occupancyPercent": 0
      },
      {
        "hour": 8,
        "occupancyPercent": 0
      },
      {
        "hour": 9,
        "occupancyPercent": 0
      },
      {
        "hour": 10,
        "occupancyPercent": 0
      },
      {
        "hour": 11,
        "occupancyPercent": 0
      },
      {
        "hour": 12,
        "occupancyPercent": 7
      },
      {
        "hour": 13,
        "occupancyPercent": 8
      },
      {
        "hour": 14,
        "occupancyPercent": 9
      },
      {
        "hour": 15,
        "occupancyPercent": 12
      },
      {
        "hour": 16,
        "occupancyPercent": 23
      },
      {
        "hour": 17,
        "occupancyPercent": 38
      },
      {
        "hour": 18,
        "occupancyPercent": 44
      },
      {
        "hour": 19,
        "occupancyPercent": 37
      },
      {
        "hour": 20,
        "occupancyPercent": 28
      },
      {
        "hour": 21,
        "occupancyPercent": 25
      },
      {
        "hour": 22,
        "occupancyPercent": 0
      },
      {
        "hour": 23,
        "occupancyPercent": 0
      }
    ],
    "We": [
      {
        "hour": 6,
        "occupancyPercent": 0
      },
      {
        "hour": 7,
        "occupancyPercent": 0
      },
      {
        "hour": 8,
        "occupancyPercent": 0
      },
      {
        "hour": 9,
        "occupancyPercent": 0
      },
      {
        "hour": 10,
        "occupancyPercent": 0
      },
      {
        "hour": 11,
        "occupancyPercent": 0
      },
      {
        "hour": 12,
        "occupancyPercent": 11
      },
      {
        "hour": 13,
        "occupancyPercent": 17
      },
      {
        "hour": 14,
        "occupancyPercent": 19
      },
      {
        "hour": 15,
        "occupancyPercent": 27
      },
      {
        "hour": 16,
        "occupancyPercent": 47
      },
      {
        "hour": 17,
        "occupancyPercent": 66
      },
      {
        "hour": 18,
        "occupancyPercent": 75
      },
      {
        "hour": 19,
        "occupancyPercent": 68
      },
      {
        "hour": 20,
        "occupancyPercent": 49
      },
      {
        "hour": 21,
        "occupancyPercent": 28
      },
      {
        "hour": 22,
        "occupancyPercent": 0
      },
      {
        "hour": 23,
        "occupancyPercent": 0
      }
    ],
    "Th": [
      {
        "hour": 6,
        "occupancyPercent": 0
      },
      {
        "hour": 7,
        "occupancyPercent": 0
      },
      {
        "hour": 8,
        "occupancyPercent": 0
      },
      {
        "hour": 9,
        "occupancyPercent": 0
      },
      {
        "hour": 10,
        "occupancyPercent": 0
      },
      {
        "hour": 11,
        "occupancyPercent": 0
      },
      {
        "hour": 12,
        "occupancyPercent": 12
      },
      {
        "hour": 13,
        "occupancyPercent": 16
      },
      {
        "hour": 14,
        "occupancyPercent": 11
      },
      {
        "hour": 15,
        "occupancyPercent": 8
      },
      {
        "hour": 16,
        "occupancyPercent": 25
      },
      {
        "hour": 17,
        "occupancyPercent": 62
      },
      {
        "hour": 18,
        "occupancyPercent": 82
      },
      {
        "hour": 19,
        "occupancyPercent": 64
      },
      {
        "hour": 20,
        "occupancyPercent": 41
      },
      {
        "hour": 21,
        "occupancyPercent": 30
      },
      {
        "hour": 22,
        "occupancyPercent": 0
      },
      {
        "hour": 23,
        "occupancyPercent": 0
      }
    ],
    "Fr": [
      {
        "hour": 6,
        "occupancyPercent": 0
      },
      {
        "hour": 7,
        "occupancyPercent": 0
      },
      {
        "hour": 8,
        "occupancyPercent": 0
      },
      {
        "hour": 9,
        "occupancyPercent": 0
      },
      {
        "hour": 10,
        "occupancyPercent": 0
      },
      {
        "hour": 11,
        "occupancyPercent": 0
      },
      {
        "hour": 12,
        "occupancyPercent": 1
      },
      {
        "hour": 13,
        "occupancyPercent": 1
      },
      {
        "hour": 14,
        "occupancyPercent": 6
      },
      {
        "hour": 15,
        "occupancyPercent": 18
      },
      {
        "hour": 16,
        "occupancyPercent": 41
      },
      {
        "hour": 17,
        "occupancyPercent": 75
      },
      {
        "hour": 18,
        "occupancyPercent": 100
      },
      {
        "hour": 19,
        "occupancyPercent": 92
      },
      {
        "hour": 20,
        "occupancyPercent": 65
      },
      {
        "hour": 21,
        "occupancyPercent": 41
      },
      {
        "hour": 22,
        "occupancyPercent": 0
      },
      {
        "hour": 23,
        "occupancyPercent": 0
      }
    ],
    "Sa": [
      {
        "hour": 6,
        "occupancyPercent": 0
      },
      {
        "hour": 7,
        "occupancyPercent": 0
      },
      {
        "hour": 8,
        "occupancyPercent": 0
      },
      {
        "hour": 9,
        "occupancyPercent": 0
      },
      {
        "hour": 10,
        "occupancyPercent": 0
      },
      {
        "hour": 11,
        "occupancyPercent": 0
      },
      {
        "hour": 12,
        "occupancyPercent": 1
      },
      {
        "hour": 13,
        "occupancyPercent": 2
      },
      {
        "hour": 14,
        "occupancyPercent": 5
      },
      {
        "hour": 15,
        "occupancyPercent": 12
      },
      {
        "hour": 16,
        "occupancyPercent": 34
      },
      {
        "hour": 17,
        "occupancyPercent": 70
      },
      {
        "hour": 18,
        "occupancyPercent": 94
      },
      {
        "hour": 19,
        "occupancyPercent": 81
      },
      {
        "hour": 20,
        "occupancyPercent": 50
      },
      {
        "hour": 21,
        "occupancyPercent": 31
      },
      {
        "hour": 22,
        "occupancyPercent": 0
      },
      {
        "hour": 23,
        "occupancyPercent": 0
      }
    ]
  },
  "openingHours": [
    {
      "day": "Tuesday,",
      "hours": "12 to 10PM"
    },
    {
      "day": "Wednesday,",
      "hours": "12 to 10PM"
    },
    {
      "day": "Thursday,",
      "hours": "12 to 10PM"
    },
    {
      "day": "Friday,",
      "hours": "12 to 10PM"
    },
    {
      "day": "Saturday,",
      "hours": "12 to 10PM"
    },
    {
      "day": "Sunday,",
      "hours": "12 to 10PM"
    },
    {
      "day": "Monday,",
      "hours": "12 to 10PM"
    }
  ],
  "additionalInfo": {
    "Service options": [
      {
        "No-contact delivery": true
      },
      {
        "Delivery": true
      },
      {
        "Takeaway": true
      },
      {
        "Dine-in": true
      }
    ],
    "Offerings": [
      {
        "Halal food": true
      },
      {
        "Late-night food": true
      },
      {
        "Vegetarian options": true
      }
    ],
    "Dining options": [
      {
        "Lunch": true
      },
      {
        "Dinner": true
      },
      {
        "Catering": true
      },
      {
        "Dessert": true
      },
      {
        "Seating": true
      }
    ],
    "Amenities": [
      {
        "Good for kids": true
      }
    ],
    "Atmosphere": [
      {
        "Casual": true
      }
    ],
    "Crowd": [
      {
        "Family friendly": true
      }
    ],
    "Planning": [
      {
        "Accepts reservations": true
      }
    ],
    "Payments": [
      {
        "Debit cards": true
      },
      {
        "NFC mobile payments": true
      },
      {
        "Credit cards": true
      }
    ]
  },
  "reviewsCount": 169,
  "reviewsDistribution": {
    "oneStar": 15,
    "twoStar": 10,
    "threeStar": 7,
    "fourStar": 27,
    "fiveStar": 110
  },
  "reviews": [],
  "orderBy": [
    {
      "name": "victoriaspizzamelton.com.au",
      "url": "https://victoriaspizzamelton.com.au/order-now#picked-for-you"
    }
  ]
}