{
  "title": "Panorama Pizza & Pasta",
  "subTitle": null,
  "price": null,
  "menu": null,
  "categoryName": "Pizza restaurant",
  "address": "155 High St, Cranbourne VIC 3977, Australia",
  "locatedIn": null,
  "neighborhood": "155 High St",
  "street": "155 High St",
  "city": "Cranbourne",
  "postalCode": "3977",
  "state": "Victoria",
  "countryCode": "AU",
  "plusCode": "V7WJ+4R Cranbourne, Victoria, Australia",
  "website": null,
  "phone": "+61 3 5995 1411",
  "temporarilyClosed": false,
  "location": {
    "lat": -38.1047499,
    "lng": 145.2820497
  },
  "permanentlyClosed": true,
  "totalScore": 1,
  "isAdvertisement": false,
  "rank": 5,
  "placeId": "ChIJCVIfM8YP1moRjosPF1xwlPc",
  "categories": [
    "Pizza restaurant"
  ],
  "cid": "17840007564747574158",
  "url": "https://www.google.com/maps/place/Panorama+Pizza+%26+Pasta/@-38.1047499,145.2820497,17z/data=!3m1!4b1!4m5!3m4!1s0x6ad60fc6331f5209:0xf794705c170f8b8e!8m2!3d-38.1047499!4d145.2820497?hl=en",
  "searchPageUrl": "https://www.google.com/maps/search/61+pizza/@-38.1962605,145.3878422,15z?hl=en",
  "searchString": "61 pizza",
  "scrapedAt": "2022-08-04T20:57:05.252Z",
  "additionalInfo": {
    "Service options": [
      {
        "Dine-in": true
      }
    ],
    "Popular for": [
      {
        "Lunch": true
      },
      {
        "Dinner": true
      }
    ],
    "Offerings": [
      {
        "Vegetarian options": true
      }
    ],
    "Dining options": [
      {
        "Lunch": true
      },
      {
        "Dinner": true
      }
    ],
    "Atmosphere": [
      {
        "Casual": true
      }
    ]
  },
  "reviewsCount": 1,
  "reviewsDistribution": {
    "oneStar": 1,
    "twoStar": 0,
    "threeStar": 0,
    "fourStar": 0,
    "fiveStar": 0
  },
  "reviews": [],
  "orderBy": []
}