{
  "title": "Il Tempo Pizza",
  "subTitle": null,
  "price": "$$",
  "menu": null,
  "categoryName": "Pizza restaurant",
  "address": "8 Degraves St, Melbourne VIC 3000, Australia",
  "locatedIn": null,
  "neighborhood": "8 Degraves St",
  "street": "8 Degraves St",
  "city": "Melbourne",
  "postalCode": "3000",
  "state": "Victoria",
  "countryCode": "AU",
  "plusCode": "5XM8+29 Melbourne, Victoria, Australia",
  "website": null,
  "phone": null,
  "temporarilyClosed": false,
  "location": {
    "lat": -37.817435,
    "lng": 144.9658814
  },
  "permanentlyClosed": true,
  "totalScore": 4.3,
  "isAdvertisement": false,
  "rank": 15,
  "placeId": "ChIJA98DELRC1moRnsJycAOTrps",
  "categories": [
    "Pizza restaurant",
    "Italian restaurant",
    "Pizza takeaway",
    "Restaurant"
  ],
  "cid": "11218065364807238302",
  "url": "https://www.google.com/maps/place/Il+Tempo+Pizza/@-37.817435,144.9658814,17z/data=!3m1!4b1!4m5!3m4!1s0x6ad642b41003df03:0x9bae93037072c29e!8m2!3d-37.8174315!4d144.9658927?hl=en",
  "searchPageUrl": "https://www.google.com/maps/search/8c+pizza/@-37.7867014,145.8413936,15z?hl=en",
  "searchString": "8c pizza",
  "scrapedAt": "2022-08-04T23:56:41.847Z",
  "openingHours": [
    {
      "day": "Friday,",
      "hours": "12 to 10PM"
    },
    {
      "day": "Saturday,",
      "hours": "12 to 10PM"
    },
    {
      "day": "Sunday,",
      "hours": "12 to 10PM"
    },
    {
      "day": "Monday,",
      "hours": "12 to 10PM"
    },
    {
      "day": "Tuesday,",
      "hours": "12 to 10PM"
    },
    {
      "day": "Wednesday,",
      "hours": "12 to 10PM"
    },
    {
      "day": "Thursday,",
      "hours": "12 to 10PM"
    }
  ],
  "additionalInfo": {
    "Service options": [
      {
        "Takeaway": true
      },
      {
        "Dine-in": true
      }
    ]
  },
  "reviewsCount": 608,
  "reviewsDistribution": {
    "oneStar": 42,
    "twoStar": 16,
    "threeStar": 48,
    "fourStar": 147,
    "fiveStar": 355
  },
  "reviews": [],
  "orderBy": []
}