{
  "title": "Zanini Pizzeria - St Kilda East",
  "subTitle": null,
  "price": null,
  "menu": null,
  "categoryName": "Restaurant",
  "address": "262 Inkerman St, St Kilda East VIC 3183, Australia",
  "locatedIn": null,
  "neighborhood": "262 Inkerman St",
  "street": "262 Inkerman St",
  "city": "St Kilda East",
  "postalCode": "3183",
  "state": "Victoria",
  "countryCode": "AU",
  "plusCode": "4XMX+H5 St Kilda East, Victoria, Australia",
  "website": "http://www.zaninipizzeria.com.au/",
  "phone": "+61 3 9527 3635",
  "temporarilyClosed": false,
  "location": {
    "lat": -37.8660302,
    "lng": 144.9979201
  },
  "permanentlyClosed": false,
  "totalScore": 4.5,
  "isAdvertisement": false,
  "rank": 4,
  "placeId": "ChIJ2y_bIQVp1moRIriQs4QH9Qg",
  "categories": [
    "Pizza restaurant",
    "Meal delivery",
    "Takeout restaurant",
    "Pizza delivery",
    "Restaurant",
    "Pizza takeaway"
  ],
  "cid": "645430388127217698",
  "url": "https://www.google.com/maps/place/Zanini+Pizzeria+-+St+Kilda+East/@-37.8660302,144.9979201,17z/data=!3m1!4b1!4m5!3m4!1s0x6ad6690521db2fdb:0x8f50784b390b822!8m2!3d-37.8660302!4d144.9979201?hl=en",
  "searchPageUrl": "https://www.google.com/maps/search/pizza/@-37.8686132,145.0040678,15z?hl=en",
  "searchString": "pizza",
  "scrapedAt": "2022-08-01T17:07:12.448Z",
  "popularTimesLiveText": null,
  "popularTimesLivePercent": null,
  "popularTimesHistogram": {
    "Su": [
      {
        "hour": 6,
        "occupancyPercent": 0
      },
      {
        "hour": 7,
        "occupancyPercent": 0
      },
      {
        "hour": 8,
        "occupancyPercent": 34
      },
      {
        "hour": 9,
        "occupancyPercent": 48
      },
      {
        "hour": 10,
        "occupancyPercent": 45
      },
      {
        "hour": 11,
        "occupancyPercent": 35
      },
      {
        "hour": 12,
        "occupancyPercent": 31
      },
      {
        "hour": 13,
        "occupancyPercent": 22
      },
      {
        "hour": 14,
        "occupancyPercent": 12
      },
      {
        "hour": 15,
        "occupancyPercent": 11
      },
      {
        "hour": 16,
        "occupancyPercent": 24
      },
      {
        "hour": 17,
        "occupancyPercent": 47
      },
      {
        "hour": 18,
        "occupancyPercent": 62
      },
      {
        "hour": 19,
        "occupancyPercent": 57
      },
      {
        "hour": 20,
        "occupancyPercent": 35
      },
      {
        "hour": 21,
        "occupancyPercent": 0
      },
      {
        "hour": 22,
        "occupancyPercent": 0
      },
      {
        "hour": 23,
        "occupancyPercent": 0
      }
    ],
    "Mo": [],
    "Tu": [
      {
        "hour": 6,
        "occupancyPercent": 0
      },
      {
        "hour": 7,
        "occupancyPercent": 10
      },
      {
        "hour": 8,
        "occupancyPercent": 17
      },
      {
        "hour": 9,
        "occupancyPercent": 24
      },
      {
        "hour": 10,
        "occupancyPercent": 31
      },
      {
        "hour": 11,
        "occupancyPercent": 37
      },
      {
        "hour": 12,
        "occupancyPercent": 41
      },
      {
        "hour": 13,
        "occupancyPercent": 41
      },
      {
        "hour": 14,
        "occupancyPercent": 38
      },
      {
        "hour": 15,
        "occupancyPercent": 34
      },
      {
        "hour": 16,
        "occupancyPercent": 28
      },
      {
        "hour": 17,
        "occupancyPercent": 34
      },
      {
        "hour": 18,
        "occupancyPercent": 70
      },
      {
        "hour": 19,
        "occupancyPercent": 85
      },
      {
        "hour": 20,
        "occupancyPercent": 41
      },
      {
        "hour": 21,
        "occupancyPercent": 0
      },
      {
        "hour": 22,
        "occupancyPercent": 0
      },
      {
        "hour": 23,
        "occupancyPercent": 0
      }
    ],
    "We": [
      {
        "hour": 6,
        "occupancyPercent": 0
      },
      {
        "hour": 7,
        "occupancyPercent": 21
      },
      {
        "hour": 8,
        "occupancyPercent": 37
      },
      {
        "hour": 9,
        "occupancyPercent": 51
      },
      {
        "hour": 10,
        "occupancyPercent": 60
      },
      {
        "hour": 11,
        "occupancyPercent": 58
      },
      {
        "hour": 12,
        "occupancyPercent": 48
      },
      {
        "hour": 13,
        "occupancyPercent": 34
      },
      {
        "hour": 14,
        "occupancyPercent": 21
      },
      {
        "hour": 15,
        "occupancyPercent": 17
      },
      {
        "hour": 16,
        "occupancyPercent": 27
      },
      {
        "hour": 17,
        "occupancyPercent": 51
      },
      {
        "hour": 18,
        "occupancyPercent": 72
      },
      {
        "hour": 19,
        "occupancyPercent": 70
      },
      {
        "hour": 20,
        "occupancyPercent": 45
      },
      {
        "hour": 21,
        "occupancyPercent": 0
      },
      {
        "hour": 22,
        "occupancyPercent": 0
      },
      {
        "hour": 23,
        "occupancyPercent": 0
      }
    ],
    "Th": [
      {
        "hour": 6,
        "occupancyPercent": 0
      },
      {
        "hour": 7,
        "occupancyPercent": 47
      },
      {
        "hour": 8,
        "occupancyPercent": 28
      },
      {
        "hour": 9,
        "occupancyPercent": 11
      },
      {
        "hour": 10,
        "occupancyPercent": 28
      },
      {
        "hour": 11,
        "occupancyPercent": 48
      },
      {
        "hour": 12,
        "occupancyPercent": 48
      },
      {
        "hour": 13,
        "occupancyPercent": 30
      },
      {
        "hour": 14,
        "occupancyPercent": 17
      },
      {
        "hour": 15,
        "occupancyPercent": 18
      },
      {
        "hour": 16,
        "occupancyPercent": 30
      },
      {
        "hour": 17,
        "occupancyPercent": 42
      },
      {
        "hour": 18,
        "occupancyPercent": 51
      },
      {
        "hour": 19,
        "occupancyPercent": 50
      },
      {
        "hour": 20,
        "occupancyPercent": 41
      },
      {
        "hour": 21,
        "occupancyPercent": 0
      },
      {
        "hour": 22,
        "occupancyPercent": 0
      },
      {
        "hour": 23,
        "occupancyPercent": 0
      }
    ],
    "Fr": [
      {
        "hour": 6,
        "occupancyPercent": 0
      },
      {
        "hour": 7,
        "occupancyPercent": 17
      },
      {
        "hour": 8,
        "occupancyPercent": 21
      },
      {
        "hour": 9,
        "occupancyPercent": 24
      },
      {
        "hour": 10,
        "occupancyPercent": 27
      },
      {
        "hour": 11,
        "occupancyPercent": 25
      },
      {
        "hour": 12,
        "occupancyPercent": 22
      },
      {
        "hour": 13,
        "occupancyPercent": 18
      },
      {
        "hour": 14,
        "occupancyPercent": 14
      },
      {
        "hour": 15,
        "occupancyPercent": 11
      },
      {
        "hour": 16,
        "occupancyPercent": 14
      },
      {
        "hour": 17,
        "occupancyPercent": 32
      },
      {
        "hour": 18,
        "occupancyPercent": 70
      },
      {
        "hour": 19,
        "occupancyPercent": 100
      },
      {
        "hour": 20,
        "occupancyPercent": 92
      },
      {
        "hour": 21,
        "occupancyPercent": 54
      },
      {
        "hour": 22,
        "occupancyPercent": 0
      },
      {
        "hour": 23,
        "occupancyPercent": 0
      }
    ],
    "Sa": [
      {
        "hour": 6,
        "occupancyPercent": 0
      },
      {
        "hour": 7,
        "occupancyPercent": 0
      },
      {
        "hour": 8,
        "occupancyPercent": 38
      },
      {
        "hour": 9,
        "occupancyPercent": 34
      },
      {
        "hour": 10,
        "occupancyPercent": 28
      },
      {
        "hour": 11,
        "occupancyPercent": 51
      },
      {
        "hour": 12,
        "occupancyPercent": 65
      },
      {
        "hour": 13,
        "occupancyPercent": 35
      },
      {
        "hour": 14,
        "occupancyPercent": 17
      },
      {
        "hour": 15,
        "occupancyPercent": 22
      },
      {
        "hour": 16,
        "occupancyPercent": 37
      },
      {
        "hour": 17,
        "occupancyPercent": 47
      },
      {
        "hour": 18,
        "occupancyPercent": 50
      },
      {
        "hour": 19,
        "occupancyPercent": 42
      },
      {
        "hour": 20,
        "occupancyPercent": 30
      },
      {
        "hour": 21,
        "occupancyPercent": 17
      },
      {
        "hour": 22,
        "occupancyPercent": 0
      },
      {
        "hour": 23,
        "occupancyPercent": 0
      }
    ]
  },
  "openingHours": [
    {
      "day": "Tuesday,",
      "hours": "7AM to 9PM"
    },
    {
      "day": "Wednesday,",
      "hours": "7AM to 9PM"
    },
    {
      "day": "Thursday,",
      "hours": "7AM to 9PM"
    },
    {
      "day": "Friday,",
      "hours": "7AM to 9:30PM"
    },
    {
      "day": "Saturday,",
      "hours": "8AM to 9:30PM"
    },
    {
      "day": "Sunday,",
      "hours": "8AM to 9PM"
    },
    {
      "day": "Monday,",
      "hours": "Closed"
    }
  ],
  "additionalInfo": {
    "Service options": [
      {
        "No-contact delivery": true
      },
      {
        "Delivery": true
      },
      {
        "Takeaway": true
      },
      {
        "Dine-in": true
      }
    ],
    "Accessibility": [
      {
        "Wheelchair-accessible entrance": true
      },
      {
        "Wheelchair-accessible seating": true
      }
    ],
    "Offerings": [
      {
        "Alcohol": true
      },
      {
        "Beer": true
      },
      {
        "Cocktails": true
      },
      {
        "Coffee": true
      },
      {
        "Late-night food": true
      },
      {
        "Small plates": true
      },
      {
        "Spirits": true
      },
      {
        "Vegetarian options": true
      },
      {
        "Wine": true
      }
    ],
    "Dining options": [
      {
        "Lunch": true
      },
      {
        "Dinner": true
      },
      {
        "Dessert": true
      }
    ],
    "Amenities": [
      {
        "Bar on site": true
      },
      {
        "Good for kids": true
      },
      {
        "Toilets": true
      }
    ],
    "Atmosphere": [
      {
        "Casual": true
      },
      {
        "Cosy": true
      }
    ],
    "Crowd": [
      {
        "Family friendly": true
      },
      {
        "Groups": true
      }
    ],
    "Payments": [
      {
        "Debit cards": true
      },
      {
        "NFC mobile payments": true
      },
      {
        "Credit cards": true
      }
    ]
  },
  "reviewsCount": 159,
  "reviewsDistribution": {
    "oneStar": 10,
    "twoStar": 4,
    "threeStar": 4,
    "fourStar": 21,
    "fiveStar": 120
  },
  "reviews": [],
  "orderBy": []
}