{
  "title": "Domino's Pizza Beaconsfield",
  "subTitle": null,
  "price": "$",
  "menu": null,
  "categoryName": "Fast food restaurant",
  "address": "Shop 4/2 Beaconsfield-Emerald Rd, Beaconsfield VIC 3807, Australia",
  "locatedIn": null,
  "neighborhood": "Shop 4/2 Beaconsfield-Emerald Rd",
  "street": "Shop 4/2 Beaconsfield-Emerald Rd",
  "city": "Beaconsfield",
  "postalCode": "3807",
  "state": "Victoria",
  "countryCode": "AU",
  "plusCode": "X948+FW Beaconsfield, Victoria, Australia",
  "website": "https://www.dominos.com.au/store/vic-beaconsfield-98570?utm_source=google&utm_medium=places-organic",
  "phone": "+61 3 8794 2320",
  "temporarilyClosed": false,
  "location": {
    "lat": -38.0437526,
    "lng": 145.367288
  },
  "permanentlyClosed": false,
  "totalScore": 3.6,
  "isAdvertisement": false,
  "rank": 11,
  "placeId": "ChIJ-TcIs9cb1moR2zLj5BhmW1A",
  "categories": [
    "Pizza restaurant",
    "Dessert restaurant",
    "Family restaurant",
    "Lunch restaurant",
    "Meal delivery",
    "Takeout restaurant",
    "Pizza delivery",
    "Fast food restaurant",
    "Pizza takeaway",
    "Restaurant"
  ],
  "cid": "5790334003020247771",
  "url": "https://www.google.com/maps/place/Domino's+Pizza+Beaconsfield/@-38.0437526,145.367288,17z/data=!3m1!4b1!4m5!3m4!1s0x6ad61bd7b30837f9:0x505b6618e4e332db!8m2!3d-38.0437526!4d145.367288?hl=en",
  "searchPageUrl": "https://www.google.com/maps/search/pizza/@-38.0597408,145.3529536,15z?hl=en",
  "searchString": "pizza",
  "scrapedAt": "2022-08-01T17:11:14.678Z",
  "popularTimesLiveText": null,
  "popularTimesLivePercent": null,
  "popularTimesHistogram": {
    "Su": [
      {
        "hour": 6,
        "occupancyPercent": 0
      },
      {
        "hour": 7,
        "occupancyPercent": 0
      },
      {
        "hour": 8,
        "occupancyPercent": 0
      },
      {
        "hour": 9,
        "occupancyPercent": 0
      },
      {
        "hour": 10,
        "occupancyPercent": 0
      },
      {
        "hour": 11,
        "occupancyPercent": 10
      },
      {
        "hour": 12,
        "occupancyPercent": 37
      },
      {
        "hour": 13,
        "occupancyPercent": 41
      },
      {
        "hour": 14,
        "occupancyPercent": 25
      },
      {
        "hour": 15,
        "occupancyPercent": 29
      },
      {
        "hour": 16,
        "occupancyPercent": 51
      },
      {
        "hour": 17,
        "occupancyPercent": 72
      },
      {
        "hour": 18,
        "occupancyPercent": 81
      },
      {
        "hour": 19,
        "occupancyPercent": 74
      },
      {
        "hour": 20,
        "occupancyPercent": 54
      },
      {
        "hour": 21,
        "occupancyPercent": 31
      },
      {
        "hour": 22,
        "occupancyPercent": 13
      },
      {
        "hour": 23,
        "occupancyPercent": 0
      }
    ],
    "Mo": [
      {
        "hour": 6,
        "occupancyPercent": 0
      },
      {
        "hour": 7,
        "occupancyPercent": 0
      },
      {
        "hour": 8,
        "occupancyPercent": 0
      },
      {
        "hour": 9,
        "occupancyPercent": 0
      },
      {
        "hour": 10,
        "occupancyPercent": 0
      },
      {
        "hour": 11,
        "occupancyPercent": 44
      },
      {
        "hour": 12,
        "occupancyPercent": 54
      },
      {
        "hour": 13,
        "occupancyPercent": 64
      },
      {
        "hour": 14,
        "occupancyPercent": 69
      },
      {
        "hour": 15,
        "occupancyPercent": 70
      },
      {
        "hour": 16,
        "occupancyPercent": 66
      },
      {
        "hour": 17,
        "occupancyPercent": 58
      },
      {
        "hour": 18,
        "occupancyPercent": 46
      },
      {
        "hour": 19,
        "occupancyPercent": 33
      },
      {
        "hour": 20,
        "occupancyPercent": 21
      },
      {
        "hour": 21,
        "occupancyPercent": 12
      },
      {
        "hour": 22,
        "occupancyPercent": 5
      },
      {
        "hour": 23,
        "occupancyPercent": 0
      }
    ],
    "Tu": [
      {
        "hour": 6,
        "occupancyPercent": 0
      },
      {
        "hour": 7,
        "occupancyPercent": 0
      },
      {
        "hour": 8,
        "occupancyPercent": 0
      },
      {
        "hour": 9,
        "occupancyPercent": 0
      },
      {
        "hour": 10,
        "occupancyPercent": 0
      },
      {
        "hour": 11,
        "occupancyPercent": 59
      },
      {
        "hour": 12,
        "occupancyPercent": 89
      },
      {
        "hour": 13,
        "occupancyPercent": 93
      },
      {
        "hour": 14,
        "occupancyPercent": 75
      },
      {
        "hour": 15,
        "occupancyPercent": 62
      },
      {
        "hour": 16,
        "occupancyPercent": 58
      },
      {
        "hour": 17,
        "occupancyPercent": 55
      },
      {
        "hour": 18,
        "occupancyPercent": 49
      },
      {
        "hour": 19,
        "occupancyPercent": 39
      },
      {
        "hour": 20,
        "occupancyPercent": 26
      },
      {
        "hour": 21,
        "occupancyPercent": 15
      },
      {
        "hour": 22,
        "occupancyPercent": 6
      },
      {
        "hour": 23,
        "occupancyPercent": 0
      }
    ],
    "We": [
      {
        "hour": 6,
        "occupancyPercent": 0
      },
      {
        "hour": 7,
        "occupancyPercent": 0
      },
      {
        "hour": 8,
        "occupancyPercent": 0
      },
      {
        "hour": 9,
        "occupancyPercent": 0
      },
      {
        "hour": 10,
        "occupancyPercent": 0
      },
      {
        "hour": 11,
        "occupancyPercent": 54
      },
      {
        "hour": 12,
        "occupancyPercent": 66
      },
      {
        "hour": 13,
        "occupancyPercent": 68
      },
      {
        "hour": 14,
        "occupancyPercent": 65
      },
      {
        "hour": 15,
        "occupancyPercent": 58
      },
      {
        "hour": 16,
        "occupancyPercent": 53
      },
      {
        "hour": 17,
        "occupancyPercent": 48
      },
      {
        "hour": 18,
        "occupancyPercent": 37
      },
      {
        "hour": 19,
        "occupancyPercent": 20
      },
      {
        "hour": 20,
        "occupancyPercent": 6
      },
      {
        "hour": 21,
        "occupancyPercent": 1
      },
      {
        "hour": 22,
        "occupancyPercent": 1
      },
      {
        "hour": 23,
        "occupancyPercent": 0
      }
    ],
    "Th": [
      {
        "hour": 6,
        "occupancyPercent": 0
      },
      {
        "hour": 7,
        "occupancyPercent": 0
      },
      {
        "hour": 8,
        "occupancyPercent": 0
      },
      {
        "hour": 9,
        "occupancyPercent": 0
      },
      {
        "hour": 10,
        "occupancyPercent": 0
      },
      {
        "hour": 11,
        "occupancyPercent": 60
      },
      {
        "hour": 12,
        "occupancyPercent": 78
      },
      {
        "hour": 13,
        "occupancyPercent": 80
      },
      {
        "hour": 14,
        "occupancyPercent": 73
      },
      {
        "hour": 15,
        "occupancyPercent": 67
      },
      {
        "hour": 16,
        "occupancyPercent": 63
      },
      {
        "hour": 17,
        "occupancyPercent": 57
      },
      {
        "hour": 18,
        "occupancyPercent": 47
      },
      {
        "hour": 19,
        "occupancyPercent": 34
      },
      {
        "hour": 20,
        "occupancyPercent": 21
      },
      {
        "hour": 21,
        "occupancyPercent": 11
      },
      {
        "hour": 22,
        "occupancyPercent": 3
      },
      {
        "hour": 23,
        "occupancyPercent": 0
      }
    ],
    "Fr": [
      {
        "hour": 6,
        "occupancyPercent": 0
      },
      {
        "hour": 7,
        "occupancyPercent": 0
      },
      {
        "hour": 8,
        "occupancyPercent": 0
      },
      {
        "hour": 9,
        "occupancyPercent": 0
      },
      {
        "hour": 10,
        "occupancyPercent": 0
      },
      {
        "hour": 11,
        "occupancyPercent": 50
      },
      {
        "hour": 12,
        "occupancyPercent": 50
      },
      {
        "hour": 13,
        "occupancyPercent": 46
      },
      {
        "hour": 14,
        "occupancyPercent": 41
      },
      {
        "hour": 15,
        "occupancyPercent": 40
      },
      {
        "hour": 16,
        "occupancyPercent": 51
      },
      {
        "hour": 17,
        "occupancyPercent": 76
      },
      {
        "hour": 18,
        "occupancyPercent": 100
      },
      {
        "hour": 19,
        "occupancyPercent": 99
      },
      {
        "hour": 20,
        "occupancyPercent": 68
      },
      {
        "hour": 21,
        "occupancyPercent": 32
      },
      {
        "hour": 22,
        "occupancyPercent": 8
      },
      {
        "hour": 23,
        "occupancyPercent": 11
      }
    ],
    "Sa": [
      {
        "hour": 6,
        "occupancyPercent": 0
      },
      {
        "hour": 7,
        "occupancyPercent": 0
      },
      {
        "hour": 8,
        "occupancyPercent": 0
      },
      {
        "hour": 9,
        "occupancyPercent": 0
      },
      {
        "hour": 10,
        "occupancyPercent": 0
      },
      {
        "hour": 11,
        "occupancyPercent": 57
      },
      {
        "hour": 12,
        "occupancyPercent": 62
      },
      {
        "hour": 13,
        "occupancyPercent": 60
      },
      {
        "hour": 14,
        "occupancyPercent": 52
      },
      {
        "hour": 15,
        "occupancyPercent": 46
      },
      {
        "hour": 16,
        "occupancyPercent": 58
      },
      {
        "hour": 17,
        "occupancyPercent": 86
      },
      {
        "hour": 18,
        "occupancyPercent": 99
      },
      {
        "hour": 19,
        "occupancyPercent": 81
      },
      {
        "hour": 20,
        "occupancyPercent": 60
      },
      {
        "hour": 21,
        "occupancyPercent": 51
      },
      {
        "hour": 22,
        "occupancyPercent": 43
      },
      {
        "hour": 23,
        "occupancyPercent": 30
      }
    ]
  },
  "openingHours": [
    {
      "day": "Tuesday,",
      "hours": "11AM to 11PM"
    },
    {
      "day": "Wednesday,",
      "hours": "11AM to 11PM"
    },
    {
      "day": "Thursday,",
      "hours": "11AM to 11PM"
    },
    {
      "day": "Friday,",
      "hours": "11AM to 12AM"
    },
    {
      "day": "Saturday,",
      "hours": "11AM to 12AM"
    },
    {
      "day": "Sunday,",
      "hours": "11AM to 11PM"
    },
    {
      "day": "Monday,",
      "hours": "11AM to 11PM"
    }
  ],
  "additionalInfo": {
    "Service options": [
      {
        "Kerbside pickup": true
      },
      {
        "No-contact delivery": true
      },
      {
        "Delivery": true
      },
      {
        "Takeaway": true
      },
      {
        "Dine-in": true
      }
    ],
    "Accessibility": [
      {
        "Wheelchair-accessible entrance": true
      },
      {
        "Wheelchair-accessible seating": false
      },
      {
        "Wheelchair-accessible toilet": false
      }
    ],
    "Offerings": [
      {
        "Late-night food": true
      },
      {
        "Vegetarian options": true
      }
    ],
    "Dining options": [
      {
        "Lunch": true
      },
      {
        "Dinner": true
      },
      {
        "Catering": true
      },
      {
        "Dessert": true
      }
    ],
    "Amenities": [
      {
        "Good for kids": true
      }
    ],
    "Atmosphere": [
      {
        "Casual": true
      }
    ],
    "Crowd": [
      {
        "Family friendly": true
      },
      {
        "Groups": true
      },
      {
        "LGBTQ+ friendly": true
      },
      {
        "Transgender safe space": true
      }
    ],
    "Payments": [
      {
        "Debit cards": true
      },
      {
        "NFC mobile payments": true
      },
      {
        "Credit cards": true
      }
    ]
  },
  "reviewsCount": 199,
  "reviewsDistribution": {
    "oneStar": 39,
    "twoStar": 7,
    "threeStar": 29,
    "fourStar": 39,
    "fiveStar": 85
  },
  "reviews": [],
  "orderBy": []
}