{
  "title": "Johnny Boys Pizza - Beaconsfield",
  "subTitle": null,
  "price": null,
  "menu": null,
  "categoryName": "Pizza restaurant",
  "address": "16/20 Old Princes Hwy, Beaconsfield VIC 3807, Australia",
  "locatedIn": null,
  "neighborhood": "16/20 Old Princes Hwy",
  "street": "16/20 Old Princes Hwy",
  "city": "Beaconsfield",
  "postalCode": "3807",
  "state": "Victoria",
  "countryCode": "AU",
  "plusCode": "X938+RV Beaconsfield, Victoria, Australia",
  "website": null,
  "phone": "+61 3 9796 1333",
  "temporarilyClosed": false,
  "location": {
    "lat": -38.0453905,
    "lng": 145.3671645
  },
  "permanentlyClosed": true,
  "totalScore": null,
  "isAdvertisement": false,
  "rank": 16,
  "placeId": "ChIJE9bdBNcb1moR75AT_yCknwY",
  "categories": [
    "Pizza restaurant",
    "European restaurant",
    "Italian restaurant",
    "Meal delivery",
    "Takeout restaurant",
    "Pizza delivery"
  ],
  "cid": "477280547149943023",
  "url": "https://www.google.com/maps/place/Johnny+Boys+Pizza+-+Beaconsfield/@-38.0453905,145.3671645,17z/data=!3m1!4b1!4m5!3m4!1s0x6ad61bd704ddd613:0x69fa420ff1390ef!8m2!3d-38.0453905!4d145.3671645?hl=en",
  "searchPageUrl": "https://www.google.com/maps/search/16+pizza/@-38.4419959,145.0389564,15z?hl=en",
  "searchString": "16 pizza",
  "scrapedAt": "2022-08-04T10:04:25.365Z",
  "openingHours": [
    {
      "day": "Thursday,",
      "hours": "4 to 10PM"
    },
    {
      "day": "Friday,",
      "hours": "4 to 10PM"
    },
    {
      "day": "Saturday,",
      "hours": "4 to 10PM"
    },
    {
      "day": "Sunday,",
      "hours": "4 to 10PM"
    },
    {
      "day": "Monday,",
      "hours": "4 to 10PM"
    },
    {
      "day": "Tuesday,",
      "hours": "4 to 10PM"
    },
    {
      "day": "Wednesday,",
      "hours": "4 to 10PM"
    }
  ],
  "additionalInfo": {
    "Service options": [
      {
        "Dine-in": true
      }
    ],
    "Offerings": [
      {
        "Late-night food": true
      },
      {
        "Vegetarian options": true
      }
    ],
    "Dining options": [
      {
        "Dinner": true
      }
    ],
    "Atmosphere": [
      {
        "Casual": true
      }
    ]
  },
  "reviewsCount": 0,
  "reviewsDistribution": {
    "oneStar": 0,
    "twoStar": 0,
    "threeStar": 0,
    "fourStar": 0,
    "fiveStar": 0
  },
  "reviews": [],
  "orderBy": []
}