{
  "title": "Poci's Pizza & Pasta",
  "subTitle": null,
  "price": "$",
  "menu": null,
  "categoryName": "Italian restaurant",
  "address": "3/40 Breadalbane Ave, Mernda VIC 3754, Australia",
  "locatedIn": null,
  "neighborhood": "3/40 Breadalbane Ave",
  "street": "3/40 Breadalbane Ave",
  "city": "Mernda",
  "postalCode": "3754",
  "state": "Victoria",
  "countryCode": "AU",
  "plusCode": "93RQ+W7 Mernda, Victoria, Australia",
  "website": "http://www.pocispizzapasta.com.au/pizza.html",
  "phone": "+61 3 9717 1773",
  "temporarilyClosed": false,
  "location": {
    "lat": -37.6076503,
    "lng": 145.0881989
  },
  "permanentlyClosed": false,
  "totalScore": 3.5,
  "isAdvertisement": false,
  "rank": 16,
  "placeId": "ChIJ87DITQFL1moR7OdavVMqCig",
  "categories": [
    "Pizza restaurant",
    "Dessert restaurant",
    "Meal delivery",
    "Takeout restaurant",
    "Pasta shop",
    "Pizza delivery",
    "Italian restaurant",
    "Pizza takeaway"
  ],
  "cid": "2885165050431727596",
  "url": "https://www.google.com/maps/place/Poci's+Pizza+%26+Pasta/@-37.6076503,145.0881989,17z/data=!3m1!4b1!4m5!3m4!1s0x6ad64b014dc8b0f3:0x280a2a53bd5ae7ec!8m2!3d-37.607652!4d145.0882085?hl=en",
  "searchPageUrl": "https://www.google.com/maps/search/pizza/@-37.5682698,145.0040678,15z?hl=en",
  "searchString": "pizza",
  "scrapedAt": "2022-08-01T17:06:52.823Z",
  "openingHours": [
    {
      "day": "Tuesday,",
      "hours": "4 to 8PM"
    },
    {
      "day": "Wednesday,",
      "hours": "4 to 8PM"
    },
    {
      "day": "Thursday,",
      "hours": "4 to 8PM"
    },
    {
      "day": "Friday,",
      "hours": "3:30 to 9PM"
    },
    {
      "day": "Saturday,",
      "hours": "3:30 to 8PM"
    },
    {
      "day": "Sunday,",
      "hours": "3:30 to 8PM"
    },
    {
      "day": "Monday,",
      "hours": "Closed"
    }
  ],
  "additionalInfo": {
    "Service options": [
      {
        "No-contact delivery": true
      },
      {
        "Delivery": true
      },
      {
        "Takeaway": true
      },
      {
        "Dine-in": true
      }
    ],
    "Highlights": [
      {
        "Fast service": true
      }
    ],
    "Accessibility": [
      {
        "Wheelchair-accessible car park": true
      },
      {
        "Wheelchair-accessible entrance": true
      }
    ],
    "Offerings": [
      {
        "Late-night food": true
      }
    ],
    "Dining options": [
      {
        "Dinner": true
      },
      {
        "Dessert": true
      }
    ],
    "Amenities": [
      {
        "Good for kids": true
      }
    ],
    "Atmosphere": [
      {
        "Casual": true
      }
    ]
  },
  "reviewsCount": 136,
  "reviewsDistribution": {
    "oneStar": 35,
    "twoStar": 8,
    "threeStar": 10,
    "fourStar": 18,
    "fiveStar": 65
  },
  "reviews": [],
  "orderBy": [
    {
      "name": "tuckerfox.com.au",
      "url": "https://www.tuckerfox.com.au/takeaway-delivery/pocis-pizza-pasta-mernda"
    },
    {
      "name": "menulog.com.au",
      "url": "https://www.menulog.com.au/restaurants-pocis-pizza-pasta/menu?utm_source=google&utm_medium=organic&utm_campaign=orderaction"
    },
    {
      "name": "deliveroo.com.au",
      "url": "https://deliveroo.com.au/menu/melbourne/mernda/pocis-pizza-pasta-and-parmas?utm_medium=affiliate&utm_source=google_maps_link"
    }
  ]
}