{
  "title": "O'Sole Mio Pizza",
  "subTitle": null,
  "price": "$$",
  "menu": null,
  "categoryName": "Pizza restaurant",
  "address": "11/95 Hazel Glen Dr, Doreen VIC 3754, Australia",
  "locatedIn": "Floor G · Laurimar Town Center",
  "neighborhood": "11/95 Hazel Glen Dr",
  "street": "11/95 Hazel Glen Dr",
  "city": "Doreen",
  "postalCode": "3754",
  "state": "Victoria",
  "countryCode": "AU",
  "plusCode": "C47G+6M Doreen, Victoria, Australia",
  "website": "https://www.facebook.com/O-Sole-Mio-Pizza-152048838192169/",
  "phone": "+61 3 9717 6187",
  "temporarilyClosed": false,
  "location": {
    "lat": -37.5868988,
    "lng": 145.1267318
  },
  "permanentlyClosed": false,
  "totalScore": 4.3,
  "isAdvertisement": false,
  "rank": 19,
  "placeId": "ChIJDfqjqFW112oR1BPPstFP2Bo",
  "categories": [
    "Pizza restaurant",
    "Italian restaurant",
    "Pizza takeaway"
  ],
  "cid": "1934383802022302676",
  "url": "https://www.google.com/maps/place/O'Sole+Mio+Pizza/@-37.5868988,145.1267318,17z/data=!3m1!4b1!4m5!3m4!1s0x6ad7b555a8a3fa0d:0x1ad84fd1b2cf13d4!8m2!3d-37.5868988!4d145.1267318?hl=en",
  "searchPageUrl": "https://www.google.com/maps/search/pizza/@-37.5409659,145.0040678,15z?hl=en",
  "searchString": "pizza",
  "scrapedAt": "2022-08-01T17:06:54.506Z",
  "popularTimesLiveText": null,
  "popularTimesLivePercent": null,
  "popularTimesHistogram": {
    "Su": [],
    "Mo": [],
    "Tu": [],
    "We": [
      {
        "hour": 6,
        "occupancyPercent": 0
      },
      {
        "hour": 7,
        "occupancyPercent": 0
      },
      {
        "hour": 8,
        "occupancyPercent": 0
      },
      {
        "hour": 9,
        "occupancyPercent": 0
      },
      {
        "hour": 10,
        "occupancyPercent": 0
      },
      {
        "hour": 11,
        "occupancyPercent": 0
      },
      {
        "hour": 12,
        "occupancyPercent": 0
      },
      {
        "hour": 13,
        "occupancyPercent": 0
      },
      {
        "hour": 14,
        "occupancyPercent": 0
      },
      {
        "hour": 15,
        "occupancyPercent": 0
      },
      {
        "hour": 16,
        "occupancyPercent": 9
      },
      {
        "hour": 17,
        "occupancyPercent": 27
      },
      {
        "hour": 18,
        "occupancyPercent": 40
      },
      {
        "hour": 19,
        "occupancyPercent": 27
      },
      {
        "hour": 20,
        "occupancyPercent": 9
      },
      {
        "hour": 21,
        "occupancyPercent": 0
      },
      {
        "hour": 22,
        "occupancyPercent": 0
      },
      {
        "hour": 23,
        "occupancyPercent": 0
      }
    ],
    "Th": [
      {
        "hour": 6,
        "occupancyPercent": 0
      },
      {
        "hour": 7,
        "occupancyPercent": 0
      },
      {
        "hour": 8,
        "occupancyPercent": 0
      },
      {
        "hour": 9,
        "occupancyPercent": 0
      },
      {
        "hour": 10,
        "occupancyPercent": 0
      },
      {
        "hour": 11,
        "occupancyPercent": 0
      },
      {
        "hour": 12,
        "occupancyPercent": 0
      },
      {
        "hour": 13,
        "occupancyPercent": 0
      },
      {
        "hour": 14,
        "occupancyPercent": 0
      },
      {
        "hour": 15,
        "occupancyPercent": 0
      },
      {
        "hour": 16,
        "occupancyPercent": 28
      },
      {
        "hour": 17,
        "occupancyPercent": 50
      },
      {
        "hour": 18,
        "occupancyPercent": 54
      },
      {
        "hour": 19,
        "occupancyPercent": 36
      },
      {
        "hour": 20,
        "occupancyPercent": 14
      },
      {
        "hour": 21,
        "occupancyPercent": 0
      },
      {
        "hour": 22,
        "occupancyPercent": 0
      },
      {
        "hour": 23,
        "occupancyPercent": 0
      }
    ],
    "Fr": [
      {
        "hour": 6,
        "occupancyPercent": 0
      },
      {
        "hour": 7,
        "occupancyPercent": 0
      },
      {
        "hour": 8,
        "occupancyPercent": 0
      },
      {
        "hour": 9,
        "occupancyPercent": 0
      },
      {
        "hour": 10,
        "occupancyPercent": 0
      },
      {
        "hour": 11,
        "occupancyPercent": 0
      },
      {
        "hour": 12,
        "occupancyPercent": 0
      },
      {
        "hour": 13,
        "occupancyPercent": 0
      },
      {
        "hour": 14,
        "occupancyPercent": 0
      },
      {
        "hour": 15,
        "occupancyPercent": 0
      },
      {
        "hour": 16,
        "occupancyPercent": 15
      },
      {
        "hour": 17,
        "occupancyPercent": 55
      },
      {
        "hour": 18,
        "occupancyPercent": 100
      },
      {
        "hour": 19,
        "occupancyPercent": 89
      },
      {
        "hour": 20,
        "occupancyPercent": 39
      },
      {
        "hour": 21,
        "occupancyPercent": 8
      },
      {
        "hour": 22,
        "occupancyPercent": 0
      },
      {
        "hour": 23,
        "occupancyPercent": 0
      }
    ],
    "Sa": [
      {
        "hour": 6,
        "occupancyPercent": 0
      },
      {
        "hour": 7,
        "occupancyPercent": 0
      },
      {
        "hour": 8,
        "occupancyPercent": 0
      },
      {
        "hour": 9,
        "occupancyPercent": 0
      },
      {
        "hour": 10,
        "occupancyPercent": 0
      },
      {
        "hour": 11,
        "occupancyPercent": 0
      },
      {
        "hour": 12,
        "occupancyPercent": 0
      },
      {
        "hour": 13,
        "occupancyPercent": 0
      },
      {
        "hour": 14,
        "occupancyPercent": 0
      },
      {
        "hour": 15,
        "occupancyPercent": 0
      },
      {
        "hour": 16,
        "occupancyPercent": 16
      },
      {
        "hour": 17,
        "occupancyPercent": 51
      },
      {
        "hour": 18,
        "occupancyPercent": 86
      },
      {
        "hour": 19,
        "occupancyPercent": 74
      },
      {
        "hour": 20,
        "occupancyPercent": 34
      },
      {
        "hour": 21,
        "occupancyPercent": 8
      },
      {
        "hour": 22,
        "occupancyPercent": 0
      },
      {
        "hour": 23,
        "occupancyPercent": 0
      }
    ]
  },
  "openingHours": [
    {
      "day": "Tuesday,",
      "hours": "Closed"
    },
    {
      "day": "Wednesday,",
      "hours": "4 to 9PM"
    },
    {
      "day": "Thursday,",
      "hours": "4 to 9PM"
    },
    {
      "day": "Friday,",
      "hours": "4 to 9:30PM"
    },
    {
      "day": "Saturday,",
      "hours": "4 to 9:30PM"
    },
    {
      "day": "Sunday,",
      "hours": "4 to 9PM"
    },
    {
      "day": "Monday,",
      "hours": "Closed"
    }
  ],
  "additionalInfo": {
    "Service options": [
      {
        "No-contact delivery": true
      },
      {
        "Delivery": true
      },
      {
        "Takeaway": true
      },
      {
        "Dine-in": true
      }
    ],
    "Accessibility": [
      {
        "Wheelchair-accessible car park": true
      },
      {
        "Wheelchair-accessible entrance": true
      }
    ],
    "Offerings": [
      {
        "Kids' menu": true
      }
    ],
    "Dining options": [
      {
        "Dinner": true
      },
      {
        "Dessert": true
      }
    ],
    "Amenities": [
      {
        "Good for kids": true
      }
    ],
    "Atmosphere": [
      {
        "Casual": true
      }
    ],
    "Payments": [
      {
        "NFC mobile payments": true
      }
    ]
  },
  "reviewsCount": 173,
  "reviewsDistribution": {
    "oneStar": 16,
    "twoStar": 6,
    "threeStar": 5,
    "fourStar": 28,
    "fiveStar": 118
  },
  "reviews": [],
  "orderBy": [
    {
      "name": "doordash.com",
      "url": "https://www.doordash.com/en-AU/store/o-sole-mio-pizza-doreen-1765183/?utm_campaign=gpa"
    },
    {
      "name": "menulog.com.au",
      "url": "https://www.menulog.com.au/restaurants-osole-mio-pizza/menu?utm_source=google&utm_medium=organic&utm_campaign=orderaction"
    }
  ]
}