{
  "title": "La Pizzetta Kingsbury",
  "subTitle": null,
  "price": "$",
  "menu": null,
  "categoryName": "Pizza takeaway",
  "address": "87B Dunne St, Kingsbury VIC 3083, Australia",
  "locatedIn": null,
  "neighborhood": "87B Dunne St",
  "street": "87B Dunne St",
  "city": "Kingsbury",
  "postalCode": "3083",
  "state": "Victoria",
  "countryCode": "AU",
  "plusCode": "72PM+GP Kingsbury, Victoria, Australia",
  "website": "http://www.la-pizzetta.com.au/",
  "phone": "+61 3 9469 3111      phone3",
  "temporarilyClosed": false,
  "location": {
    "lat": -37.7136385,
    "lng": 145.0343735
  },
  "permanentlyClosed": false,
  "totalScore": 3.9,
  "isAdvertisement": false,
  "rank": 17,
  "placeId": "ChIJ7YCyvfFF1moRynLYoxKRTOY",
  "categories": [
    "Pizza restaurant",
    "Italian restaurant",
    "Meal delivery",
    "Pizza takeaway"
  ],
  "cid": "16594798236197745354",
  "url": "https://www.google.com/maps/place/La+Pizzetta+Kingsbury/@-37.7136385,145.0343735,17z/data=!3m1!4b1!4m5!3m4!1s0x6ad645f1bdb280ed:0xe64c9112a3d872ca!8m2!3d-37.7136102!4d145.0343742?hl=en",
  "searchPageUrl": "https://www.google.com/maps/search/pizza/@-37.7047895,145.0040678,15z?hl=en",
  "searchString": "pizza",
  "scrapedAt": "2022-08-01T17:07:17.224Z",
  "popularTimesLiveText": null,
  "popularTimesLivePercent": null,
  "popularTimesHistogram": {
    "Su": [],
    "Mo": [
      {
        "hour": 6,
        "occupancyPercent": 0
      },
      {
        "hour": 7,
        "occupancyPercent": 0
      },
      {
        "hour": 8,
        "occupancyPercent": 0
      },
      {
        "hour": 9,
        "occupancyPercent": 0
      },
      {
        "hour": 10,
        "occupancyPercent": 0
      },
      {
        "hour": 11,
        "occupancyPercent": 0
      },
      {
        "hour": 12,
        "occupancyPercent": 0
      },
      {
        "hour": 13,
        "occupancyPercent": 0
      },
      {
        "hour": 14,
        "occupancyPercent": 0
      },
      {
        "hour": 15,
        "occupancyPercent": 0
      },
      {
        "hour": 16,
        "occupancyPercent": 15
      },
      {
        "hour": 17,
        "occupancyPercent": 57
      },
      {
        "hour": 18,
        "occupancyPercent": 68
      },
      {
        "hour": 19,
        "occupancyPercent": 31
      },
      {
        "hour": 20,
        "occupancyPercent": 21
      },
      {
        "hour": 21,
        "occupancyPercent": 21
      },
      {
        "hour": 22,
        "occupancyPercent": 15
      },
      {
        "hour": 23,
        "occupancyPercent": 15
      },
      {
        "hour": 0,
        "occupancyPercent": 26
      },
      {
        "hour": 1,
        "occupancyPercent": 15
      }
    ],
    "Tu": [
      {
        "hour": 6,
        "occupancyPercent": 0
      },
      {
        "hour": 7,
        "occupancyPercent": 0
      },
      {
        "hour": 8,
        "occupancyPercent": 0
      },
      {
        "hour": 9,
        "occupancyPercent": 0
      },
      {
        "hour": 10,
        "occupancyPercent": 0
      },
      {
        "hour": 11,
        "occupancyPercent": 0
      },
      {
        "hour": 12,
        "occupancyPercent": 0
      },
      {
        "hour": 13,
        "occupancyPercent": 0
      },
      {
        "hour": 14,
        "occupancyPercent": 0
      },
      {
        "hour": 15,
        "occupancyPercent": 0
      },
      {
        "hour": 16,
        "occupancyPercent": 21
      },
      {
        "hour": 17,
        "occupancyPercent": 47
      },
      {
        "hour": 18,
        "occupancyPercent": 68
      },
      {
        "hour": 19,
        "occupancyPercent": 52
      },
      {
        "hour": 20,
        "occupancyPercent": 21
      },
      {
        "hour": 21,
        "occupancyPercent": 15
      },
      {
        "hour": 22,
        "occupancyPercent": 31
      },
      {
        "hour": 23,
        "occupancyPercent": 42
      },
      {
        "hour": 0,
        "occupancyPercent": 21
      },
      {
        "hour": 1,
        "occupancyPercent": 5
      }
    ],
    "We": [
      {
        "hour": 6,
        "occupancyPercent": 0
      },
      {
        "hour": 7,
        "occupancyPercent": 0
      },
      {
        "hour": 8,
        "occupancyPercent": 0
      },
      {
        "hour": 9,
        "occupancyPercent": 0
      },
      {
        "hour": 10,
        "occupancyPercent": 0
      },
      {
        "hour": 11,
        "occupancyPercent": 0
      },
      {
        "hour": 12,
        "occupancyPercent": 0
      },
      {
        "hour": 13,
        "occupancyPercent": 0
      },
      {
        "hour": 14,
        "occupancyPercent": 0
      },
      {
        "hour": 15,
        "occupancyPercent": 0
      },
      {
        "hour": 16,
        "occupancyPercent": 5
      },
      {
        "hour": 17,
        "occupancyPercent": 5
      },
      {
        "hour": 18,
        "occupancyPercent": 15
      },
      {
        "hour": 19,
        "occupancyPercent": 31
      },
      {
        "hour": 20,
        "occupancyPercent": 52
      },
      {
        "hour": 21,
        "occupancyPercent": 73
      },
      {
        "hour": 22,
        "occupancyPercent": 84
      },
      {
        "hour": 23,
        "occupancyPercent": 73
      },
      {
        "hour": 0,
        "occupancyPercent": 47
      },
      {
        "hour": 1,
        "occupancyPercent": 26
      }
    ],
    "Th": [
      {
        "hour": 6,
        "occupancyPercent": 0
      },
      {
        "hour": 7,
        "occupancyPercent": 0
      },
      {
        "hour": 8,
        "occupancyPercent": 0
      },
      {
        "hour": 9,
        "occupancyPercent": 0
      },
      {
        "hour": 10,
        "occupancyPercent": 0
      },
      {
        "hour": 11,
        "occupancyPercent": 0
      },
      {
        "hour": 12,
        "occupancyPercent": 0
      },
      {
        "hour": 13,
        "occupancyPercent": 0
      },
      {
        "hour": 14,
        "occupancyPercent": 0
      },
      {
        "hour": 15,
        "occupancyPercent": 0
      },
      {
        "hour": 16,
        "occupancyPercent": 31
      },
      {
        "hour": 17,
        "occupancyPercent": 73
      },
      {
        "hour": 18,
        "occupancyPercent": 100
      },
      {
        "hour": 19,
        "occupancyPercent": 84
      },
      {
        "hour": 20,
        "occupancyPercent": 63
      },
      {
        "hour": 21,
        "occupancyPercent": 63
      },
      {
        "hour": 22,
        "occupancyPercent": 52
      },
      {
        "hour": 23,
        "occupancyPercent": 47
      },
      {
        "hour": 0,
        "occupancyPercent": 36
      },
      {
        "hour": 1,
        "occupancyPercent": 21
      }
    ],
    "Fr": [
      {
        "hour": 6,
        "occupancyPercent": 0
      },
      {
        "hour": 7,
        "occupancyPercent": 0
      },
      {
        "hour": 8,
        "occupancyPercent": 0
      },
      {
        "hour": 9,
        "occupancyPercent": 0
      },
      {
        "hour": 10,
        "occupancyPercent": 0
      },
      {
        "hour": 11,
        "occupancyPercent": 0
      },
      {
        "hour": 12,
        "occupancyPercent": 0
      },
      {
        "hour": 13,
        "occupancyPercent": 0
      },
      {
        "hour": 14,
        "occupancyPercent": 0
      },
      {
        "hour": 15,
        "occupancyPercent": 0
      },
      {
        "hour": 16,
        "occupancyPercent": 5
      },
      {
        "hour": 17,
        "occupancyPercent": 26
      },
      {
        "hour": 18,
        "occupancyPercent": 52
      },
      {
        "hour": 19,
        "occupancyPercent": 42
      },
      {
        "hour": 20,
        "occupancyPercent": 36
      },
      {
        "hour": 21,
        "occupancyPercent": 47
      },
      {
        "hour": 22,
        "occupancyPercent": 52
      },
      {
        "hour": 23,
        "occupancyPercent": 47
      },
      {
        "hour": 0,
        "occupancyPercent": 31
      },
      {
        "hour": 1,
        "occupancyPercent": 15
      }
    ],
    "Sa": [
      {
        "hour": 6,
        "occupancyPercent": 0
      },
      {
        "hour": 7,
        "occupancyPercent": 0
      },
      {
        "hour": 8,
        "occupancyPercent": 0
      },
      {
        "hour": 9,
        "occupancyPercent": 0
      },
      {
        "hour": 10,
        "occupancyPercent": 0
      },
      {
        "hour": 11,
        "occupancyPercent": 0
      },
      {
        "hour": 12,
        "occupancyPercent": 0
      },
      {
        "hour": 13,
        "occupancyPercent": 0
      },
      {
        "hour": 14,
        "occupancyPercent": 0
      },
      {
        "hour": 15,
        "occupancyPercent": 0
      },
      {
        "hour": 16,
        "occupancyPercent": 10
      },
      {
        "hour": 17,
        "occupancyPercent": 26
      },
      {
        "hour": 18,
        "occupancyPercent": 42
      },
      {
        "hour": 19,
        "occupancyPercent": 47
      },
      {
        "hour": 20,
        "occupancyPercent": 42
      },
      {
        "hour": 21,
        "occupancyPercent": 36
      },
      {
        "hour": 22,
        "occupancyPercent": 31
      },
      {
        "hour": 23,
        "occupancyPercent": 26
      },
      {
        "hour": 0,
        "occupancyPercent": 15
      },
      {
        "hour": 1,
        "occupancyPercent": 5
      }
    ]
  },
  "openingHours": [
    {
      "day": "Tuesday,",
      "hours": "4PM to 2AM"
    },
    {
      "day": "Wednesday,",
      "hours": "4PM to 2AM"
    },
    {
      "day": "Thursday,",
      "hours": "4PM to 2AM"
    },
    {
      "day": "Friday,",
      "hours": "4PM to 2AM"
    },
    {
      "day": "Saturday,",
      "hours": "4PM to 2AM"
    },
    {
      "day": "Sunday,",
      "hours": "4PM to 2AM"
    },
    {
      "day": "Monday,",
      "hours": "4PM to 2AM"
    }
  ],
  "additionalInfo": {
    "Service options": [
      {
        "Delivery": true
      },
      {
        "Takeaway": true
      },
      {
        "Dine-in": false
      }
    ],
    "Accessibility": [
      {
        "Wheelchair-accessible entrance": false
      },
      {
        "Wheelchair-accessible seating": false
      }
    ],
    "Dining options": [
      {
        "Dinner": true
      }
    ],
    "Atmosphere": [
      {
        "Casual": true
      }
    ]
  },
  "reviewsCount": 106,
  "reviewsDistribution": {
    "oneStar": 20,
    "twoStar": 1,
    "threeStar": 8,
    "fourStar": 19,
    "fiveStar": 58
  },
  "reviews": [],
  "orderBy": [
    {
      "name": "deliveroo.com.au",
      "url": "https://deliveroo.com.au/menu/melbourne/reservoir/la-casareccia-pizza-kingsbury?utm_medium=affiliate&utm_source=google_maps_link"
    },
    {
      "name": "menulog.com.au",
      "url": "https://www.menulog.com.au/restaurants-la-pizzetta/menu?utm_source=google&utm_medium=organic&utm_campaign=orderaction"
    },
    {
      "name": "doordash.com",
      "url": "https://www.doordash.com/en-AU/store/la-pizzetta-pizza-kingsbury-1628858/?utm_campaign=gpa"
    }
  ]
}