{
  "title": "Crust Pizza Ivanhoe",
  "subTitle": null,
  "price": null,
  "menu": null,
  "categoryName": "Pizza restaurant",
  "address": "230 Upper Heidelberg Rd, Ivanhoe VIC 3079, Australia",
  "locatedIn": null,
  "neighborhood": "230 Upper Heidelberg Rd",
  "street": "230 Upper Heidelberg Rd",
  "city": "Ivanhoe",
  "postalCode": "3079",
  "state": "Victoria",
  "countryCode": "AU",
  "plusCode": "62MW+62 Ivanhoe, Victoria, Australia",
  "website": "https://www.crust.com.au/",
  "phone": "+61 3 9499 9897",
  "temporarilyClosed": false,
  "location": {
    "lat": -37.7668781,
    "lng": 145.0450525
  },
  "permanentlyClosed": false,
  "totalScore": 4.2,
  "isAdvertisement": false,
  "rank": 18,
  "placeId": "ChIJ51go7qdF1moRs1hJ_uOYOVE",
  "categories": [
    "Pizza restaurant",
    "Italian restaurant",
    "Meal delivery",
    "Takeout restaurant",
    "Pasta shop",
    "Pizza delivery",
    "Pizza takeaway"
  ],
  "cid": "5852877295735888051",
  "url": "https://www.google.com/maps/place/Crust+Pizza+Ivanhoe/@-37.7668781,145.0450525,17z/data=!3m1!4b1!4m5!3m4!1s0x6ad645a7ee2858e7:0x513998e3fe4958b3!8m2!3d-37.7668781!4d145.0450525?hl=en",
  "searchPageUrl": "https://www.google.com/maps/search/pizza/@-37.7867014,145.0389564,15z?hl=en",
  "searchString": "pizza",
  "scrapedAt": "2022-08-01T17:08:58.675Z",
  "popularTimesLiveText": null,
  "popularTimesLivePercent": null,
  "popularTimesHistogram": {
    "Su": [
      {
        "hour": 6,
        "occupancyPercent": 0
      },
      {
        "hour": 7,
        "occupancyPercent": 0
      },
      {
        "hour": 8,
        "occupancyPercent": 0
      },
      {
        "hour": 9,
        "occupancyPercent": 0
      },
      {
        "hour": 10,
        "occupancyPercent": 0
      },
      {
        "hour": 11,
        "occupancyPercent": 14
      },
      {
        "hour": 12,
        "occupancyPercent": 9
      },
      {
        "hour": 13,
        "occupancyPercent": 9
      },
      {
        "hour": 14,
        "occupancyPercent": 9
      },
      {
        "hour": 15,
        "occupancyPercent": 9
      },
      {
        "hour": 16,
        "occupancyPercent": 38
      },
      {
        "hour": 17,
        "occupancyPercent": 100
      },
      {
        "hour": 18,
        "occupancyPercent": 80
      },
      {
        "hour": 19,
        "occupancyPercent": 57
      },
      {
        "hour": 20,
        "occupancyPercent": 47
      },
      {
        "hour": 21,
        "occupancyPercent": 19
      },
      {
        "hour": 22,
        "occupancyPercent": 0
      },
      {
        "hour": 23,
        "occupancyPercent": 0
      }
    ],
    "Mo": [
      {
        "hour": 6,
        "occupancyPercent": 0
      },
      {
        "hour": 7,
        "occupancyPercent": 0
      },
      {
        "hour": 8,
        "occupancyPercent": 0
      },
      {
        "hour": 9,
        "occupancyPercent": 0
      },
      {
        "hour": 10,
        "occupancyPercent": 0
      },
      {
        "hour": 11,
        "occupancyPercent": 0
      },
      {
        "hour": 12,
        "occupancyPercent": 0
      },
      {
        "hour": 13,
        "occupancyPercent": 0
      },
      {
        "hour": 14,
        "occupancyPercent": 0
      },
      {
        "hour": 15,
        "occupancyPercent": 0
      },
      {
        "hour": 16,
        "occupancyPercent": 19
      },
      {
        "hour": 17,
        "occupancyPercent": 42
      },
      {
        "hour": 18,
        "occupancyPercent": 61
      },
      {
        "hour": 19,
        "occupancyPercent": 57
      },
      {
        "hour": 20,
        "occupancyPercent": 33
      },
      {
        "hour": 21,
        "occupancyPercent": 9
      },
      {
        "hour": 22,
        "occupancyPercent": 0
      },
      {
        "hour": 23,
        "occupancyPercent": 0
      }
    ],
    "Tu": [],
    "We": [
      {
        "hour": 6,
        "occupancyPercent": 0
      },
      {
        "hour": 7,
        "occupancyPercent": 0
      },
      {
        "hour": 8,
        "occupancyPercent": 0
      },
      {
        "hour": 9,
        "occupancyPercent": 0
      },
      {
        "hour": 10,
        "occupancyPercent": 0
      },
      {
        "hour": 11,
        "occupancyPercent": 0
      },
      {
        "hour": 12,
        "occupancyPercent": 0
      },
      {
        "hour": 13,
        "occupancyPercent": 0
      },
      {
        "hour": 14,
        "occupancyPercent": 0
      },
      {
        "hour": 15,
        "occupancyPercent": 0
      },
      {
        "hour": 16,
        "occupancyPercent": 19
      },
      {
        "hour": 17,
        "occupancyPercent": 42
      },
      {
        "hour": 18,
        "occupancyPercent": 52
      },
      {
        "hour": 19,
        "occupancyPercent": 52
      },
      {
        "hour": 20,
        "occupancyPercent": 47
      },
      {
        "hour": 21,
        "occupancyPercent": 33
      },
      {
        "hour": 22,
        "occupancyPercent": 0
      },
      {
        "hour": 23,
        "occupancyPercent": 0
      }
    ],
    "Th": [
      {
        "hour": 6,
        "occupancyPercent": 0
      },
      {
        "hour": 7,
        "occupancyPercent": 0
      },
      {
        "hour": 8,
        "occupancyPercent": 0
      },
      {
        "hour": 9,
        "occupancyPercent": 0
      },
      {
        "hour": 10,
        "occupancyPercent": 0
      },
      {
        "hour": 11,
        "occupancyPercent": 0
      },
      {
        "hour": 12,
        "occupancyPercent": 0
      },
      {
        "hour": 13,
        "occupancyPercent": 0
      },
      {
        "hour": 14,
        "occupancyPercent": 0
      },
      {
        "hour": 15,
        "occupancyPercent": 0
      },
      {
        "hour": 16,
        "occupancyPercent": 42
      },
      {
        "hour": 17,
        "occupancyPercent": 61
      },
      {
        "hour": 18,
        "occupancyPercent": 76
      },
      {
        "hour": 19,
        "occupancyPercent": 76
      },
      {
        "hour": 20,
        "occupancyPercent": 61
      },
      {
        "hour": 21,
        "occupancyPercent": 42
      },
      {
        "hour": 22,
        "occupancyPercent": 0
      },
      {
        "hour": 23,
        "occupancyPercent": 0
      }
    ],
    "Fr": [
      {
        "hour": 6,
        "occupancyPercent": 0
      },
      {
        "hour": 7,
        "occupancyPercent": 0
      },
      {
        "hour": 8,
        "occupancyPercent": 0
      },
      {
        "hour": 9,
        "occupancyPercent": 0
      },
      {
        "hour": 10,
        "occupancyPercent": 0
      },
      {
        "hour": 11,
        "occupancyPercent": 0
      },
      {
        "hour": 12,
        "occupancyPercent": 0
      },
      {
        "hour": 13,
        "occupancyPercent": 0
      },
      {
        "hour": 14,
        "occupancyPercent": 0
      },
      {
        "hour": 15,
        "occupancyPercent": 0
      },
      {
        "hour": 16,
        "occupancyPercent": 19
      },
      {
        "hour": 17,
        "occupancyPercent": 47
      },
      {
        "hour": 18,
        "occupancyPercent": 61
      },
      {
        "hour": 19,
        "occupancyPercent": 80
      },
      {
        "hour": 20,
        "occupancyPercent": 100
      },
      {
        "hour": 21,
        "occupancyPercent": 47
      },
      {
        "hour": 22,
        "occupancyPercent": 0
      },
      {
        "hour": 23,
        "occupancyPercent": 0
      }
    ],
    "Sa": [
      {
        "hour": 6,
        "occupancyPercent": 0
      },
      {
        "hour": 7,
        "occupancyPercent": 0
      },
      {
        "hour": 8,
        "occupancyPercent": 0
      },
      {
        "hour": 9,
        "occupancyPercent": 0
      },
      {
        "hour": 10,
        "occupancyPercent": 0
      },
      {
        "hour": 11,
        "occupancyPercent": 0
      },
      {
        "hour": 12,
        "occupancyPercent": 0
      },
      {
        "hour": 13,
        "occupancyPercent": 0
      },
      {
        "hour": 14,
        "occupancyPercent": 0
      },
      {
        "hour": 15,
        "occupancyPercent": 0
      },
      {
        "hour": 16,
        "occupancyPercent": 23
      },
      {
        "hour": 17,
        "occupancyPercent": 52
      },
      {
        "hour": 18,
        "occupancyPercent": 76
      },
      {
        "hour": 19,
        "occupancyPercent": 71
      },
      {
        "hour": 20,
        "occupancyPercent": 47
      },
      {
        "hour": 21,
        "occupancyPercent": 23
      },
      {
        "hour": 22,
        "occupancyPercent": 0
      },
      {
        "hour": 23,
        "occupancyPercent": 0
      }
    ]
  },
  "openingHours": [
    {
      "day": "Tuesday,",
      "hours": "4 to 10PM"
    },
    {
      "day": "Wednesday,",
      "hours": "4 to 10PM"
    },
    {
      "day": "Thursday,",
      "hours": "4 to 10PM"
    },
    {
      "day": "Friday,",
      "hours": "11AM to 10PM"
    },
    {
      "day": "Saturday,",
      "hours": "11AM to 10PM"
    },
    {
      "day": "Sunday,",
      "hours": "11AM to 10PM"
    },
    {
      "day": "Monday,",
      "hours": "4 to 10PM"
    }
  ],
  "additionalInfo": {
    "Service options": [
      {
        "No-contact delivery": true
      },
      {
        "Delivery": true
      },
      {
        "Takeaway": true
      },
      {
        "Dine-in": true
      }
    ],
    "Offerings": [
      {
        "Vegetarian options": true
      }
    ],
    "Dining options": [
      {
        "Dinner": true
      },
      {
        "Catering": true
      },
      {
        "Dessert": true
      }
    ],
    "Amenities": [
      {
        "Good for kids": true
      }
    ],
    "Atmosphere": [
      {
        "Casual": true
      }
    ]
  },
  "reviewsCount": 5,
  "reviewsDistribution": {
    "oneStar": 1,
    "twoStar": 0,
    "threeStar": 0,
    "fourStar": 0,
    "fiveStar": 4
  },
  "reviews": [],
  "orderBy": [
    {
      "name": "crust.com.au",
      "url": "https://www.crust.com.au/"
    },
    {
      "name": "deliveroo.com.au",
      "url": "https://deliveroo.com.au/menu/melbourne/ivanhoe/crust-pizza-ivanhoe?utm_medium=affiliate&utm_source=google_maps_link"
    },
    {
      "name": "menulog.com.au",
      "url": "https://www.menulog.com.au/restaurants-crust-pizza-ivanhoe/menu?utm_source=google&utm_medium=organic&utm_campaign=orderaction"
    }
  ]
}