{
  "title": "Newport Dial-A-Pizza",
  "subTitle": null,
  "price": null,
  "menu": null,
  "categoryName": "Pizza restaurant",
  "address": "431 Melbourne Rd, Newport VIC 3015, Australia",
  "locatedIn": null,
  "neighborhood": "431 Melbourne Rd",
  "street": "431 Melbourne Rd",
  "city": "Newport",
  "postalCode": "3015",
  "state": "Victoria",
  "countryCode": "AU",
  "plusCode": "5V5M+94 Newport, Victoria, Australia",
  "website": null,
  "phone": "+61 3 9391 1699",
  "temporarilyClosed": false,
  "location": {
    "lat": -37.841516,
    "lng": 144.882803
  },
  "permanentlyClosed": false,
  "totalScore": 1,
  "isAdvertisement": false,
  "rank": 7,
  "placeId": "ChIJd-H74Ndm1moRWPau-vXiXcs",
  "categories": [
    "Pizza restaurant",
    "Italian restaurant",
    "Meal delivery",
    "Takeout restaurant",
    "Pizza delivery",
    "Pizza takeaway"
  ],
  "cid": "14654118308634097240",
  "url": "https://www.google.com/maps/place/Newport+Dial-A-Pizza/@-37.841516,144.882803,17z/data=!3m1!4b1!4m5!3m4!1s0x6ad666d7e0fbe177:0xcb5de2f5faaef658!8m2!3d-37.841516!4d144.882803?hl=en",
  "searchPageUrl": "https://www.google.com/maps/search/pizza/@-37.8413092,144.8645135,15z?hl=en",
  "searchString": "pizza",
  "scrapedAt": "2022-08-01T17:06:27.310Z",
  "openingHours": [
    {
      "day": "Tuesday,",
      "hours": "Closed"
    },
    {
      "day": "Wednesday,",
      "hours": "5 to 9:30PM"
    },
    {
      "day": "Thursday,",
      "hours": "5 to 9:30PM"
    },
    {
      "day": "Friday,",
      "hours": "5 to 9:30PM"
    },
    {
      "day": "Saturday,",
      "hours": "5 to 9:30PM"
    },
    {
      "day": "Sunday,",
      "hours": "5 to 9:30PM"
    },
    {
      "day": "Monday,",
      "hours": "5 to 9:30PM"
    }
  ],
  "additionalInfo": {
    "Service options": [
      {
        "Delivery": true
      },
      {
        "Takeaway": true
      },
      {
        "Dine-in": true
      }
    ],
    "Atmosphere": [
      {
        "Casual": true
      }
    ]
  },
  "reviewsCount": 1,
  "reviewsDistribution": {
    "oneStar": 1,
    "twoStar": 0,
    "threeStar": 0,
    "fourStar": 0,
    "fiveStar": 0
  },
  "reviews": [],
  "orderBy": [
    {
      "name": "ozfoodhunter.com.au",
      "url": "https://www.ozfoodhunter.com.au/newport-dial-a-pizza?utm_source=google&utm_medium=organic&utm_campaign=order_action"
    }
  ]
}