{
  "title": "Tanabrane pizza",
  "subTitle": null,
  "price": null,
  "menu": null,
  "categoryName": "Restaurant",
  "address": "Werribee Plaza Shopping Centre, Hoppers Crossing VIC 3029, Australia",
  "locatedIn": "Floor 0 · Pacific Werribee",
  "neighborhood": "Werribee Plaza Shopping Centre",
  "street": "Werribee Plaza Shopping Centre",
  "city": "Hoppers Crossing",
  "postalCode": "3029",
  "state": "Victoria",
  "countryCode": "AU",
  "plusCode": "4MFM+Q2 Hoppers Crossing, Victoria, Australia",
  "website": null,
  "phone": null,
  "temporarilyClosed": false,
  "location": {
    "lat": -37.8755585,
    "lng": 144.6825691
  },
  "permanentlyClosed": false,
  "totalScore": null,
  "isAdvertisement": false,
  "rank": 15,
  "placeId": "ChIJPR4w8yyP1moRWzb8zXGfWCM",
  "categories": [
    "Restaurant"
  ],
  "cid": "2546960900413994587",
  "url": "https://www.google.com/maps/place/Tanabrane+pizza/@-37.8755585,144.6825691,17z/data=!3m1!4b1!4m5!3m4!1s0x6ad68f2cf3301e3d:0x23589f71cdfc365b!8m2!3d-37.8755585!4d144.6825691?hl=en",
  "searchPageUrl": "https://www.google.com/maps/search/nr+pizza/@-37.8413092,144.5854049,15z?hl=en",
  "searchString": "nr pizza",
  "scrapedAt": "2022-08-02T22:50:37.073Z",
  "additionalInfo": {
    "Service options": [
      {
        "Dine-in": true
      }
    ]
  },
  "reviewsCount": 0,
  "reviewsDistribution": {
    "oneStar": 0,
    "twoStar": 0,
    "threeStar": 0,
    "fourStar": 0,
    "fiveStar": 0
  },
  "reviews": [],
  "orderBy": []
}