{
  "title": "Mediterranean Pizza Co.",
  "subTitle": null,
  "price": null,
  "menu": null,
  "categoryName": "Pizza restaurant",
  "address": "43 Carlisle St, St Kilda VIC 3182, Australia",
  "locatedIn": null,
  "neighborhood": "43 Carlisle St",
  "street": "43 Carlisle St",
  "city": "St Kilda",
  "postalCode": "3182",
  "state": "Victoria",
  "countryCode": "AU",
  "plusCode": "4XMJ+3R St Kilda, Victoria, Australia",
  "website": null,
  "phone": "+61 3 9534 1155",
  "temporarilyClosed": false,
  "location": {
    "lat": -37.867359,
    "lng": 144.982099
  },
  "permanentlyClosed": true,
  "totalScore": 1,
  "isAdvertisement": false,
  "rank": 8,
  "placeId": "ChIJq_Ihl2do1moRnr5OW4Clmzw",
  "categories": [
    "Pizza restaurant",
    "Italian restaurant"
  ],
  "cid": "4367266234372112030",
  "url": "https://www.google.com/maps/place/Mediterranean+Pizza+Co./@-37.867359,144.982099,17z/data=!3m1!4b1!4m5!3m4!1s0x6ad668679721f2ab:0x3c9ba5805b4ebe9e!8m2!3d-37.8674351!4d144.9820845?hl=en",
  "searchPageUrl": "https://www.google.com/maps/search/43+pizza/@-37.8140053,145.0040678,15z?hl=en",
  "searchString": "43 pizza",
  "scrapedAt": "2022-08-04T16:33:59.094Z",
  "openingHours": [
    {
      "day": "Friday,",
      "hours": "5 to 10:30PM"
    },
    {
      "day": "Saturday,",
      "hours": "5 to 10:30PM"
    },
    {
      "day": "Sunday,",
      "hours": "5 to 10PM"
    },
    {
      "day": "Monday,",
      "hours": "Closed"
    },
    {
      "day": "Tuesday,",
      "hours": "Closed"
    },
    {
      "day": "Wednesday,",
      "hours": "5:30 to 9:15PM"
    },
    {
      "day": "Thursday,",
      "hours": "5:30 to 9:15PM"
    }
  ],
  "additionalInfo": {
    "Service options": [
      {
        "Dine-in": true
      }
    ],
    "Amenities": [
      {
        "Good for kids": true
      }
    ]
  },
  "reviewsCount": 1,
  "reviewsDistribution": {
    "oneStar": 1,
    "twoStar": 0,
    "threeStar": 0,
    "fourStar": 0,
    "fiveStar": 0
  },
  "reviews": [],
  "orderBy": []
}