{
  "title": "Primo Street Pizza - Food Trucks & Vans Melbourne",
  "subTitle": null,
  "price": null,
  "menu": null,
  "categoryName": "Mobile caterer",
  "address": "1 Commercial Rd, Highett VIC 3190, Australia",
  "locatedIn": null,
  "neighborhood": "1 Commercial Rd",
  "street": "1 Commercial Rd",
  "city": "Highett",
  "postalCode": "3190",
  "state": "Victoria",
  "countryCode": "AU",
  "plusCode": "3324+CC Highett, Victoria, Australia",
  "website": "http://www.primopizza.com.au/",
  "phone": "+61 408 544 899",
  "temporarilyClosed": false,
  "location": {
    "lat": -37.948943,
    "lng": 145.056014
  },
  "permanentlyClosed": false,
  "totalScore": 4.8,
  "isAdvertisement": false,
  "rank": 20,
  "placeId": "ChIJY6FjDEVv1moRrgTv286WNCo",
  "categories": [
    "Mobile caterer",
    "Meal delivery",
    "Takeout restaurant",
    "Pizza takeaway"
  ],
  "cid": "3041221463579231406",
  "url": "https://www.google.com/maps/place/Primo+Street+Pizza+-+Food+Trucks+%26+Vans+Melbourne/@-37.948943,145.056014,17z/data=!3m1!4b1!4m5!3m4!1s0x6ad66f450c63a163:0x2a3496cedbef04ae!8m2!3d-37.948943!4d145.056014?hl=en",
  "searchPageUrl": "https://www.google.com/maps/search/as+pizza/@-37.950525,145.073845,15z?hl=en",
  "searchString": "as pizza",
  "scrapedAt": "2022-08-01T18:21:58.600Z",
  "openingHours": [
    {
      "day": "Tuesday,",
      "hours": "Closed"
    },
    {
      "day": "Wednesday,",
      "hours": "Closed"
    },
    {
      "day": "Thursday,",
      "hours": "5 to 8PM"
    },
    {
      "day": "Friday,",
      "hours": "5 to 8PM"
    },
    {
      "day": "Saturday,",
      "hours": "5 to 8PM"
    },
    {
      "day": "Sunday,",
      "hours": "5 to 8PM"
    },
    {
      "day": "Monday,",
      "hours": "Closed"
    }
  ],
  "additionalInfo": {
    "Service options": [
      {
        "Delivery": true
      },
      {
        "Takeaway": true
      }
    ]
  },
  "reviewsCount": 18,
  "reviewsDistribution": {
    "oneStar": 1,
    "twoStar": 0,
    "threeStar": 0,
    "fourStar": 0,
    "fiveStar": 17
  },
  "reviews": [],
  "orderBy": []
}