{
  "title": "St. Loui's Pizza",
  "subTitle": null,
  "price": null,
  "menu": null,
  "categoryName": "Pizza takeaway",
  "address": "402 Station St, Thornbury VIC 3071, Australia",
  "locatedIn": null,
  "neighborhood": "402 Station St",
  "street": "402 Station St",
  "city": "Thornbury",
  "postalCode": "3071",
  "state": "Victoria",
  "countryCode": "AU",
  "plusCode": "62RC+9F Thornbury, Victoria, Australia",
  "website": "http://www.stlouispizza.com.au/menu",
  "phone": "+61 3 9495 1555",
  "temporarilyClosed": false,
  "location": {
    "lat": -37.759068,
    "lng": 145.021219
  },
  "permanentlyClosed": false,
  "totalScore": 4.5,
  "isAdvertisement": false,
  "rank": 6,
  "placeId": "ChIJW7u0kWlE1moRt11U6RwNKos",
  "categories": [
    "Pizza restaurant",
    "Pizza delivery",
    "Pizza takeaway",
    "Restaurant"
  ],
  "cid": "10027841938118696375",
  "url": "https://www.google.com/maps/place/St.+Loui's+Pizza/@-37.759068,145.021219,17z/data=!3m1!4b1!4m5!3m4!1s0x6ad6446991b4bb5b:0x8b2a0d1ce9545db7!8m2!3d-37.759068!4d145.021219?hl=en",
  "searchPageUrl": "https://www.google.com/maps/search/pizza/@-37.7593974,145.0040678,15z?hl=en",
  "searchString": "pizza",
  "scrapedAt": "2022-08-01T17:07:03.773Z",
  "popularTimesLiveText": null,
  "popularTimesLivePercent": null,
  "popularTimesHistogram": {
    "Su": [
      {
        "hour": 6,
        "occupancyPercent": 0
      },
      {
        "hour": 7,
        "occupancyPercent": 0
      },
      {
        "hour": 8,
        "occupancyPercent": 0
      },
      {
        "hour": 9,
        "occupancyPercent": 0
      },
      {
        "hour": 10,
        "occupancyPercent": 0
      },
      {
        "hour": 11,
        "occupancyPercent": 0
      },
      {
        "hour": 12,
        "occupancyPercent": 0
      },
      {
        "hour": 13,
        "occupancyPercent": 0
      },
      {
        "hour": 14,
        "occupancyPercent": 0
      },
      {
        "hour": 15,
        "occupancyPercent": 0
      },
      {
        "hour": 16,
        "occupancyPercent": 0
      },
      {
        "hour": 17,
        "occupancyPercent": 19
      },
      {
        "hour": 18,
        "occupancyPercent": 38
      },
      {
        "hour": 19,
        "occupancyPercent": 41
      },
      {
        "hour": 20,
        "occupancyPercent": 22
      },
      {
        "hour": 21,
        "occupancyPercent": 6
      },
      {
        "hour": 22,
        "occupancyPercent": 0
      },
      {
        "hour": 23,
        "occupancyPercent": 0
      }
    ],
    "Mo": [
      {
        "hour": 6,
        "occupancyPercent": 0
      },
      {
        "hour": 7,
        "occupancyPercent": 0
      },
      {
        "hour": 8,
        "occupancyPercent": 0
      },
      {
        "hour": 9,
        "occupancyPercent": 0
      },
      {
        "hour": 10,
        "occupancyPercent": 0
      },
      {
        "hour": 11,
        "occupancyPercent": 0
      },
      {
        "hour": 12,
        "occupancyPercent": 0
      },
      {
        "hour": 13,
        "occupancyPercent": 0
      },
      {
        "hour": 14,
        "occupancyPercent": 0
      },
      {
        "hour": 15,
        "occupancyPercent": 0
      },
      {
        "hour": 16,
        "occupancyPercent": 0
      },
      {
        "hour": 17,
        "occupancyPercent": 23
      },
      {
        "hour": 18,
        "occupancyPercent": 41
      },
      {
        "hour": 19,
        "occupancyPercent": 48
      },
      {
        "hour": 20,
        "occupancyPercent": 38
      },
      {
        "hour": 21,
        "occupancyPercent": 19
      },
      {
        "hour": 22,
        "occupancyPercent": 0
      },
      {
        "hour": 23,
        "occupancyPercent": 0
      }
    ],
    "Tu": [
      {
        "hour": 6,
        "occupancyPercent": 0
      },
      {
        "hour": 7,
        "occupancyPercent": 0
      },
      {
        "hour": 8,
        "occupancyPercent": 0
      },
      {
        "hour": 9,
        "occupancyPercent": 0
      },
      {
        "hour": 10,
        "occupancyPercent": 0
      },
      {
        "hour": 11,
        "occupancyPercent": 0
      },
      {
        "hour": 12,
        "occupancyPercent": 0
      },
      {
        "hour": 13,
        "occupancyPercent": 0
      },
      {
        "hour": 14,
        "occupancyPercent": 0
      },
      {
        "hour": 15,
        "occupancyPercent": 0
      },
      {
        "hour": 16,
        "occupancyPercent": 0
      },
      {
        "hour": 17,
        "occupancyPercent": 23
      },
      {
        "hour": 18,
        "occupancyPercent": 46
      },
      {
        "hour": 19,
        "occupancyPercent": 51
      },
      {
        "hour": 20,
        "occupancyPercent": 30
      },
      {
        "hour": 21,
        "occupancyPercent": 9
      },
      {
        "hour": 22,
        "occupancyPercent": 0
      },
      {
        "hour": 23,
        "occupancyPercent": 0
      }
    ],
    "We": [
      {
        "hour": 6,
        "occupancyPercent": 0
      },
      {
        "hour": 7,
        "occupancyPercent": 0
      },
      {
        "hour": 8,
        "occupancyPercent": 0
      },
      {
        "hour": 9,
        "occupancyPercent": 0
      },
      {
        "hour": 10,
        "occupancyPercent": 0
      },
      {
        "hour": 11,
        "occupancyPercent": 0
      },
      {
        "hour": 12,
        "occupancyPercent": 0
      },
      {
        "hour": 13,
        "occupancyPercent": 0
      },
      {
        "hour": 14,
        "occupancyPercent": 0
      },
      {
        "hour": 15,
        "occupancyPercent": 0
      },
      {
        "hour": 16,
        "occupancyPercent": 0
      },
      {
        "hour": 17,
        "occupancyPercent": 30
      },
      {
        "hour": 18,
        "occupancyPercent": 42
      },
      {
        "hour": 19,
        "occupancyPercent": 38
      },
      {
        "hour": 20,
        "occupancyPercent": 23
      },
      {
        "hour": 21,
        "occupancyPercent": 11
      },
      {
        "hour": 22,
        "occupancyPercent": 0
      },
      {
        "hour": 23,
        "occupancyPercent": 0
      }
    ],
    "Th": [
      {
        "hour": 6,
        "occupancyPercent": 0
      },
      {
        "hour": 7,
        "occupancyPercent": 0
      },
      {
        "hour": 8,
        "occupancyPercent": 0
      },
      {
        "hour": 9,
        "occupancyPercent": 0
      },
      {
        "hour": 10,
        "occupancyPercent": 0
      },
      {
        "hour": 11,
        "occupancyPercent": 0
      },
      {
        "hour": 12,
        "occupancyPercent": 0
      },
      {
        "hour": 13,
        "occupancyPercent": 0
      },
      {
        "hour": 14,
        "occupancyPercent": 0
      },
      {
        "hour": 15,
        "occupancyPercent": 0
      },
      {
        "hour": 16,
        "occupancyPercent": 0
      },
      {
        "hour": 17,
        "occupancyPercent": 46
      },
      {
        "hour": 18,
        "occupancyPercent": 86
      },
      {
        "hour": 19,
        "occupancyPercent": 70
      },
      {
        "hour": 20,
        "occupancyPercent": 63
      },
      {
        "hour": 21,
        "occupancyPercent": 23
      },
      {
        "hour": 22,
        "occupancyPercent": 0
      },
      {
        "hour": 23,
        "occupancyPercent": 0
      }
    ],
    "Fr": [
      {
        "hour": 6,
        "occupancyPercent": 0
      },
      {
        "hour": 7,
        "occupancyPercent": 0
      },
      {
        "hour": 8,
        "occupancyPercent": 0
      },
      {
        "hour": 9,
        "occupancyPercent": 0
      },
      {
        "hour": 10,
        "occupancyPercent": 0
      },
      {
        "hour": 11,
        "occupancyPercent": 0
      },
      {
        "hour": 12,
        "occupancyPercent": 0
      },
      {
        "hour": 13,
        "occupancyPercent": 0
      },
      {
        "hour": 14,
        "occupancyPercent": 0
      },
      {
        "hour": 15,
        "occupancyPercent": 0
      },
      {
        "hour": 16,
        "occupancyPercent": 0
      },
      {
        "hour": 17,
        "occupancyPercent": 58
      },
      {
        "hour": 18,
        "occupancyPercent": 93
      },
      {
        "hour": 19,
        "occupancyPercent": 100
      },
      {
        "hour": 20,
        "occupancyPercent": 72
      },
      {
        "hour": 21,
        "occupancyPercent": 36
      },
      {
        "hour": 22,
        "occupancyPercent": 0
      },
      {
        "hour": 23,
        "occupancyPercent": 0
      }
    ],
    "Sa": [
      {
        "hour": 6,
        "occupancyPercent": 0
      },
      {
        "hour": 7,
        "occupancyPercent": 0
      },
      {
        "hour": 8,
        "occupancyPercent": 0
      },
      {
        "hour": 9,
        "occupancyPercent": 0
      },
      {
        "hour": 10,
        "occupancyPercent": 0
      },
      {
        "hour": 11,
        "occupancyPercent": 0
      },
      {
        "hour": 12,
        "occupancyPercent": 0
      },
      {
        "hour": 13,
        "occupancyPercent": 0
      },
      {
        "hour": 14,
        "occupancyPercent": 0
      },
      {
        "hour": 15,
        "occupancyPercent": 0
      },
      {
        "hour": 16,
        "occupancyPercent": 0
      },
      {
        "hour": 17,
        "occupancyPercent": 31
      },
      {
        "hour": 18,
        "occupancyPercent": 51
      },
      {
        "hour": 19,
        "occupancyPercent": 54
      },
      {
        "hour": 20,
        "occupancyPercent": 39
      },
      {
        "hour": 21,
        "occupancyPercent": 19
      },
      {
        "hour": 22,
        "occupancyPercent": 0
      },
      {
        "hour": 23,
        "occupancyPercent": 0
      }
    ]
  },
  "openingHours": [
    {
      "day": "Tuesday,",
      "hours": "5 to 10PM"
    },
    {
      "day": "Wednesday,",
      "hours": "5 to 10PM"
    },
    {
      "day": "Thursday,",
      "hours": "5 to 10PM"
    },
    {
      "day": "Friday,",
      "hours": "5 to 10PM"
    },
    {
      "day": "Saturday,",
      "hours": "5 to 10PM"
    },
    {
      "day": "Sunday,",
      "hours": "5 to 10PM"
    },
    {
      "day": "Monday,",
      "hours": "5 to 10PM"
    }
  ],
  "additionalInfo": {
    "Service options": [
      {
        "Outdoor seating": true
      },
      {
        "Delivery": true
      },
      {
        "Takeaway": true
      }
    ],
    "Accessibility": [
      {
        "Wheelchair-accessible entrance": true
      }
    ],
    "Offerings": [
      {
        "Late-night food": true
      },
      {
        "Organic dishes": true
      }
    ],
    "Dining options": [
      {
        "Dinner": true
      },
      {
        "Dessert": true
      }
    ],
    "Amenities": [
      {
        "Good for kids": true
      }
    ],
    "Atmosphere": [
      {
        "Casual": true
      }
    ],
    "Crowd": [
      {
        "Family friendly": true
      }
    ],
    "Payments": [
      {
        "NFC mobile payments": true
      }
    ]
  },
  "reviewsCount": 166,
  "reviewsDistribution": {
    "oneStar": 6,
    "twoStar": 3,
    "threeStar": 12,
    "fourStar": 24,
    "fiveStar": 121
  },
  "reviews": [],
  "orderBy": [
    {
      "name": "stlouispizza.com.au",
      "url": "http://www.stlouispizza.com.au/menu"
    }
  ]
}