{
  "title": "Alice Pizza & Cafe",
  "subTitle": null,
  "price": null,
  "menu": null,
  "categoryName": "Pizza restaurant",
  "address": "201 Spencer St, Docklands VIC 3008, Australia",
  "locatedIn": "Floor G · Spencer Outlet Centre",
  "neighborhood": "201 Spencer St",
  "street": "201 Spencer St",
  "city": "Docklands",
  "postalCode": "3008",
  "state": "Victoria",
  "countryCode": "AU",
  "plusCode": "5XM3+C2 Docklands, Victoria, Australia",
  "website": null,
  "phone": null,
  "temporarilyClosed": false,
  "location": {
    "lat": -37.8163949,
    "lng": 144.9526066
  },
  "permanentlyClosed": false,
  "totalScore": 4,
  "isAdvertisement": false,
  "rank": 15,
  "placeId": "ChIJRflJhJRd1moR2WCE_R0ipn4",
  "categories": [
    "Pizza restaurant"
  ],
  "cid": "9126019207115595993",
  "url": "https://www.google.com/maps/place/Alice+Pizza+%26+Cafe/@-37.8163949,144.9526066,17z/data=!3m1!4b1!4m5!3m4!1s0x6ad65d948449f945:0x7ea6221dfd8460d9!8m2!3d-37.8163949!4d144.9526066?hl=en",
  "searchPageUrl": "https://www.google.com/maps/search/pizza/@-37.8140053,144.9342907,15z?hl=en",
  "searchString": "pizza",
  "scrapedAt": "2022-08-01T17:07:37.789Z",
  "openingHours": [
    {
      "day": "Tuesday,",
      "hours": "8AM to 6PM"
    },
    {
      "day": "Wednesday,",
      "hours": "8AM to 6PM"
    },
    {
      "day": "Thursday,",
      "hours": "8AM to 6PM"
    },
    {
      "day": "Friday,",
      "hours": "8AM to 6PM"
    },
    {
      "day": "Saturday,",
      "hours": "7AM to 6PM"
    },
    {
      "day": "Sunday,",
      "hours": "8AM to 6PM"
    },
    {
      "day": "Monday,",
      "hours": "8AM to 6PM"
    }
  ],
  "additionalInfo": {
    "Service options": [
      {
        "Delivery": true
      },
      {
        "Takeaway": true
      },
      {
        "Dine-in": true
      }
    ],
    "Accessibility": [
      {
        "Wheelchair-accessible entrance": true
      }
    ],
    "Dining options": [
      {
        "Lunch": true
      }
    ],
    "Amenities": [
      {
        "Good for kids": true
      }
    ],
    "Atmosphere": [
      {
        "Casual": true
      }
    ]
  },
  "reviewsCount": 13,
  "reviewsDistribution": {
    "oneStar": 2,
    "twoStar": 1,
    "threeStar": 1,
    "fourStar": 0,
    "fiveStar": 9
  },
  "reviews": [],
  "orderBy": [
    {
      "name": "doordash.com",
      "url": "https://www.doordash.com/en-AU/store/alice-pizza-and-cafe-docklands-950905/?utm_campaign=gpa"
    }
  ]
}