{
  "title": "Domino's Pizza Melton",
  "subTitle": null,
  "price": "$",
  "menu": null,
  "categoryName": "Pizza restaurant",
  "address": "298 High St, Melton VIC 3337, Australia",
  "locatedIn": null,
  "neighborhood": "298 High St",
  "street": "298 High St",
  "city": "Melton",
  "postalCode": "3337",
  "state": "Victoria",
  "countryCode": "AU",
  "plusCode": "8H8M+VG Melton, Victoria, Australia",
  "website": "https://www.dominos.com.au/store/vic-melton-98813?utm_source=google&utm_medium=places-organic",
  "phone": "+61 3 8099 7320      phone9",
  "temporarilyClosed": false,
  "location": {
    "lat": -37.6828673,
    "lng": 144.5838459
  },
  "permanentlyClosed": false,
  "totalScore": 3,
  "isAdvertisement": false,
  "rank": 19,
  "placeId": "ChIJrb1BiRXt1moRtmzYsHM1M9o",
  "categories": [
    "Pizza restaurant",
    "Dessert restaurant",
    "Family restaurant",
    "Lunch restaurant",
    "Meal delivery",
    "Takeout restaurant",
    "Pizza delivery",
    "Pizza takeaway",
    "Restaurant"
  ],
  "cid": "15722969495085018294",
  "url": "https://www.google.com/maps/place/Domino's+Pizza+Melton/@-37.6828673,144.5838459,17z/data=!3m1!4b1!4m5!3m4!1s0x6ad6ed158941bdad:0xda333573b0d86cb6!8m2!3d-37.6828673!4d144.5838459?hl=en",
  "searchPageUrl": "https://www.google.com/maps/search/pizza/@-37.7320935,144.5156277,15z?hl=en",
  "searchString": "pizza",
  "scrapedAt": "2022-08-01T17:02:17.984Z",
  "popularTimesLiveText": null,
  "popularTimesLivePercent": null,
  "popularTimesHistogram": {
    "Su": [
      {
        "hour": 6,
        "occupancyPercent": 0
      },
      {
        "hour": 7,
        "occupancyPercent": 0
      },
      {
        "hour": 8,
        "occupancyPercent": 0
      },
      {
        "hour": 9,
        "occupancyPercent": 0
      },
      {
        "hour": 10,
        "occupancyPercent": 0
      },
      {
        "hour": 11,
        "occupancyPercent": 13
      },
      {
        "hour": 12,
        "occupancyPercent": 35
      },
      {
        "hour": 13,
        "occupancyPercent": 48
      },
      {
        "hour": 14,
        "occupancyPercent": 38
      },
      {
        "hour": 15,
        "occupancyPercent": 28
      },
      {
        "hour": 16,
        "occupancyPercent": 38
      },
      {
        "hour": 17,
        "occupancyPercent": 61
      },
      {
        "hour": 18,
        "occupancyPercent": 73
      },
      {
        "hour": 19,
        "occupancyPercent": 59
      },
      {
        "hour": 20,
        "occupancyPercent": 34
      },
      {
        "hour": 21,
        "occupancyPercent": 16
      },
      {
        "hour": 22,
        "occupancyPercent": 8
      },
      {
        "hour": 23,
        "occupancyPercent": 0
      }
    ],
    "Mo": [
      {
        "hour": 6,
        "occupancyPercent": 0
      },
      {
        "hour": 7,
        "occupancyPercent": 0
      },
      {
        "hour": 8,
        "occupancyPercent": 0
      },
      {
        "hour": 9,
        "occupancyPercent": 0
      },
      {
        "hour": 10,
        "occupancyPercent": 0
      },
      {
        "hour": 11,
        "occupancyPercent": 10
      },
      {
        "hour": 12,
        "occupancyPercent": 35
      },
      {
        "hour": 13,
        "occupancyPercent": 30
      },
      {
        "hour": 14,
        "occupancyPercent": 12
      },
      {
        "hour": 15,
        "occupancyPercent": 15
      },
      {
        "hour": 16,
        "occupancyPercent": 28
      },
      {
        "hour": 17,
        "occupancyPercent": 43
      },
      {
        "hour": 18,
        "occupancyPercent": 54
      },
      {
        "hour": 19,
        "occupancyPercent": 53
      },
      {
        "hour": 20,
        "occupancyPercent": 41
      },
      {
        "hour": 21,
        "occupancyPercent": 24
      },
      {
        "hour": 22,
        "occupancyPercent": 11
      },
      {
        "hour": 23,
        "occupancyPercent": 0
      }
    ],
    "Tu": [
      {
        "hour": 6,
        "occupancyPercent": 0
      },
      {
        "hour": 7,
        "occupancyPercent": 0
      },
      {
        "hour": 8,
        "occupancyPercent": 0
      },
      {
        "hour": 9,
        "occupancyPercent": 0
      },
      {
        "hour": 10,
        "occupancyPercent": 0
      },
      {
        "hour": 11,
        "occupancyPercent": 9
      },
      {
        "hour": 12,
        "occupancyPercent": 20
      },
      {
        "hour": 13,
        "occupancyPercent": 25
      },
      {
        "hour": 14,
        "occupancyPercent": 22
      },
      {
        "hour": 15,
        "occupancyPercent": 23
      },
      {
        "hour": 16,
        "occupancyPercent": 32
      },
      {
        "hour": 17,
        "occupancyPercent": 46
      },
      {
        "hour": 18,
        "occupancyPercent": 53
      },
      {
        "hour": 19,
        "occupancyPercent": 50
      },
      {
        "hour": 20,
        "occupancyPercent": 38
      },
      {
        "hour": 21,
        "occupancyPercent": 23
      },
      {
        "hour": 22,
        "occupancyPercent": 11
      },
      {
        "hour": 23,
        "occupancyPercent": 0
      }
    ],
    "We": [
      {
        "hour": 6,
        "occupancyPercent": 0
      },
      {
        "hour": 7,
        "occupancyPercent": 0
      },
      {
        "hour": 8,
        "occupancyPercent": 0
      },
      {
        "hour": 9,
        "occupancyPercent": 0
      },
      {
        "hour": 10,
        "occupancyPercent": 0
      },
      {
        "hour": 11,
        "occupancyPercent": 10
      },
      {
        "hour": 12,
        "occupancyPercent": 20
      },
      {
        "hour": 13,
        "occupancyPercent": 15
      },
      {
        "hour": 14,
        "occupancyPercent": 9
      },
      {
        "hour": 15,
        "occupancyPercent": 18
      },
      {
        "hour": 16,
        "occupancyPercent": 37
      },
      {
        "hour": 17,
        "occupancyPercent": 57
      },
      {
        "hour": 18,
        "occupancyPercent": 69
      },
      {
        "hour": 19,
        "occupancyPercent": 65
      },
      {
        "hour": 20,
        "occupancyPercent": 47
      },
      {
        "hour": 21,
        "occupancyPercent": 26
      },
      {
        "hour": 22,
        "occupancyPercent": 11
      },
      {
        "hour": 23,
        "occupancyPercent": 0
      }
    ],
    "Th": [
      {
        "hour": 6,
        "occupancyPercent": 0
      },
      {
        "hour": 7,
        "occupancyPercent": 0
      },
      {
        "hour": 8,
        "occupancyPercent": 0
      },
      {
        "hour": 9,
        "occupancyPercent": 0
      },
      {
        "hour": 10,
        "occupancyPercent": 0
      },
      {
        "hour": 11,
        "occupancyPercent": 12
      },
      {
        "hour": 12,
        "occupancyPercent": 25
      },
      {
        "hour": 13,
        "occupancyPercent": 27
      },
      {
        "hour": 14,
        "occupancyPercent": 21
      },
      {
        "hour": 15,
        "occupancyPercent": 24
      },
      {
        "hour": 16,
        "occupancyPercent": 38
      },
      {
        "hour": 17,
        "occupancyPercent": 55
      },
      {
        "hour": 18,
        "occupancyPercent": 65
      },
      {
        "hour": 19,
        "occupancyPercent": 63
      },
      {
        "hour": 20,
        "occupancyPercent": 50
      },
      {
        "hour": 21,
        "occupancyPercent": 32
      },
      {
        "hour": 22,
        "occupancyPercent": 17
      },
      {
        "hour": 23,
        "occupancyPercent": 7
      }
    ],
    "Fr": [
      {
        "hour": 6,
        "occupancyPercent": 0
      },
      {
        "hour": 7,
        "occupancyPercent": 0
      },
      {
        "hour": 8,
        "occupancyPercent": 0
      },
      {
        "hour": 9,
        "occupancyPercent": 0
      },
      {
        "hour": 10,
        "occupancyPercent": 0
      },
      {
        "hour": 11,
        "occupancyPercent": 17
      },
      {
        "hour": 12,
        "occupancyPercent": 34
      },
      {
        "hour": 13,
        "occupancyPercent": 34
      },
      {
        "hour": 14,
        "occupancyPercent": 22
      },
      {
        "hour": 15,
        "occupancyPercent": 18
      },
      {
        "hour": 16,
        "occupancyPercent": 35
      },
      {
        "hour": 17,
        "occupancyPercent": 68
      },
      {
        "hour": 18,
        "occupancyPercent": 97
      },
      {
        "hour": 19,
        "occupancyPercent": 100
      },
      {
        "hour": 20,
        "occupancyPercent": 74
      },
      {
        "hour": 21,
        "occupancyPercent": 42
      },
      {
        "hour": 22,
        "occupancyPercent": 23
      },
      {
        "hour": 23,
        "occupancyPercent": 14
      },
      {
        "hour": 0,
        "occupancyPercent": 10
      }
    ],
    "Sa": [
      {
        "hour": 6,
        "occupancyPercent": 0
      },
      {
        "hour": 7,
        "occupancyPercent": 0
      },
      {
        "hour": 8,
        "occupancyPercent": 0
      },
      {
        "hour": 9,
        "occupancyPercent": 0
      },
      {
        "hour": 10,
        "occupancyPercent": 0
      },
      {
        "hour": 11,
        "occupancyPercent": 5
      },
      {
        "hour": 12,
        "occupancyPercent": 26
      },
      {
        "hour": 13,
        "occupancyPercent": 41
      },
      {
        "hour": 14,
        "occupancyPercent": 26
      },
      {
        "hour": 15,
        "occupancyPercent": 19
      },
      {
        "hour": 16,
        "occupancyPercent": 33
      },
      {
        "hour": 17,
        "occupancyPercent": 54
      },
      {
        "hour": 18,
        "occupancyPercent": 73
      },
      {
        "hour": 19,
        "occupancyPercent": 81
      },
      {
        "hour": 20,
        "occupancyPercent": 73
      },
      {
        "hour": 21,
        "occupancyPercent": 54
      },
      {
        "hour": 22,
        "occupancyPercent": 33
      },
      {
        "hour": 23,
        "occupancyPercent": 16
      },
      {
        "hour": 0,
        "occupancyPercent": 6
      }
    ]
  },
  "openingHours": [
    {
      "day": "Tuesday,",
      "hours": "11AM to 11PM"
    },
    {
      "day": "Wednesday,",
      "hours": "11AM to 11PM"
    },
    {
      "day": "Thursday,",
      "hours": "11AM to 12AM"
    },
    {
      "day": "Friday,",
      "hours": "11AM to 1AM"
    },
    {
      "day": "Saturday,",
      "hours": "11AM to 1AM"
    },
    {
      "day": "Sunday,",
      "hours": "11AM to 11PM"
    },
    {
      "day": "Monday,",
      "hours": "11AM to 11PM"
    }
  ],
  "additionalInfo": {
    "Service options": [
      {
        "Kerbside pickup": true
      },
      {
        "No-contact delivery": true
      },
      {
        "Delivery": true
      },
      {
        "Takeaway": true
      }
    ],
    "Highlights": [
      {
        "Fast service": true
      }
    ],
    "Accessibility": [
      {
        "Wheelchair-accessible car park": true
      },
      {
        "Wheelchair-accessible entrance": true
      },
      {
        "Wheelchair-accessible seating": false
      },
      {
        "Wheelchair-accessible toilet": false
      }
    ],
    "Offerings": [
      {
        "Late-night food": true
      },
      {
        "Quick bite": true
      },
      {
        "Vegetarian options": true
      }
    ],
    "Dining options": [
      {
        "Lunch": true
      },
      {
        "Dinner": true
      },
      {
        "Catering": true
      },
      {
        "Dessert": true
      }
    ],
    "Amenities": [
      {
        "Good for kids": true
      }
    ],
    "Atmosphere": [
      {
        "Casual": true
      }
    ],
    "Crowd": [
      {
        "Family friendly": true
      },
      {
        "LGBTQ+ friendly": true
      },
      {
        "Transgender safe space": true
      }
    ],
    "Payments": [
      {
        "Debit cards": true
      },
      {
        "NFC mobile payments": true
      },
      {
        "Credit cards": true
      }
    ]
  },
  "reviewsCount": 432,
  "reviewsDistribution": {
    "oneStar": 148,
    "twoStar": 31,
    "threeStar": 51,
    "fourStar": 85,
    "fiveStar": 117
  },
  "reviews": [],
  "orderBy": []
}