{
  "title": "Romero Pizza",
  "subTitle": null,
  "price": null,
  "menu": null,
  "categoryName": "Italian restaurant",
  "address": "2/136 The Avenue, Ardeer VIC 3020, Australia",
  "locatedIn": null,
  "neighborhood": "2/136 The Avenue",
  "street": "2/136 The Avenue",
  "city": "Ardeer",
  "postalCode": "3020",
  "state": "Victoria",
  "countryCode": "AU",
  "plusCode": "6R34+24 Ardeer, Victoria, Australia",
  "website": "https://romero-pizza.business.site/",
  "phone": "+61 3 8390 2299",
  "temporarilyClosed": false,
  "location": {
    "lat": -37.7974639,
    "lng": 144.8052507
  },
  "permanentlyClosed": false,
  "totalScore": 3.5,
  "isAdvertisement": false,
  "rank": 12,
  "placeId": "ChIJn-CQlT9g1moRYDylFcTindw",
  "categories": [
    "Italian restaurant"
  ],
  "cid": "15897111591492336736",
  "url": "https://www.google.com/maps/place/Romero+Pizza/@-37.7974639,144.8052507,17z/data=!3m1!4b1!4m5!3m4!1s0x6ad6603f9590e09f:0xdc9de2c415a53c60!8m2!3d-37.7974639!4d144.8052507?hl=en",
  "searchPageUrl": "https://www.google.com/maps/search/pizza/@-37.8140053,144.7598478,15z?hl=en",
  "searchString": "pizza",
  "scrapedAt": "2022-08-01T17:05:12.027Z",
  "openingHours": [
    {
      "day": "Tuesday,",
      "hours": "4:30 to 9PM"
    },
    {
      "day": "Wednesday,",
      "hours": "4:30 to 9PM"
    },
    {
      "day": "Thursday,",
      "hours": "4:30 to 9PM"
    },
    {
      "day": "Friday,",
      "hours": "4 to 10PM"
    },
    {
      "day": "Saturday,",
      "hours": "4 to 10PM"
    },
    {
      "day": "Sunday,",
      "hours": "4:30 to 9PM"
    },
    {
      "day": "Monday,",
      "hours": "4:30 to 9PM"
    }
  ],
  "additionalInfo": {
    "Service options": [
      {
        "Delivery": true
      },
      {
        "Takeaway": true
      },
      {
        "Dine-in": true
      }
    ],
    "Accessibility": [
      {
        "Wheelchair-accessible car park": true
      }
    ],
    "Offerings": [
      {
        "Vegetarian options": true
      }
    ],
    "Dining options": [
      {
        "Dinner": true
      },
      {
        "Catering": true
      },
      {
        "Counter service": true
      },
      {
        "Seating": true
      }
    ],
    "Amenities": [
      {
        "Good for kids": true
      }
    ],
    "Atmosphere": [
      {
        "Casual": true
      }
    ],
    "Crowd": [
      {
        "Family friendly": true
      }
    ],
    "Planning": [
      {
        "Accepts reservations": true
      }
    ],
    "Payments": [
      {
        "Debit cards": true
      }
    ]
  },
  "reviewsCount": 29,
  "reviewsDistribution": {
    "oneStar": 4,
    "twoStar": 2,
    "threeStar": 8,
    "fourStar": 7,
    "fiveStar": 8
  },
  "reviews": [],
  "orderBy": [
    {
      "name": "romeropizza-adeer.com.au",
      "url": "https://www.romeropizza-adeer.com.au/menu.php"
    }
  ]
}