{
  "title": "Pizza Hut",
  "subTitle": null,
  "price": null,
  "menu": null,
  "categoryName": "Pizza restaurant",
  "address": "43 Wyong St, Keilor East VIC 3033, Australia",
  "locatedIn": null,
  "neighborhood": "43 Wyong St",
  "street": "43 Wyong St",
  "city": "Keilor East",
  "postalCode": "3033",
  "state": "Victoria",
  "countryCode": "AU",
  "plusCode": "7V88+Q9 Keilor East, Victoria, Australia",
  "website": "https://www.pizzahut.com.au/",
  "phone": "+61 131166",
  "temporarilyClosed": false,
  "location": {
    "lat": -37.733026,
    "lng": 144.865881
  },
  "permanentlyClosed": true,
  "totalScore": null,
  "isAdvertisement": false,
  "rank": 5,
  "placeId": "ChIJF3ZeiaVe1moR7Pm0OR-MxVA",
  "categories": [
    "Pizza restaurant"
  ],
  "cid": "5820212159186270700",
  "url": "https://www.google.com/maps/place/Pizza+Hut/@-37.733026,144.865881,17z/data=!3m1!4b1!4m5!3m4!1s0x6ad65ea5895e7617:0x50c58c1f39b4f9ec!8m2!3d-37.7330433!4d144.8660263?hl=en",
  "searchPageUrl": "https://www.google.com/maps/search/hd+pizza/@-37.7593974,144.7598478,15z?hl=en",
  "searchString": "hd pizza",
  "scrapedAt": "2022-08-02T08:47:40.757Z",
  "additionalInfo": {
    "Service options": [
      {
        "Dine-in": true
      }
    ],
    "Dining options": [
      {
        "Lunch": true
      },
      {
        "Dinner": true
      }
    ],
    "Amenities": [
      {
        "Good for kids": true
      }
    ],
    "Atmosphere": [
      {
        "Casual": true
      }
    ]
  },
  "reviewsCount": 0,
  "reviewsDistribution": {
    "oneStar": 0,
    "twoStar": 0,
    "threeStar": 0,
    "fourStar": 0,
    "fiveStar": 0
  },
  "reviews": [],
  "orderBy": []
}