{
  "title": "Pizza Forno",
  "subTitle": null,
  "price": null,
  "menu": null,
  "categoryName": "Restaurant",
  "address": "1/117 Mountain Hwy, Wantirna VIC 3152, Australia",
  "locatedIn": null,
  "neighborhood": "1/117 Mountain Hwy",
  "street": "1/117 Mountain Hwy",
  "city": "Wantirna",
  "postalCode": "3152",
  "state": "Victoria",
  "countryCode": "AU",
  "plusCode": "46V8+QF Wantirna, Victoria, Australia",
  "website": "http://www.pizzaforno.com.au/",
  "phone": "+61 422 274 104",
  "temporarilyClosed": false,
  "location": {
    "lat": -37.8555738,
    "lng": 145.2162006
  },
  "permanentlyClosed": false,
  "totalScore": 4.1,
  "isAdvertisement": false,
  "rank": 18,
  "placeId": "ChIJUcMUdgE_1moRp5oBQBhJz6E",
  "categories": [
    "Restaurant"
  ],
  "cid": "11659618328787393191",
  "url": "https://www.google.com/maps/place/Pizza+Forno/@-37.8555738,145.2162006,17z/data=!3m1!4b1!4m5!3m4!1s0x6ad63f017614c351:0xa1cf491840019aa7!8m2!3d-37.8555416!4d145.2162521?hl=en",
  "searchPageUrl": "https://www.google.com/maps/search/pizza/@-37.8959171,145.2133993,15z?hl=en",
  "searchString": "pizza",
  "scrapedAt": "2022-08-01T17:09:26.179Z",
  "openingHours": [
    {
      "day": "Tuesday,",
      "hours": "Closed"
    },
    {
      "day": "Wednesday,",
      "hours": "5 to 9PM"
    },
    {
      "day": "Thursday,",
      "hours": "5 to 9PM"
    },
    {
      "day": "Friday,",
      "hours": "5 to 10PM"
    },
    {
      "day": "Saturday,",
      "hours": "5 to 10PM"
    },
    {
      "day": "Sunday,",
      "hours": "5 to 9PM"
    },
    {
      "day": "Monday,",
      "hours": "Closed"
    }
  ],
  "additionalInfo": {
    "Service options": [
      {
        "Delivery": true
      },
      {
        "Takeaway": true
      },
      {
        "Dine-in": true
      }
    ],
    "Accessibility": [
      {
        "Wheelchair-accessible car park": true
      }
    ],
    "Dining options": [
      {
        "Dinner": true
      }
    ],
    "Amenities": [
      {
        "Good for kids": true
      }
    ],
    "Atmosphere": [
      {
        "Casual": true
      }
    ],
    "Payments": [
      {
        "NFC mobile payments": true
      }
    ]
  },
  "reviewsCount": 34,
  "reviewsDistribution": {
    "oneStar": 6,
    "twoStar": 0,
    "threeStar": 1,
    "fourStar": 4,
    "fiveStar": 23
  },
  "reviews": [],
  "orderBy": [
    {
      "name": "doordash.com",
      "url": "https://www.doordash.com/en-AU/store/pizza-forno-wantirna-1026295/?utm_campaign=gpa"
    },
    {
      "name": "menulog.com.au",
      "url": "https://www.menulog.com.au/restaurants-pizza-forno-wantirna/menu?utm_source=google&utm_medium=organic&utm_campaign=orderaction"
    }
  ]
}