{
  "title": "Vinnie's Half Price Pizza",
  "subTitle": null,
  "price": "$",
  "menu": null,
  "categoryName": "Pizza restaurant",
  "address": "Preston Market, 238/18 Cramer St, Preston VIC 3072, Australia",
  "locatedIn": "Floor 2 · Preston Market",
  "neighborhood": "Preston Market, 238/18 Cramer St",
  "street": "Preston Market, 238/18 Cramer St",
  "city": "Preston",
  "postalCode": "3072",
  "state": "Victoria",
  "countryCode": "AU",
  "plusCode": "7262+6V Preston, Victoria, Australia",
  "website": "https://www.facebook.com/vinniesprestonmarket/",
  "phone": "+61 3 9478 4477",
  "temporarilyClosed": false,
  "location": {
    "lat": -37.7393983,
    "lng": 145.0022089
  },
  "permanentlyClosed": false,
  "totalScore": 4.2,
  "isAdvertisement": false,
  "rank": 9,
  "placeId": "ChIJyf6TrelE1moRokX0phDGAnU",
  "categories": [
    "Pizza restaurant"
  ],
  "cid": "8431519227213792674",
  "url": "https://www.google.com/maps/place/Vinnie's+Half+Price+Pizza/@-37.7393983,145.0022089,17z/data=!3m1!4b1!4m5!3m4!1s0x6ad644e9ad93fec9:0x7502c610a6f445a2!8m2!3d-37.7393983!4d145.0022089?hl=en",
  "searchPageUrl": "https://www.google.com/maps/search/pizza/@-37.7320935,145.0040678,15z?hl=en",
  "searchString": "pizza",
  "scrapedAt": "2022-08-01T17:07:14.837Z",
  "openingHours": [
    {
      "day": "Tuesday,",
      "hours": "Closed"
    },
    {
      "day": "Wednesday,",
      "hours": "8AM to 3PM"
    },
    {
      "day": "Thursday,",
      "hours": "8AM to 4PM"
    },
    {
      "day": "Friday,",
      "hours": "8AM to 6PM"
    },
    {
      "day": "Saturday,",
      "hours": "8AM to 3PM"
    },
    {
      "day": "Sunday,",
      "hours": "Closed"
    },
    {
      "day": "Monday,",
      "hours": "Closed"
    }
  ],
  "additionalInfo": {
    "Service options": [
      {
        "Delivery": true
      },
      {
        "Takeaway": true
      },
      {
        "Dine-in": true
      }
    ],
    "Accessibility": [
      {
        "Wheelchair-accessible entrance": true
      }
    ],
    "Dining options": [
      {
        "Dinner": true
      }
    ],
    "Amenities": [
      {
        "Good for kids": true
      }
    ],
    "Atmosphere": [
      {
        "Casual": true
      }
    ]
  },
  "reviewsCount": 75,
  "reviewsDistribution": {
    "oneStar": 10,
    "twoStar": 1,
    "threeStar": 3,
    "fourStar": 11,
    "fiveStar": 50
  },
  "reviews": [],
  "orderBy": []
}