{
  "title": "Benny Boy's Pizza Ferntree Gully",
  "subTitle": null,
  "price": null,
  "menu": null,
  "categoryName": "Pizza restaurant",
  "address": "Shop 9/1015 Burwood Hwy, Ferntree Gully VIC 3156, Australia",
  "locatedIn": null,
  "neighborhood": "Shop 9/1015 Burwood Hwy",
  "street": "Shop 9/1015 Burwood Hwy",
  "city": "Ferntree Gully",
  "postalCode": "3156",
  "state": "Victoria",
  "countryCode": "AU",
  "plusCode": "476R+P5 Ferntree Gully, Victoria, Australia",
  "website": "http://ferntreegully.bbpizza.com.au/",
  "phone": "+61 3 9758 2696",
  "temporarilyClosed": false,
  "location": {
    "lat": -37.8882295,
    "lng": 145.290437
  },
  "permanentlyClosed": false,
  "totalScore": 4.1,
  "isAdvertisement": false,
  "rank": 14,
  "placeId": "ChIJQy9jUuo81moRDwKcZLQKlmw",
  "categories": [
    "Pizza restaurant",
    "Pizza takeaway"
  ],
  "cid": "7824453172501152271",
  "url": "https://www.google.com/maps/place/Benny+Boy's+Pizza+Ferntree+Gully/@-37.8882295,145.290437,17z/data=!3m1!4b1!4m5!3m4!1s0x6ad63cea52632f43:0x6c960ab4649c020f!8m2!3d-37.8882295!4d145.290437?hl=en",
  "searchPageUrl": "https://www.google.com/maps/search/pizza/@-37.8959171,145.2482878,15z?hl=en",
  "searchString": "pizza",
  "scrapedAt": "2022-08-01T17:10:50.438Z",
  "openingHours": [
    {
      "day": "Tuesday,",
      "hours": "4 to 9PM"
    },
    {
      "day": "Wednesday,",
      "hours": "4 to 9PM"
    },
    {
      "day": "Thursday,",
      "hours": "4 to 9PM"
    },
    {
      "day": "Friday,",
      "hours": "4 to 10PM"
    },
    {
      "day": "Saturday,",
      "hours": "4 to 10PM"
    },
    {
      "day": "Sunday,",
      "hours": "4 to 9PM"
    },
    {
      "day": "Monday,",
      "hours": "4 to 9PM"
    }
  ],
  "additionalInfo": {
    "Service options": [
      {
        "No-contact delivery": true
      },
      {
        "Delivery": true
      },
      {
        "Takeaway": true
      },
      {
        "Dine-in": true
      }
    ],
    "Accessibility": [
      {
        "Wheelchair-accessible car park": true
      },
      {
        "Wheelchair-accessible entrance": true
      }
    ],
    "Offerings": [
      {
        "Kids' menu": true
      },
      {
        "Late-night food": true
      },
      {
        "Vegetarian options": true
      }
    ],
    "Dining options": [
      {
        "Dinner": true
      },
      {
        "Catering": true
      },
      {
        "Counter service": true
      },
      {
        "Dessert": true
      }
    ],
    "Amenities": [
      {
        "Good for kids": true
      }
    ],
    "Atmosphere": [
      {
        "Casual": true
      }
    ],
    "Crowd": [
      {
        "Family friendly": true
      }
    ],
    "Payments": [
      {
        "Debit cards": true
      },
      {
        "Credit cards": true
      }
    ]
  },
  "reviewsCount": 98,
  "reviewsDistribution": {
    "oneStar": 13,
    "twoStar": 2,
    "threeStar": 6,
    "fourStar": 20,
    "fiveStar": 57
  },
  "reviews": [],
  "orderBy": [
    {
      "name": "bbpizza.com.au",
      "url": "https://ferntreegully.bbpizza.com.au/"
    },
    {
      "name": "doordash.com",
      "url": "https://www.doordash.com/en-AU/store/benny-boy%27s-pizza-ferntree-gully-826738/?utm_campaign=gpa"
    }
  ]
}