{
  "title": "Amalfi Pizza & Pasta Cranbourne East",
  "subTitle": null,
  "price": null,
  "menu": null,
  "categoryName": "Pizza takeaway",
  "address": "85 Elmslie Dr, Cranbourne East VIC 3977, Australia",
  "locatedIn": null,
  "neighborhood": "85 Elmslie Dr",
  "street": "85 Elmslie Dr",
  "city": "Cranbourne East",
  "postalCode": "3977",
  "state": "Victoria",
  "countryCode": "AU",
  "plusCode": "V7JX+89 Cranbourne East, Victoria, Australia",
  "website": "http://www.amalfipizza.com.au/",
  "phone": "+61 3 5900 4037",
  "temporarilyClosed": false,
  "location": {
    "lat": -38.1191251,
    "lng": 145.2984748
  },
  "permanentlyClosed": false,
  "totalScore": 4.6,
  "isAdvertisement": false,
  "rank": 14,
  "placeId": "ChIJ8RoA1gsP1moR89KRfJkr-M8",
  "categories": [
    "Pizza takeaway"
  ],
  "cid": "14985775698295247603",
  "url": "https://www.google.com/maps/place/Amalfi+Pizza+%26+Pasta+Cranbourne+East/@-38.1191251,145.2984748,17z/data=!3m1!4b1!4m5!3m4!1s0x6ad60f0bd6001af1:0xcff82b997c91d2f3!8m2!3d-38.1191251!4d145.2984748?hl=en",
  "searchPageUrl": "https://www.google.com/maps/search/pizza/@-38.1416526,145.2831764,15z?hl=en",
  "searchString": "pizza",
  "scrapedAt": "2022-08-01T17:10:35.890Z",
  "openingHours": [
    {
      "day": "Tuesday,",
      "hours": "5PM to 2AM"
    },
    {
      "day": "Wednesday,",
      "hours": "5PM to 2AM"
    },
    {
      "day": "Thursday,",
      "hours": "5PM to 2AM"
    },
    {
      "day": "Friday,",
      "hours": "5PM to 2AM"
    },
    {
      "day": "Saturday,",
      "hours": "5PM to 2AM"
    },
    {
      "day": "Sunday,",
      "hours": "5PM to 2AM"
    },
    {
      "day": "Monday,",
      "hours": "5PM to 2AM"
    }
  ],
  "additionalInfo": {
    "Service options": [
      {
        "No-contact delivery": true
      },
      {
        "Delivery": true
      },
      {
        "Takeaway": true
      },
      {
        "Dine-in": false
      }
    ],
    "Atmosphere": [
      {
        "Casual": true
      }
    ]
  },
  "reviewsCount": 19,
  "reviewsDistribution": {
    "oneStar": 1,
    "twoStar": 1,
    "threeStar": 0,
    "fourStar": 1,
    "fiveStar": 16
  },
  "reviews": [],
  "orderBy": [
    {
      "name": "menulog.com.au",
      "url": "https://www.menulog.com.au/restaurants-amalfi-pizza-and-pasta-cranbourne-east/menu?utm_source=google&utm_medium=organic&utm_campaign=orderaction"
    },
    {
      "name": "doordash.com",
      "url": "https://www.doordash.com/en-AU/store/amalfi-pizza-and-pasta-cranbourne-east-23284452/?utm_campaign=gpa"
    }
  ]
}