{
  "title": "Gaba’s pizza place",
  "subTitle": null,
  "price": null,
  "menu": null,
  "categoryName": "Restaurant",
  "address": "286 Kings Way, South Melbourne VIC 3205, Australia",
  "locatedIn": null,
  "neighborhood": "286 Kings Way",
  "street": "286 Kings Way",
  "city": "South Melbourne",
  "postalCode": "3205",
  "state": "Victoria",
  "countryCode": "AU",
  "plusCode": "5X89+G2 South Melbourne, Victoria, Australia",
  "website": null,
  "phone": null,
  "temporarilyClosed": false,
  "location": {
    "lat": -37.8336527,
    "lng": 144.9675917
  },
  "permanentlyClosed": false,
  "totalScore": null,
  "isAdvertisement": false,
  "rank": 1,
  "placeId": "ChIJ11JA-UVp1moRMeCPoVpHMRs",
  "categories": [
    "Restaurant"
  ],
  "cid": "1959425767466065969",
  "url": "https://www.google.com/maps/place/Gaba%E2%80%99s+pizza+place/@-37.8336527,144.9675917,17z/data=!3m1!4b1!4m5!3m4!1s0x6ad66945f94052d7:0x1b31475aa18fe031!8m2!3d-37.8336448!4d144.9675869?hl=en",
  "searchPageUrl": "https://www.google.com/maps/search/g8+pizza/@-37.8413092,144.9691792,15z?hl=en",
  "searchString": "g8 pizza",
  "scrapedAt": "2022-08-02T08:26:16.001Z",
  "additionalInfo": {
    "Service options": [
      {
        "Takeaway": true
      },
      {
        "Dine-in": true
      }
    ],
    "Atmosphere": [
      {
        "Casual": true
      }
    ]
  },
  "reviewsCount": 0,
  "reviewsDistribution": {
    "oneStar": 0,
    "twoStar": 0,
    "threeStar": 0,
    "fourStar": 0,
    "fiveStar": 0
  },
  "reviews": [],
  "orderBy": []
}