{
  "title": "The Ultimate Pizza",
  "subTitle": null,
  "price": null,
  "menu": null,
  "categoryName": "Pizza restaurant",
  "address": "shop28, Croydon Rd, Croydon VIC 3136, Australia",
  "locatedIn": null,
  "neighborhood": "shop28, Croydon Rd",
  "street": "shop28, Croydon Rd",
  "city": "Croydon",
  "postalCode": "3136",
  "state": "Victoria",
  "countryCode": "AU",
  "plusCode": "673J+FC Croydon, Victoria, Australia",
  "website": null,
  "phone": "+61 3 9723 0001",
  "temporarilyClosed": false,
  "location": {
    "lat": -37.796322,
    "lng": 145.281036
  },
  "permanentlyClosed": true,
  "totalScore": 3,
  "isAdvertisement": false,
  "rank": 20,
  "placeId": "ChIJUeeMLIU61moRxVbW5uPl284",
  "categories": [
    "Pizza restaurant"
  ],
  "cid": "14905760158705931973",
  "url": "https://www.google.com/maps/place/The+Ultimate+Pizza/@-37.796322,145.281036,17z/data=!3m1!4b1!4m5!3m4!1s0x6ad63a852c8ce751:0xcedbe5e3e6d656c5!8m2!3d-37.796322!4d145.281036?hl=en",
  "searchPageUrl": "https://www.google.com/maps/search/ou+pizza/@-37.7867014,145.2831764,15z?hl=en",
  "searchString": "ou pizza",
  "scrapedAt": "2022-08-03T01:18:09.295Z",
  "openingHours": [
    {
      "day": "Wednesday,",
      "hours": "4 to 9PM"
    },
    {
      "day": "Thursday,",
      "hours": "4 to 9PM"
    },
    {
      "day": "Friday,",
      "hours": "11:30AM to 9PM"
    },
    {
      "day": "Saturday,",
      "hours": "11:30AM to 9PM"
    },
    {
      "day": "Sunday,",
      "hours": "11:30AM to 9PM"
    },
    {
      "day": "Monday,",
      "hours": "4 to 9PM"
    },
    {
      "day": "Tuesday,",
      "hours": "4 to 9PM"
    }
  ],
  "additionalInfo": {
    "Service options": [
      {
        "Dine-in": true
      }
    ],
    "Amenities": [
      {
        "Good for kids": true
      }
    ]
  },
  "reviewsCount": 2,
  "reviewsDistribution": {
    "oneStar": 1,
    "twoStar": 0,
    "threeStar": 0,
    "fourStar": 0,
    "fiveStar": 1
  },
  "reviews": [],
  "orderBy": []
}