{
  "title": "Eve's Pizzeria",
  "subTitle": null,
  "price": null,
  "menu": null,
  "categoryName": "Pizza restaurant",
  "address": "2-10 William Thwaites Blvd, Cranbourne North VIC 3977, Australia",
  "locatedIn": null,
  "neighborhood": "2-10 William Thwaites Blvd",
  "street": "2-10 William Thwaites Blvd",
  "city": "Cranbourne North",
  "postalCode": "3977",
  "state": "Victoria",
  "countryCode": "AU",
  "plusCode": "W8G8+VG Cranbourne North, Victoria, Australia",
  "website": "https://evespizzeria.com.au/",
  "phone": "+61 3 5999 2246",
  "temporarilyClosed": false,
  "location": {
    "lat": -38.0728616,
    "lng": 145.3162609
  },
  "permanentlyClosed": false,
  "totalScore": 4.3,
  "isAdvertisement": false,
  "rank": 18,
  "placeId": "ChIJNyzyeKwb1moRvKE1OeW9CMs",
  "categories": [
    "Pizza restaurant"
  ],
  "cid": "14630152181718032828",
  "url": "https://www.google.com/maps/place/Eve's+Pizzeria/@-38.0728616,145.3162609,17z/data=!3m1!4b1!4m5!3m4!1s0x6ad61bac78f22c37:0xcb08bde53935a1bc!8m2!3d-38.0728846!4d145.3162673?hl=en",
  "searchPageUrl": "https://www.google.com/maps/search/pizza/@-38.0870447,145.2831764,15z?hl=en",
  "searchString": "pizza",
  "scrapedAt": "2022-08-01T17:10:36.235Z",
  "popularTimesLiveText": null,
  "popularTimesLivePercent": null,
  "popularTimesHistogram": {
    "Su": [],
    "Mo": [
      {
        "hour": 6,
        "occupancyPercent": 0
      },
      {
        "hour": 7,
        "occupancyPercent": 0
      },
      {
        "hour": 8,
        "occupancyPercent": 0
      },
      {
        "hour": 9,
        "occupancyPercent": 0
      },
      {
        "hour": 10,
        "occupancyPercent": 0
      },
      {
        "hour": 11,
        "occupancyPercent": 0
      },
      {
        "hour": 12,
        "occupancyPercent": 0
      },
      {
        "hour": 13,
        "occupancyPercent": 0
      },
      {
        "hour": 14,
        "occupancyPercent": 0
      },
      {
        "hour": 15,
        "occupancyPercent": 0
      },
      {
        "hour": 16,
        "occupancyPercent": 92
      },
      {
        "hour": 17,
        "occupancyPercent": 85
      },
      {
        "hour": 18,
        "occupancyPercent": 92
      },
      {
        "hour": 19,
        "occupancyPercent": 100
      },
      {
        "hour": 20,
        "occupancyPercent": 71
      },
      {
        "hour": 21,
        "occupancyPercent": 0
      },
      {
        "hour": 22,
        "occupancyPercent": 0
      },
      {
        "hour": 23,
        "occupancyPercent": 0
      }
    ],
    "Tu": [
      {
        "hour": 6,
        "occupancyPercent": 0
      },
      {
        "hour": 7,
        "occupancyPercent": 0
      },
      {
        "hour": 8,
        "occupancyPercent": 0
      },
      {
        "hour": 9,
        "occupancyPercent": 0
      },
      {
        "hour": 10,
        "occupancyPercent": 0
      },
      {
        "hour": 11,
        "occupancyPercent": 0
      },
      {
        "hour": 12,
        "occupancyPercent": 0
      },
      {
        "hour": 13,
        "occupancyPercent": 0
      },
      {
        "hour": 14,
        "occupancyPercent": 0
      },
      {
        "hour": 15,
        "occupancyPercent": 0
      },
      {
        "hour": 16,
        "occupancyPercent": 71
      },
      {
        "hour": 17,
        "occupancyPercent": 57
      },
      {
        "hour": 18,
        "occupancyPercent": 64
      },
      {
        "hour": 19,
        "occupancyPercent": 100
      },
      {
        "hour": 20,
        "occupancyPercent": 85
      },
      {
        "hour": 21,
        "occupancyPercent": 0
      },
      {
        "hour": 22,
        "occupancyPercent": 0
      },
      {
        "hour": 23,
        "occupancyPercent": 0
      }
    ],
    "We": [
      {
        "hour": 6,
        "occupancyPercent": 0
      },
      {
        "hour": 7,
        "occupancyPercent": 0
      },
      {
        "hour": 8,
        "occupancyPercent": 0
      },
      {
        "hour": 9,
        "occupancyPercent": 0
      },
      {
        "hour": 10,
        "occupancyPercent": 0
      },
      {
        "hour": 11,
        "occupancyPercent": 0
      },
      {
        "hour": 12,
        "occupancyPercent": 0
      },
      {
        "hour": 13,
        "occupancyPercent": 0
      },
      {
        "hour": 14,
        "occupancyPercent": 0
      },
      {
        "hour": 15,
        "occupancyPercent": 0
      },
      {
        "hour": 16,
        "occupancyPercent": 64
      },
      {
        "hour": 17,
        "occupancyPercent": 78
      },
      {
        "hour": 18,
        "occupancyPercent": 71
      },
      {
        "hour": 19,
        "occupancyPercent": 50
      },
      {
        "hour": 20,
        "occupancyPercent": 28
      },
      {
        "hour": 21,
        "occupancyPercent": 0
      },
      {
        "hour": 22,
        "occupancyPercent": 0
      },
      {
        "hour": 23,
        "occupancyPercent": 0
      }
    ],
    "Th": [
      {
        "hour": 6,
        "occupancyPercent": 0
      },
      {
        "hour": 7,
        "occupancyPercent": 0
      },
      {
        "hour": 8,
        "occupancyPercent": 0
      },
      {
        "hour": 9,
        "occupancyPercent": 0
      },
      {
        "hour": 10,
        "occupancyPercent": 0
      },
      {
        "hour": 11,
        "occupancyPercent": 0
      },
      {
        "hour": 12,
        "occupancyPercent": 0
      },
      {
        "hour": 13,
        "occupancyPercent": 0
      },
      {
        "hour": 14,
        "occupancyPercent": 0
      },
      {
        "hour": 15,
        "occupancyPercent": 0
      },
      {
        "hour": 16,
        "occupancyPercent": 100
      },
      {
        "hour": 17,
        "occupancyPercent": 85
      },
      {
        "hour": 18,
        "occupancyPercent": 92
      },
      {
        "hour": 19,
        "occupancyPercent": 85
      },
      {
        "hour": 20,
        "occupancyPercent": 57
      },
      {
        "hour": 21,
        "occupancyPercent": 0
      },
      {
        "hour": 22,
        "occupancyPercent": 0
      },
      {
        "hour": 23,
        "occupancyPercent": 0
      }
    ],
    "Fr": [
      {
        "hour": 6,
        "occupancyPercent": 0
      },
      {
        "hour": 7,
        "occupancyPercent": 0
      },
      {
        "hour": 8,
        "occupancyPercent": 0
      },
      {
        "hour": 9,
        "occupancyPercent": 0
      },
      {
        "hour": 10,
        "occupancyPercent": 0
      },
      {
        "hour": 11,
        "occupancyPercent": 0
      },
      {
        "hour": 12,
        "occupancyPercent": 0
      },
      {
        "hour": 13,
        "occupancyPercent": 0
      },
      {
        "hour": 14,
        "occupancyPercent": 0
      },
      {
        "hour": 15,
        "occupancyPercent": 0
      },
      {
        "hour": 16,
        "occupancyPercent": 71
      },
      {
        "hour": 17,
        "occupancyPercent": 92
      },
      {
        "hour": 18,
        "occupancyPercent": 85
      },
      {
        "hour": 19,
        "occupancyPercent": 64
      },
      {
        "hour": 20,
        "occupancyPercent": 85
      },
      {
        "hour": 21,
        "occupancyPercent": 100
      },
      {
        "hour": 22,
        "occupancyPercent": 0
      },
      {
        "hour": 23,
        "occupancyPercent": 0
      }
    ],
    "Sa": [
      {
        "hour": 6,
        "occupancyPercent": 0
      },
      {
        "hour": 7,
        "occupancyPercent": 0
      },
      {
        "hour": 8,
        "occupancyPercent": 0
      },
      {
        "hour": 9,
        "occupancyPercent": 0
      },
      {
        "hour": 10,
        "occupancyPercent": 0
      },
      {
        "hour": 11,
        "occupancyPercent": 0
      },
      {
        "hour": 12,
        "occupancyPercent": 0
      },
      {
        "hour": 13,
        "occupancyPercent": 0
      },
      {
        "hour": 14,
        "occupancyPercent": 0
      },
      {
        "hour": 15,
        "occupancyPercent": 0
      },
      {
        "hour": 16,
        "occupancyPercent": 50
      },
      {
        "hour": 17,
        "occupancyPercent": 85
      },
      {
        "hour": 18,
        "occupancyPercent": 100
      },
      {
        "hour": 19,
        "occupancyPercent": 85
      },
      {
        "hour": 20,
        "occupancyPercent": 71
      },
      {
        "hour": 21,
        "occupancyPercent": 92
      },
      {
        "hour": 22,
        "occupancyPercent": 0
      },
      {
        "hour": 23,
        "occupancyPercent": 0
      }
    ]
  },
  "openingHours": [
    {
      "day": "Tuesday,",
      "hours": "4 to 9PM"
    },
    {
      "day": "Wednesday,",
      "hours": "4 to 9PM"
    },
    {
      "day": "Thursday,",
      "hours": "4 to 9PM"
    },
    {
      "day": "Friday,",
      "hours": "4 to 10PM"
    },
    {
      "day": "Saturday,",
      "hours": "4 to 10PM"
    },
    {
      "day": "Sunday,",
      "hours": "4 to 10PM"
    },
    {
      "day": "Monday,",
      "hours": "4 to 9PM"
    }
  ],
  "additionalInfo": {
    "Service options": [
      {
        "Delivery": true
      },
      {
        "Takeaway": true
      },
      {
        "Dine-in": true
      }
    ],
    "Accessibility": [
      {
        "Wheelchair-accessible car park": true
      }
    ],
    "Dining options": [
      {
        "Lunch": true
      },
      {
        "Dinner": true
      },
      {
        "Dessert": true
      }
    ],
    "Amenities": [
      {
        "Good for kids": true
      }
    ],
    "Atmosphere": [
      {
        "Casual": true
      }
    ],
    "Crowd": [
      {
        "Groups": true
      }
    ]
  },
  "reviewsCount": 41,
  "reviewsDistribution": {
    "oneStar": 5,
    "twoStar": 1,
    "threeStar": 3,
    "fourStar": 1,
    "fiveStar": 31
  },
  "reviews": [],
  "orderBy": [
    {
      "name": "doordash.com",
      "url": "https://www.doordash.com/en-AU/store/eve%27s-pizzeria-cranbourne-north-2643092/?utm_campaign=gpa"
    },
    {
      "name": "menulog.com.au",
      "url": "https://www.menulog.com.au/restaurants-eve-central-pizzeria/menu?utm_source=google&utm_medium=organic&utm_campaign=orderaction"
    }
  ]
}