{
  "title": "Mohr Street Cafe and pizzeria",
  "subTitle": null,
  "price": "$",
  "menu": null,
  "categoryName": "Cafe",
  "address": "14 Mohr St, Tullamarine VIC 3043, Australia",
  "locatedIn": null,
  "neighborhood": "14 Mohr St",
  "street": "14 Mohr St",
  "city": "Tullamarine",
  "postalCode": "3043",
  "state": "Victoria",
  "countryCode": "AU",
  "plusCode": "7VQ8+V2 Tullamarine, Victoria, Australia",
  "website": "https://g.co/kgs/Qetc1m",
  "phone": "+61 3 9330 0791",
  "temporarilyClosed": false,
  "location": {
    "lat": -37.710368,
    "lng": 144.865027
  },
  "permanentlyClosed": false,
  "totalScore": 4.9,
  "isAdvertisement": false,
  "rank": 9,
  "placeId": "ChIJDxduoFtZ1moR5wbcz7KLzZY",
  "categories": [
    "Cafe"
  ],
  "cid": "10866495076022617831",
  "url": "https://www.google.com/maps/place/Mohr+Street+Cafe+and+pizzeria/@-37.710368,144.865027,17z/data=!3m1!4b1!4m5!3m4!1s0x6ad6595ba06e170f:0x96cd8bb2cfdc06e7!8m2!3d-37.710368!4d144.865027?hl=en",
  "searchPageUrl": "https://www.google.com/maps/search/it+pizza/@-37.7047895,144.8645135,15z?hl=en",
  "searchString": "it pizza",
  "scrapedAt": "2022-08-02T11:57:06.998Z",
  "popularTimesLiveText": null,
  "popularTimesLivePercent": null,
  "popularTimesHistogram": {
    "Su": [],
    "Mo": [
      {
        "hour": 6,
        "occupancyPercent": 0
      },
      {
        "hour": 7,
        "occupancyPercent": 23
      },
      {
        "hour": 8,
        "occupancyPercent": 30
      },
      {
        "hour": 9,
        "occupancyPercent": 23
      },
      {
        "hour": 10,
        "occupancyPercent": 38
      },
      {
        "hour": 11,
        "occupancyPercent": 61
      },
      {
        "hour": 12,
        "occupancyPercent": 84
      },
      {
        "hour": 13,
        "occupancyPercent": 84
      },
      {
        "hour": 14,
        "occupancyPercent": 76
      },
      {
        "hour": 15,
        "occupancyPercent": 0
      },
      {
        "hour": 16,
        "occupancyPercent": 0
      },
      {
        "hour": 17,
        "occupancyPercent": 0
      },
      {
        "hour": 18,
        "occupancyPercent": 0
      },
      {
        "hour": 19,
        "occupancyPercent": 0
      },
      {
        "hour": 20,
        "occupancyPercent": 0
      },
      {
        "hour": 21,
        "occupancyPercent": 0
      },
      {
        "hour": 22,
        "occupancyPercent": 0
      },
      {
        "hour": 23,
        "occupancyPercent": 0
      }
    ],
    "Tu": [
      {
        "hour": 6,
        "occupancyPercent": 0
      },
      {
        "hour": 7,
        "occupancyPercent": 23
      },
      {
        "hour": 8,
        "occupancyPercent": 38
      },
      {
        "hour": 9,
        "occupancyPercent": 46
      },
      {
        "hour": 10,
        "occupancyPercent": 46
      },
      {
        "hour": 11,
        "occupancyPercent": 61
      },
      {
        "hour": 12,
        "occupancyPercent": 84
      },
      {
        "hour": 13,
        "occupancyPercent": 76
      },
      {
        "hour": 14,
        "occupancyPercent": 46
      },
      {
        "hour": 15,
        "occupancyPercent": 0
      },
      {
        "hour": 16,
        "occupancyPercent": 0
      },
      {
        "hour": 17,
        "occupancyPercent": 0
      },
      {
        "hour": 18,
        "occupancyPercent": 0
      },
      {
        "hour": 19,
        "occupancyPercent": 0
      },
      {
        "hour": 20,
        "occupancyPercent": 0
      },
      {
        "hour": 21,
        "occupancyPercent": 0
      },
      {
        "hour": 22,
        "occupancyPercent": 0
      },
      {
        "hour": 23,
        "occupancyPercent": 0
      }
    ],
    "We": [
      {
        "hour": 6,
        "occupancyPercent": 0
      },
      {
        "hour": 7,
        "occupancyPercent": 15
      },
      {
        "hour": 8,
        "occupancyPercent": 15
      },
      {
        "hour": 9,
        "occupancyPercent": 0
      },
      {
        "hour": 10,
        "occupancyPercent": 15
      },
      {
        "hour": 11,
        "occupancyPercent": 46
      },
      {
        "hour": 12,
        "occupancyPercent": 84
      },
      {
        "hour": 13,
        "occupancyPercent": 100
      },
      {
        "hour": 14,
        "occupancyPercent": 61
      },
      {
        "hour": 15,
        "occupancyPercent": 0
      },
      {
        "hour": 16,
        "occupancyPercent": 0
      },
      {
        "hour": 17,
        "occupancyPercent": 0
      },
      {
        "hour": 18,
        "occupancyPercent": 0
      },
      {
        "hour": 19,
        "occupancyPercent": 0
      },
      {
        "hour": 20,
        "occupancyPercent": 0
      },
      {
        "hour": 21,
        "occupancyPercent": 0
      },
      {
        "hour": 22,
        "occupancyPercent": 0
      },
      {
        "hour": 23,
        "occupancyPercent": 0
      }
    ],
    "Th": [
      {
        "hour": 6,
        "occupancyPercent": 0
      },
      {
        "hour": 7,
        "occupancyPercent": 15
      },
      {
        "hour": 8,
        "occupancyPercent": 0
      },
      {
        "hour": 9,
        "occupancyPercent": 76
      },
      {
        "hour": 10,
        "occupancyPercent": 92
      },
      {
        "hour": 11,
        "occupancyPercent": 92
      },
      {
        "hour": 12,
        "occupancyPercent": 84
      },
      {
        "hour": 13,
        "occupancyPercent": 69
      },
      {
        "hour": 14,
        "occupancyPercent": 53
      },
      {
        "hour": 15,
        "occupancyPercent": 0
      },
      {
        "hour": 16,
        "occupancyPercent": 0
      },
      {
        "hour": 17,
        "occupancyPercent": 0
      },
      {
        "hour": 18,
        "occupancyPercent": 0
      },
      {
        "hour": 19,
        "occupancyPercent": 0
      },
      {
        "hour": 20,
        "occupancyPercent": 0
      },
      {
        "hour": 21,
        "occupancyPercent": 0
      },
      {
        "hour": 22,
        "occupancyPercent": 0
      },
      {
        "hour": 23,
        "occupancyPercent": 0
      }
    ],
    "Fr": [],
    "Sa": []
  },
  "openingHours": [
    {
      "day": "Tuesday,",
      "hours": "7:30AM to 3PM"
    },
    {
      "day": "Wednesday,",
      "hours": "7:30AM to 3PM"
    },
    {
      "day": "Thursday,",
      "hours": "7:30AM to 3PM"
    },
    {
      "day": "Friday,",
      "hours": "7:30AM to 3PM"
    },
    {
      "day": "Saturday,",
      "hours": "Closed"
    },
    {
      "day": "Sunday,",
      "hours": "Closed"
    },
    {
      "day": "Monday,",
      "hours": "7:30AM to 3PM"
    }
  ],
  "additionalInfo": {
    "Service options": [
      {
        "No-contact delivery": true
      },
      {
        "Delivery": true
      },
      {
        "Takeaway": true
      },
      {
        "Dine-in": true
      }
    ],
    "Accessibility": [
      {
        "Wheelchair-accessible car park": true
      },
      {
        "Wheelchair-accessible entrance": true
      },
      {
        "Wheelchair-accessible seating": true
      }
    ],
    "Offerings": [
      {
        "Coffee": true
      },
      {
        "Happy-hour drinks": true
      },
      {
        "Happy-hour food": true
      },
      {
        "Healthy options": true
      },
      {
        "Vegetarian options": true
      }
    ],
    "Dining options": [
      {
        "Breakfast": true
      },
      {
        "Lunch": true
      },
      {
        "Dinner": true
      },
      {
        "Catering": true
      },
      {
        "Dessert": true
      },
      {
        "Seating": true
      }
    ],
    "Amenities": [
      {
        "Good for kids": true
      },
      {
        "Toilets": true
      },
      {
        "Free Wi-Fi": true
      }
    ],
    "Atmosphere": [
      {
        "Casual": true
      }
    ],
    "Crowd": [
      {
        "Family friendly": true
      },
      {
        "LGBTQ+ friendly": true
      }
    ],
    "Payments": [
      {
        "Cheques": true
      },
      {
        "Debit cards": true
      },
      {
        "NFC mobile payments": true
      },
      {
        "Credit cards": true
      }
    ]
  },
  "reviewsCount": 51,
  "reviewsDistribution": {
    "oneStar": 0,
    "twoStar": 1,
    "threeStar": 1,
    "fourStar": 1,
    "fiveStar": 48
  },
  "reviews": [],
  "orderBy": [
    {
      "name": "g.co",
      "url": "https://g.co/kgs/Qetc1m"
    },
    {
      "name": "doordash.com",
      "url": "https://www.doordash.com/en-AU/store/mohr-street-cafe-and-pizzeria-tullamarine-1724583/?utm_campaign=gpa"
    },
    {
      "name": "menulog.com.au",
      "url": "https://www.menulog.com.au/restaurants-mohr-street-cafe-and-pizzeria/menu?utm_source=google&utm_medium=organic&utm_campaign=orderaction"
    }
  ]
}