{
  "title": "Pizza Master - Springvale",
  "subTitle": null,
  "price": null,
  "menu": null,
  "categoryName": "Pizza restaurant",
  "address": "135 Springvale Rd, Springvale VIC 3171, Australia",
  "locatedIn": null,
  "neighborhood": "135 Springvale Rd",
  "street": "135 Springvale Rd",
  "city": "Springvale",
  "postalCode": "3171",
  "state": "Victoria",
  "countryCode": "AU",
  "plusCode": "3543+WP Springvale, Victoria, Australia",
  "website": null,
  "phone": "+61 3 9558 4144",
  "temporarilyClosed": false,
  "location": {
    "lat": -37.942734,
    "lng": 145.154325
  },
  "permanentlyClosed": true,
  "totalScore": 4.5,
  "isAdvertisement": false,
  "rank": 7,
  "placeId": "ChIJo0QwVcMU1moRJMhYdrSEIHU",
  "categories": [
    "Pizza restaurant",
    "European restaurant",
    "Italian restaurant"
  ],
  "cid": "8439891612306819108",
  "url": "https://www.google.com/maps/place/Pizza+Master+-+Springvale/@-37.942734,145.154325,17z/data=!3m1!4b1!4m5!3m4!1s0x6ad614c3553044a3:0x752084b47658c824!8m2!3d-37.942734!4d145.154325?hl=en",
  "searchPageUrl": "https://www.google.com/maps/search/sw+pizza/@-37.9232211,145.1436221,15z?hl=en",
  "searchString": "sw pizza",
  "scrapedAt": "2022-08-03T10:16:11.381Z",
  "openingHours": [
    {
      "day": "Wednesday,",
      "hours": "4:30 to 9:30PM"
    },
    {
      "day": "Thursday,",
      "hours": "4:30 to 9:30PM"
    },
    {
      "day": "Friday,",
      "hours": "4:30 to 9:30PM"
    },
    {
      "day": "Saturday,",
      "hours": "4:30 to 9:30PM"
    },
    {
      "day": "Sunday,",
      "hours": "4:30 to 9:30PM"
    },
    {
      "day": "Monday,",
      "hours": "4:30 to 9:30PM"
    },
    {
      "day": "Tuesday,",
      "hours": "4:30 to 9:30PM"
    }
  ],
  "additionalInfo": {
    "Service options": [
      {
        "Dine-in": true
      }
    ],
    "Amenities": [
      {
        "Good for kids": true
      }
    ]
  },
  "reviewsCount": 2,
  "reviewsDistribution": {
    "oneStar": 0,
    "twoStar": 0,
    "threeStar": 0,
    "fourStar": 1,
    "fiveStar": 1
  },
  "reviews": [],
  "orderBy": []
}