{
  "title": "Lang Lang Fish Chips & Pizza",
  "subTitle": null,
  "price": null,
  "menu": null,
  "categoryName": "Restaurant or cafe",
  "address": "6 Westernport Rd, Lang Lang VIC 3984, Australia",
  "locatedIn": null,
  "neighborhood": "6 Westernport Rd",
  "street": "6 Westernport Rd",
  "city": "Lang Lang",
  "postalCode": "3984",
  "state": "Victoria",
  "countryCode": "AU",
  "plusCode": "PHM7+M5 Lang Lang, Victoria, Australia",
  "website": null,
  "phone": "+61 3 5997 5732",
  "temporarilyClosed": false,
  "location": {
    "lat": -38.2657663,
    "lng": 145.5629537
  },
  "permanentlyClosed": false,
  "totalScore": 4.6,
  "isAdvertisement": false,
  "rank": 2,
  "placeId": "ChIJwbOYUKP-KWsRvElFR2GYQEA",
  "categories": [
    "Restaurant or cafe"
  ],
  "cid": "4629867960511842748",
  "url": "https://www.google.com/maps/place/Lang+Lang+Fish+Chips+%26+Pizza/@-38.2657663,145.5629537,17z/data=!3m1!4b1!4m5!3m4!1s0x6b29fea35098b3c1:0x40409861474549bc!8m2!3d-38.265781!4d145.5629637?hl=en",
  "searchPageUrl": "https://www.google.com/maps/search/pizza/@-38.2508683,145.5273965,15z?hl=en",
  "searchString": "pizza",
  "scrapedAt": "2022-08-01T17:11:42.668Z",
  "popularTimesLiveText": null,
  "popularTimesLivePercent": null,
  "popularTimesHistogram": {
    "Su": [
      {
        "hour": 6,
        "occupancyPercent": 0
      },
      {
        "hour": 7,
        "occupancyPercent": 0
      },
      {
        "hour": 8,
        "occupancyPercent": 0
      },
      {
        "hour": 9,
        "occupancyPercent": 0
      },
      {
        "hour": 10,
        "occupancyPercent": 0
      },
      {
        "hour": 11,
        "occupancyPercent": 0
      },
      {
        "hour": 12,
        "occupancyPercent": 39
      },
      {
        "hour": 13,
        "occupancyPercent": 36
      },
      {
        "hour": 14,
        "occupancyPercent": 21
      },
      {
        "hour": 15,
        "occupancyPercent": 12
      },
      {
        "hour": 16,
        "occupancyPercent": 13
      },
      {
        "hour": 17,
        "occupancyPercent": 36
      },
      {
        "hour": 18,
        "occupancyPercent": 67
      },
      {
        "hour": 19,
        "occupancyPercent": 37
      },
      {
        "hour": 20,
        "occupancyPercent": 0
      },
      {
        "hour": 21,
        "occupancyPercent": 0
      },
      {
        "hour": 22,
        "occupancyPercent": 0
      },
      {
        "hour": 23,
        "occupancyPercent": 0
      }
    ],
    "Mo": [],
    "Tu": [],
    "We": [
      {
        "hour": 6,
        "occupancyPercent": 0
      },
      {
        "hour": 7,
        "occupancyPercent": 0
      },
      {
        "hour": 8,
        "occupancyPercent": 0
      },
      {
        "hour": 9,
        "occupancyPercent": 0
      },
      {
        "hour": 10,
        "occupancyPercent": 0
      },
      {
        "hour": 11,
        "occupancyPercent": 0
      },
      {
        "hour": 12,
        "occupancyPercent": 0
      },
      {
        "hour": 13,
        "occupancyPercent": 0
      },
      {
        "hour": 14,
        "occupancyPercent": 0
      },
      {
        "hour": 15,
        "occupancyPercent": 0
      },
      {
        "hour": 16,
        "occupancyPercent": 31
      },
      {
        "hour": 17,
        "occupancyPercent": 35
      },
      {
        "hour": 18,
        "occupancyPercent": 25
      },
      {
        "hour": 19,
        "occupancyPercent": 11
      },
      {
        "hour": 20,
        "occupancyPercent": 0
      },
      {
        "hour": 21,
        "occupancyPercent": 0
      },
      {
        "hour": 22,
        "occupancyPercent": 0
      },
      {
        "hour": 23,
        "occupancyPercent": 0
      }
    ],
    "Th": [
      {
        "hour": 6,
        "occupancyPercent": 0
      },
      {
        "hour": 7,
        "occupancyPercent": 0
      },
      {
        "hour": 8,
        "occupancyPercent": 0
      },
      {
        "hour": 9,
        "occupancyPercent": 0
      },
      {
        "hour": 10,
        "occupancyPercent": 0
      },
      {
        "hour": 11,
        "occupancyPercent": 0
      },
      {
        "hour": 12,
        "occupancyPercent": 32
      },
      {
        "hour": 13,
        "occupancyPercent": 35
      },
      {
        "hour": 14,
        "occupancyPercent": 33
      },
      {
        "hour": 15,
        "occupancyPercent": 28
      },
      {
        "hour": 16,
        "occupancyPercent": 23
      },
      {
        "hour": 17,
        "occupancyPercent": 35
      },
      {
        "hour": 18,
        "occupancyPercent": 43
      },
      {
        "hour": 19,
        "occupancyPercent": 19
      },
      {
        "hour": 20,
        "occupancyPercent": 0
      },
      {
        "hour": 21,
        "occupancyPercent": 0
      },
      {
        "hour": 22,
        "occupancyPercent": 0
      },
      {
        "hour": 23,
        "occupancyPercent": 0
      }
    ],
    "Fr": [
      {
        "hour": 6,
        "occupancyPercent": 0
      },
      {
        "hour": 7,
        "occupancyPercent": 0
      },
      {
        "hour": 8,
        "occupancyPercent": 0
      },
      {
        "hour": 9,
        "occupancyPercent": 0
      },
      {
        "hour": 10,
        "occupancyPercent": 0
      },
      {
        "hour": 11,
        "occupancyPercent": 0
      },
      {
        "hour": 12,
        "occupancyPercent": 19
      },
      {
        "hour": 13,
        "occupancyPercent": 23
      },
      {
        "hour": 14,
        "occupancyPercent": 27
      },
      {
        "hour": 15,
        "occupancyPercent": 26
      },
      {
        "hour": 16,
        "occupancyPercent": 27
      },
      {
        "hour": 17,
        "occupancyPercent": 57
      },
      {
        "hour": 18,
        "occupancyPercent": 100
      },
      {
        "hour": 19,
        "occupancyPercent": 47
      },
      {
        "hour": 20,
        "occupancyPercent": 0
      },
      {
        "hour": 21,
        "occupancyPercent": 0
      },
      {
        "hour": 22,
        "occupancyPercent": 0
      },
      {
        "hour": 23,
        "occupancyPercent": 0
      }
    ],
    "Sa": [
      {
        "hour": 6,
        "occupancyPercent": 0
      },
      {
        "hour": 7,
        "occupancyPercent": 0
      },
      {
        "hour": 8,
        "occupancyPercent": 0
      },
      {
        "hour": 9,
        "occupancyPercent": 0
      },
      {
        "hour": 10,
        "occupancyPercent": 0
      },
      {
        "hour": 11,
        "occupancyPercent": 0
      },
      {
        "hour": 12,
        "occupancyPercent": 27
      },
      {
        "hour": 13,
        "occupancyPercent": 28
      },
      {
        "hour": 14,
        "occupancyPercent": 19
      },
      {
        "hour": 15,
        "occupancyPercent": 12
      },
      {
        "hour": 16,
        "occupancyPercent": 23
      },
      {
        "hour": 17,
        "occupancyPercent": 66
      },
      {
        "hour": 18,
        "occupancyPercent": 87
      },
      {
        "hour": 19,
        "occupancyPercent": 47
      },
      {
        "hour": 20,
        "occupancyPercent": 0
      },
      {
        "hour": 21,
        "occupancyPercent": 0
      },
      {
        "hour": 22,
        "occupancyPercent": 0
      },
      {
        "hour": 23,
        "occupancyPercent": 0
      }
    ]
  },
  "openingHours": [
    {
      "day": "Tuesday,",
      "hours": "Closed"
    },
    {
      "day": "Wednesday,",
      "hours": "4 to 8PM"
    },
    {
      "day": "Thursday,",
      "hours": "12 to 8PM"
    },
    {
      "day": "Friday,",
      "hours": "12 to 8PM"
    },
    {
      "day": "Saturday,",
      "hours": "12 to 8PM"
    },
    {
      "day": "Sunday,",
      "hours": "12 to 8PM"
    },
    {
      "day": "Monday,",
      "hours": "Closed"
    }
  ],
  "additionalInfo": {
    "Service options": [
      {
        "Delivery": true
      },
      {
        "Takeaway": true
      }
    ]
  },
  "reviewsCount": 143,
  "reviewsDistribution": {
    "oneStar": 1,
    "twoStar": 0,
    "threeStar": 11,
    "fourStar": 32,
    "fiveStar": 99
  },
  "reviews": [],
  "orderBy": []
}