{
  "title": "Pizza Hut Ringwood",
  "subTitle": null,
  "price": "$",
  "menu": null,
  "categoryName": "Pizza restaurant",
  "address": "79 Bedford Rd, Ringwood VIC 3134, Australia",
  "locatedIn": null,
  "neighborhood": "79 Bedford Rd",
  "street": "79 Bedford Rd",
  "city": "Ringwood",
  "postalCode": "3134",
  "state": "Victoria",
  "countryCode": "AU",
  "plusCode": "56JV+G7 Ringwood, Victoria, Australia",
  "website": "https://www.pizzahut.com.au/stores/pizza-hut-ringwood/?utm_source=Yext&utm_medium=Yext&utm_campaign=PizzaHutRingwoodWebsite&y_source=1_MTE5MDU2NDUtNzE1LWxvY2F0aW9uLndlYnNpdGU%3D",
  "phone": "+61 131166",
  "temporarilyClosed": false,
  "location": {
    "lat": -37.8186582,
    "lng": 145.2432205
  },
  "permanentlyClosed": false,
  "totalScore": 3.3,
  "isAdvertisement": false,
  "rank": 20,
  "placeId": "ChIJA9p4hZ9F1moRhM7Kgt8I2T0",
  "categories": [
    "Pizza restaurant",
    "Pizza delivery",
    "Pizza takeaway",
    "Restaurant"
  ],
  "cid": "4456603062324874884",
  "url": "https://www.google.com/maps/place/Pizza+Hut+Ringwood/@-37.8186582,145.2432205,17z/data=!3m1!4b1!4m5!3m4!1s0x6ad6459f8578da03:0x3dd908df82cace84!8m2!3d-37.8186545!4d145.2432243?hl=en",
  "searchPageUrl": "https://www.google.com/maps/search/pizza/@-37.8413092,145.2133993,15z?hl=en",
  "searchString": "pizza",
  "scrapedAt": "2022-08-01T17:09:27.166Z",
  "popularTimesLiveText": null,
  "popularTimesLivePercent": null,
  "popularTimesHistogram": {
    "Su": [
      {
        "hour": 6,
        "occupancyPercent": 0
      },
      {
        "hour": 7,
        "occupancyPercent": 0
      },
      {
        "hour": 8,
        "occupancyPercent": 0
      },
      {
        "hour": 9,
        "occupancyPercent": 0
      },
      {
        "hour": 10,
        "occupancyPercent": 0
      },
      {
        "hour": 11,
        "occupancyPercent": 29
      },
      {
        "hour": 12,
        "occupancyPercent": 45
      },
      {
        "hour": 13,
        "occupancyPercent": 59
      },
      {
        "hour": 14,
        "occupancyPercent": 67
      },
      {
        "hour": 15,
        "occupancyPercent": 69
      },
      {
        "hour": 16,
        "occupancyPercent": 67
      },
      {
        "hour": 17,
        "occupancyPercent": 67
      },
      {
        "hour": 18,
        "occupancyPercent": 69
      },
      {
        "hour": 19,
        "occupancyPercent": 71
      },
      {
        "hour": 20,
        "occupancyPercent": 68
      },
      {
        "hour": 21,
        "occupancyPercent": 56
      },
      {
        "hour": 22,
        "occupancyPercent": 38
      },
      {
        "hour": 23,
        "occupancyPercent": 0
      }
    ],
    "Mo": [
      {
        "hour": 6,
        "occupancyPercent": 0
      },
      {
        "hour": 7,
        "occupancyPercent": 0
      },
      {
        "hour": 8,
        "occupancyPercent": 0
      },
      {
        "hour": 9,
        "occupancyPercent": 0
      },
      {
        "hour": 10,
        "occupancyPercent": 0
      },
      {
        "hour": 11,
        "occupancyPercent": 4
      },
      {
        "hour": 12,
        "occupancyPercent": 20
      },
      {
        "hour": 13,
        "occupancyPercent": 27
      },
      {
        "hour": 14,
        "occupancyPercent": 23
      },
      {
        "hour": 15,
        "occupancyPercent": 25
      },
      {
        "hour": 16,
        "occupancyPercent": 32
      },
      {
        "hour": 17,
        "occupancyPercent": 36
      },
      {
        "hour": 18,
        "occupancyPercent": 32
      },
      {
        "hour": 19,
        "occupancyPercent": 23
      },
      {
        "hour": 20,
        "occupancyPercent": 14
      },
      {
        "hour": 21,
        "occupancyPercent": 6
      },
      {
        "hour": 22,
        "occupancyPercent": 0
      },
      {
        "hour": 23,
        "occupancyPercent": 0
      }
    ],
    "Tu": [
      {
        "hour": 6,
        "occupancyPercent": 0
      },
      {
        "hour": 7,
        "occupancyPercent": 0
      },
      {
        "hour": 8,
        "occupancyPercent": 0
      },
      {
        "hour": 9,
        "occupancyPercent": 0
      },
      {
        "hour": 10,
        "occupancyPercent": 0
      },
      {
        "hour": 11,
        "occupancyPercent": 15
      },
      {
        "hour": 12,
        "occupancyPercent": 34
      },
      {
        "hour": 13,
        "occupancyPercent": 41
      },
      {
        "hour": 14,
        "occupancyPercent": 34
      },
      {
        "hour": 15,
        "occupancyPercent": 31
      },
      {
        "hour": 16,
        "occupancyPercent": 46
      },
      {
        "hour": 17,
        "occupancyPercent": 68
      },
      {
        "hour": 18,
        "occupancyPercent": 82
      },
      {
        "hour": 19,
        "occupancyPercent": 80
      },
      {
        "hour": 20,
        "occupancyPercent": 62
      },
      {
        "hour": 21,
        "occupancyPercent": 39
      },
      {
        "hour": 22,
        "occupancyPercent": 19
      },
      {
        "hour": 23,
        "occupancyPercent": 0
      }
    ],
    "We": [
      {
        "hour": 6,
        "occupancyPercent": 0
      },
      {
        "hour": 7,
        "occupancyPercent": 0
      },
      {
        "hour": 8,
        "occupancyPercent": 0
      },
      {
        "hour": 9,
        "occupancyPercent": 0
      },
      {
        "hour": 10,
        "occupancyPercent": 0
      },
      {
        "hour": 11,
        "occupancyPercent": 17
      },
      {
        "hour": 12,
        "occupancyPercent": 37
      },
      {
        "hour": 13,
        "occupancyPercent": 45
      },
      {
        "hour": 14,
        "occupancyPercent": 43
      },
      {
        "hour": 15,
        "occupancyPercent": 49
      },
      {
        "hour": 16,
        "occupancyPercent": 68
      },
      {
        "hour": 17,
        "occupancyPercent": 89
      },
      {
        "hour": 18,
        "occupancyPercent": 100
      },
      {
        "hour": 19,
        "occupancyPercent": 93
      },
      {
        "hour": 20,
        "occupancyPercent": 73
      },
      {
        "hour": 21,
        "occupancyPercent": 49
      },
      {
        "hour": 22,
        "occupancyPercent": 27
      },
      {
        "hour": 23,
        "occupancyPercent": 0
      }
    ],
    "Th": [
      {
        "hour": 6,
        "occupancyPercent": 0
      },
      {
        "hour": 7,
        "occupancyPercent": 0
      },
      {
        "hour": 8,
        "occupancyPercent": 0
      },
      {
        "hour": 9,
        "occupancyPercent": 0
      },
      {
        "hour": 10,
        "occupancyPercent": 0
      },
      {
        "hour": 11,
        "occupancyPercent": 5
      },
      {
        "hour": 12,
        "occupancyPercent": 18
      },
      {
        "hour": 13,
        "occupancyPercent": 28
      },
      {
        "hour": 14,
        "occupancyPercent": 26
      },
      {
        "hour": 15,
        "occupancyPercent": 28
      },
      {
        "hour": 16,
        "occupancyPercent": 42
      },
      {
        "hour": 17,
        "occupancyPercent": 57
      },
      {
        "hour": 18,
        "occupancyPercent": 62
      },
      {
        "hour": 19,
        "occupancyPercent": 56
      },
      {
        "hour": 20,
        "occupancyPercent": 39
      },
      {
        "hour": 21,
        "occupancyPercent": 23
      },
      {
        "hour": 22,
        "occupancyPercent": 9
      },
      {
        "hour": 23,
        "occupancyPercent": 0
      }
    ],
    "Fr": [
      {
        "hour": 6,
        "occupancyPercent": 0
      },
      {
        "hour": 7,
        "occupancyPercent": 0
      },
      {
        "hour": 8,
        "occupancyPercent": 0
      },
      {
        "hour": 9,
        "occupancyPercent": 0
      },
      {
        "hour": 10,
        "occupancyPercent": 0
      },
      {
        "hour": 11,
        "occupancyPercent": 4
      },
      {
        "hour": 12,
        "occupancyPercent": 6
      },
      {
        "hour": 13,
        "occupancyPercent": 8
      },
      {
        "hour": 14,
        "occupancyPercent": 12
      },
      {
        "hour": 15,
        "occupancyPercent": 18
      },
      {
        "hour": 16,
        "occupancyPercent": 32
      },
      {
        "hour": 17,
        "occupancyPercent": 54
      },
      {
        "hour": 18,
        "occupancyPercent": 75
      },
      {
        "hour": 19,
        "occupancyPercent": 83
      },
      {
        "hour": 20,
        "occupancyPercent": 73
      },
      {
        "hour": 21,
        "occupancyPercent": 56
      },
      {
        "hour": 22,
        "occupancyPercent": 41
      },
      {
        "hour": 23,
        "occupancyPercent": 38
      },
      {
        "hour": 0,
        "occupancyPercent": 39
      },
      {
        "hour": 1,
        "occupancyPercent": 36
      },
      {
        "hour": 2,
        "occupancyPercent": 26
      }
    ],
    "Sa": [
      {
        "hour": 6,
        "occupancyPercent": 0
      },
      {
        "hour": 7,
        "occupancyPercent": 0
      },
      {
        "hour": 8,
        "occupancyPercent": 0
      },
      {
        "hour": 9,
        "occupancyPercent": 0
      },
      {
        "hour": 10,
        "occupancyPercent": 0
      },
      {
        "hour": 11,
        "occupancyPercent": 20
      },
      {
        "hour": 12,
        "occupancyPercent": 43
      },
      {
        "hour": 13,
        "occupancyPercent": 54
      },
      {
        "hour": 14,
        "occupancyPercent": 47
      },
      {
        "hour": 15,
        "occupancyPercent": 40
      },
      {
        "hour": 16,
        "occupancyPercent": 54
      },
      {
        "hour": 17,
        "occupancyPercent": 80
      },
      {
        "hour": 18,
        "occupancyPercent": 98
      },
      {
        "hour": 19,
        "occupancyPercent": 96
      },
      {
        "hour": 20,
        "occupancyPercent": 78
      },
      {
        "hour": 21,
        "occupancyPercent": 58
      },
      {
        "hour": 22,
        "occupancyPercent": 45
      },
      {
        "hour": 23,
        "occupancyPercent": 37
      },
      {
        "hour": 0,
        "occupancyPercent": 32
      },
      {
        "hour": 1,
        "occupancyPercent": 27
      },
      {
        "hour": 2,
        "occupancyPercent": 20
      }
    ]
  },
  "openingHours": [
    {
      "day": "Tuesday,",
      "hours": "11:30AM to 11PM"
    },
    {
      "day": "Wednesday,",
      "hours": "11:30AM to 11PM"
    },
    {
      "day": "Thursday,",
      "hours": "11:30AM to 11PM"
    },
    {
      "day": "Friday,",
      "hours": "11:30AM to 3AM"
    },
    {
      "day": "Saturday,",
      "hours": "11:30AM to 3AM"
    },
    {
      "day": "Sunday,",
      "hours": "11:30AM to 11PM"
    },
    {
      "day": "Monday,",
      "hours": "11:30AM to 10PM"
    }
  ],
  "additionalInfo": {
    "Service options": [
      {
        "No-contact delivery": true
      },
      {
        "Delivery": true
      },
      {
        "Takeaway": true
      },
      {
        "Dine-in": true
      }
    ],
    "Accessibility": [
      {
        "Wheelchair-accessible seating": false
      }
    ],
    "Offerings": [
      {
        "Late-night food": true
      },
      {
        "Vegetarian options": true
      }
    ],
    "Dining options": [
      {
        "Lunch": true
      },
      {
        "Dinner": true
      },
      {
        "Dessert": true
      }
    ],
    "Atmosphere": [
      {
        "Casual": true
      }
    ],
    "Payments": [
      {
        "Debit cards": true
      },
      {
        "NFC mobile payments": true
      }
    ]
  },
  "reviewsCount": 219,
  "reviewsDistribution": {
    "oneStar": 59,
    "twoStar": 16,
    "threeStar": 22,
    "fourStar": 50,
    "fiveStar": 72
  },
  "reviews": [],
  "orderBy": [
    {
      "name": "pizzahut.com.au",
      "url": "http://www.pizzahut.com.au/?utm_source=Yext&utm_medium=Yext&utm_campaign=PizzaHutRingwoodOrderNow&y_source=1_MTE5MDU2NDUtNzE1LWxvY2F0aW9uLm9yZGVyX3VybA%3D%3D"
    },
    {
      "name": "doordash.com",
      "url": "https://www.doordash.com/en-AU/store/wingstreet-by-pizza-hut-ringwood-east-23447348/?utm_campaign=gpa"
    }
  ]
}