{
  "title": "Amalfi Pizza & Pasta Hawthorn",
  "subTitle": null,
  "price": "$$",
  "menu": null,
  "categoryName": "Takeout restaurant",
  "address": "813 Glenferrie Rd, Hawthorn VIC 3122, Australia",
  "locatedIn": null,
  "neighborhood": "813 Glenferrie Rd",
  "street": "813 Glenferrie Rd",
  "city": "Hawthorn",
  "postalCode": "3122",
  "state": "Victoria",
  "countryCode": "AU",
  "plusCode": "52MP+WJ Hawthorn, Victoria, Australia",
  "website": "http://amalfipizza.com.au/hawthorn",
  "phone": "+61 3 9817 1199",
  "temporarilyClosed": false,
  "location": {
    "lat": -37.8152373,
    "lng": 145.0365442
  },
  "permanentlyClosed": false,
  "totalScore": 3.5,
  "isAdvertisement": false,
  "rank": 8,
  "placeId": "ChIJ_SMP1dpD1moRRjgmhkDyknQ",
  "categories": [
    "Takeout restaurant",
    "Italian restaurant"
  ],
  "cid": "8400042613941876806",
  "url": "https://www.google.com/maps/place/Amalfi+Pizza+%26+Pasta+Hawthorn/@-37.8152373,145.0365442,17z/data=!3m1!4b1!4m5!3m4!1s0x6ad643dad50f23fd:0x7492f24086263846!8m2!3d-37.8151722!4d145.0366315?hl=en",
  "searchPageUrl": "https://www.google.com/maps/search/pizza/@-37.8140053,145.0389564,15z?hl=en",
  "searchString": "pizza",
  "scrapedAt": "2022-08-01T17:08:49.922Z",
  "popularTimesLiveText": null,
  "popularTimesLivePercent": null,
  "popularTimesHistogram": {
    "Su": [
      {
        "hour": 6,
        "occupancyPercent": 0
      },
      {
        "hour": 7,
        "occupancyPercent": 0
      },
      {
        "hour": 8,
        "occupancyPercent": 0
      },
      {
        "hour": 9,
        "occupancyPercent": 0
      },
      {
        "hour": 10,
        "occupancyPercent": 0
      },
      {
        "hour": 11,
        "occupancyPercent": 0
      },
      {
        "hour": 12,
        "occupancyPercent": 0
      },
      {
        "hour": 13,
        "occupancyPercent": 0
      },
      {
        "hour": 14,
        "occupancyPercent": 0
      },
      {
        "hour": 15,
        "occupancyPercent": 0
      },
      {
        "hour": 16,
        "occupancyPercent": 0
      },
      {
        "hour": 17,
        "occupancyPercent": 5
      },
      {
        "hour": 18,
        "occupancyPercent": 5
      },
      {
        "hour": 19,
        "occupancyPercent": 8
      },
      {
        "hour": 20,
        "occupancyPercent": 17
      },
      {
        "hour": 21,
        "occupancyPercent": 29
      },
      {
        "hour": 22,
        "occupancyPercent": 32
      },
      {
        "hour": 23,
        "occupancyPercent": 29
      },
      {
        "hour": 0,
        "occupancyPercent": 20
      },
      {
        "hour": 1,
        "occupancyPercent": 8
      },
      {
        "hour": 2,
        "occupancyPercent": 2
      }
    ],
    "Mo": [
      {
        "hour": 6,
        "occupancyPercent": 0
      },
      {
        "hour": 7,
        "occupancyPercent": 0
      },
      {
        "hour": 8,
        "occupancyPercent": 0
      },
      {
        "hour": 9,
        "occupancyPercent": 0
      },
      {
        "hour": 10,
        "occupancyPercent": 0
      },
      {
        "hour": 11,
        "occupancyPercent": 0
      },
      {
        "hour": 12,
        "occupancyPercent": 0
      },
      {
        "hour": 13,
        "occupancyPercent": 0
      },
      {
        "hour": 14,
        "occupancyPercent": 0
      },
      {
        "hour": 15,
        "occupancyPercent": 0
      },
      {
        "hour": 16,
        "occupancyPercent": 0
      },
      {
        "hour": 17,
        "occupancyPercent": 41
      },
      {
        "hour": 18,
        "occupancyPercent": 73
      },
      {
        "hour": 19,
        "occupancyPercent": 82
      },
      {
        "hour": 20,
        "occupancyPercent": 61
      },
      {
        "hour": 21,
        "occupancyPercent": 44
      },
      {
        "hour": 22,
        "occupancyPercent": 41
      },
      {
        "hour": 23,
        "occupancyPercent": 44
      },
      {
        "hour": 0,
        "occupancyPercent": 35
      },
      {
        "hour": 1,
        "occupancyPercent": 47
      },
      {
        "hour": 2,
        "occupancyPercent": 58
      }
    ],
    "Tu": [
      {
        "hour": 6,
        "occupancyPercent": 0
      },
      {
        "hour": 7,
        "occupancyPercent": 0
      },
      {
        "hour": 8,
        "occupancyPercent": 0
      },
      {
        "hour": 9,
        "occupancyPercent": 0
      },
      {
        "hour": 10,
        "occupancyPercent": 0
      },
      {
        "hour": 11,
        "occupancyPercent": 0
      },
      {
        "hour": 12,
        "occupancyPercent": 0
      },
      {
        "hour": 13,
        "occupancyPercent": 0
      },
      {
        "hour": 14,
        "occupancyPercent": 0
      },
      {
        "hour": 15,
        "occupancyPercent": 0
      },
      {
        "hour": 16,
        "occupancyPercent": 0
      },
      {
        "hour": 17,
        "occupancyPercent": 52
      },
      {
        "hour": 18,
        "occupancyPercent": 79
      },
      {
        "hour": 19,
        "occupancyPercent": 82
      },
      {
        "hour": 20,
        "occupancyPercent": 70
      },
      {
        "hour": 21,
        "occupancyPercent": 76
      },
      {
        "hour": 22,
        "occupancyPercent": 100
      },
      {
        "hour": 23,
        "occupancyPercent": 94
      },
      {
        "hour": 0,
        "occupancyPercent": 70
      },
      {
        "hour": 1,
        "occupancyPercent": 70
      },
      {
        "hour": 2,
        "occupancyPercent": 67
      }
    ],
    "We": [
      {
        "hour": 6,
        "occupancyPercent": 0
      },
      {
        "hour": 7,
        "occupancyPercent": 0
      },
      {
        "hour": 8,
        "occupancyPercent": 0
      },
      {
        "hour": 9,
        "occupancyPercent": 0
      },
      {
        "hour": 10,
        "occupancyPercent": 0
      },
      {
        "hour": 11,
        "occupancyPercent": 0
      },
      {
        "hour": 12,
        "occupancyPercent": 0
      },
      {
        "hour": 13,
        "occupancyPercent": 0
      },
      {
        "hour": 14,
        "occupancyPercent": 0
      },
      {
        "hour": 15,
        "occupancyPercent": 0
      },
      {
        "hour": 16,
        "occupancyPercent": 0
      },
      {
        "hour": 17,
        "occupancyPercent": 35
      },
      {
        "hour": 18,
        "occupancyPercent": 41
      },
      {
        "hour": 19,
        "occupancyPercent": 44
      },
      {
        "hour": 20,
        "occupancyPercent": 44
      },
      {
        "hour": 21,
        "occupancyPercent": 38
      },
      {
        "hour": 22,
        "occupancyPercent": 38
      },
      {
        "hour": 23,
        "occupancyPercent": 41
      },
      {
        "hour": 0,
        "occupancyPercent": 38
      },
      {
        "hour": 1,
        "occupancyPercent": 26
      },
      {
        "hour": 2,
        "occupancyPercent": 11
      }
    ],
    "Th": [
      {
        "hour": 6,
        "occupancyPercent": 0
      },
      {
        "hour": 7,
        "occupancyPercent": 0
      },
      {
        "hour": 8,
        "occupancyPercent": 0
      },
      {
        "hour": 9,
        "occupancyPercent": 0
      },
      {
        "hour": 10,
        "occupancyPercent": 0
      },
      {
        "hour": 11,
        "occupancyPercent": 0
      },
      {
        "hour": 12,
        "occupancyPercent": 0
      },
      {
        "hour": 13,
        "occupancyPercent": 0
      },
      {
        "hour": 14,
        "occupancyPercent": 0
      },
      {
        "hour": 15,
        "occupancyPercent": 0
      },
      {
        "hour": 16,
        "occupancyPercent": 0
      },
      {
        "hour": 17,
        "occupancyPercent": 23
      },
      {
        "hour": 18,
        "occupancyPercent": 35
      },
      {
        "hour": 19,
        "occupancyPercent": 29
      },
      {
        "hour": 20,
        "occupancyPercent": 20
      },
      {
        "hour": 21,
        "occupancyPercent": 23
      },
      {
        "hour": 22,
        "occupancyPercent": 23
      },
      {
        "hour": 23,
        "occupancyPercent": 17
      },
      {
        "hour": 0,
        "occupancyPercent": 23
      },
      {
        "hour": 1,
        "occupancyPercent": 44
      },
      {
        "hour": 2,
        "occupancyPercent": 35
      }
    ],
    "Fr": [
      {
        "hour": 6,
        "occupancyPercent": 0
      },
      {
        "hour": 7,
        "occupancyPercent": 0
      },
      {
        "hour": 8,
        "occupancyPercent": 0
      },
      {
        "hour": 9,
        "occupancyPercent": 0
      },
      {
        "hour": 10,
        "occupancyPercent": 0
      },
      {
        "hour": 11,
        "occupancyPercent": 0
      },
      {
        "hour": 12,
        "occupancyPercent": 0
      },
      {
        "hour": 13,
        "occupancyPercent": 0
      },
      {
        "hour": 14,
        "occupancyPercent": 0
      },
      {
        "hour": 15,
        "occupancyPercent": 0
      },
      {
        "hour": 16,
        "occupancyPercent": 0
      },
      {
        "hour": 17,
        "occupancyPercent": 41
      },
      {
        "hour": 18,
        "occupancyPercent": 52
      },
      {
        "hour": 19,
        "occupancyPercent": 55
      },
      {
        "hour": 20,
        "occupancyPercent": 52
      },
      {
        "hour": 21,
        "occupancyPercent": 41
      },
      {
        "hour": 22,
        "occupancyPercent": 38
      },
      {
        "hour": 23,
        "occupancyPercent": 61
      },
      {
        "hour": 0,
        "occupancyPercent": 76
      },
      {
        "hour": 1,
        "occupancyPercent": 64
      },
      {
        "hour": 2,
        "occupancyPercent": 52
      }
    ],
    "Sa": [
      {
        "hour": 6,
        "occupancyPercent": 0
      },
      {
        "hour": 7,
        "occupancyPercent": 0
      },
      {
        "hour": 8,
        "occupancyPercent": 0
      },
      {
        "hour": 9,
        "occupancyPercent": 0
      },
      {
        "hour": 10,
        "occupancyPercent": 0
      },
      {
        "hour": 11,
        "occupancyPercent": 0
      },
      {
        "hour": 12,
        "occupancyPercent": 0
      },
      {
        "hour": 13,
        "occupancyPercent": 0
      },
      {
        "hour": 14,
        "occupancyPercent": 0
      },
      {
        "hour": 15,
        "occupancyPercent": 0
      },
      {
        "hour": 16,
        "occupancyPercent": 0
      },
      {
        "hour": 17,
        "occupancyPercent": 44
      },
      {
        "hour": 18,
        "occupancyPercent": 52
      },
      {
        "hour": 19,
        "occupancyPercent": 55
      },
      {
        "hour": 20,
        "occupancyPercent": 50
      },
      {
        "hour": 21,
        "occupancyPercent": 41
      },
      {
        "hour": 22,
        "occupancyPercent": 32
      },
      {
        "hour": 23,
        "occupancyPercent": 38
      },
      {
        "hour": 0,
        "occupancyPercent": 50
      },
      {
        "hour": 1,
        "occupancyPercent": 55
      },
      {
        "hour": 2,
        "occupancyPercent": 41
      }
    ]
  },
  "openingHours": [
    {
      "day": "Tuesday,",
      "hours": "5PM to 3AM"
    },
    {
      "day": "Wednesday,",
      "hours": "5PM to 3AM"
    },
    {
      "day": "Thursday,",
      "hours": "5PM to 3AM"
    },
    {
      "day": "Friday,",
      "hours": "5PM to 3AM"
    },
    {
      "day": "Saturday,",
      "hours": "5PM to 3AM"
    },
    {
      "day": "Sunday,",
      "hours": "5PM to 3AM"
    },
    {
      "day": "Monday,",
      "hours": "5PM to 3AM"
    }
  ],
  "additionalInfo": {
    "Service options": [
      {
        "No-contact delivery": true
      },
      {
        "Delivery": true
      },
      {
        "Takeaway": true
      }
    ],
    "Accessibility": [
      {
        "Wheelchair-accessible car park": true
      },
      {
        "Wheelchair-accessible entrance": true
      },
      {
        "Wheelchair-accessible seating": true
      }
    ],
    "Offerings": [
      {
        "Alcohol": true
      },
      {
        "Late-night food": true
      },
      {
        "Vegetarian options": true
      }
    ],
    "Dining options": [
      {
        "Dinner": true
      },
      {
        "Dessert": true
      },
      {
        "Seating": true
      }
    ],
    "Amenities": [
      {
        "Good for kids": true
      }
    ],
    "Atmosphere": [
      {
        "Casual": true
      }
    ],
    "Crowd": [
      {
        "Family friendly": true
      }
    ],
    "Payments": [
      {
        "Debit cards": true
      },
      {
        "NFC mobile payments": true
      },
      {
        "Credit cards": true
      }
    ]
  },
  "reviewsCount": 243,
  "reviewsDistribution": {
    "oneStar": 71,
    "twoStar": 9,
    "threeStar": 11,
    "fourStar": 28,
    "fiveStar": 124
  },
  "reviews": [],
  "orderBy": [
    {
      "name": "amalfipizza.com.au",
      "url": "http://amalfipizza.com.au/hawthorn/"
    },
    {
      "name": "deliveroo.com.au",
      "url": "https://deliveroo.com.au/menu/melbourne/hawthorn/il-amalfi-pizza-and-pasta?utm_medium=affiliate&utm_source=google_maps_link"
    },
    {
      "name": "doordash.com",
      "url": "https://www.doordash.com/en-AU/store/amalfi-pizza-and-pasta-hawthorn-675972/?utm_campaign=gpa"
    },
    {
      "name": "menulog.com.au",
      "url": "https://www.menulog.com.au/restaurants-amalfi-pizza-pasta-hawthorn/menu?utm_source=google&utm_medium=organic&utm_campaign=orderaction"
    }
  ]
}