{
  "title": "Pizza A Casa",
  "subTitle": null,
  "price": null,
  "menu": null,
  "categoryName": "Pizza takeaway",
  "address": "24 Were St, Montmorency VIC 3094, Australia",
  "locatedIn": null,
  "neighborhood": "24 Were St",
  "street": "24 Were St",
  "city": "Montmorency",
  "postalCode": "3094",
  "state": "Victoria",
  "countryCode": "AU",
  "plusCode": "74MC+7G Montmorency, Victoria, Australia",
  "website": "http://www.pizzacasa.com.au/",
  "phone": "+61 3 9434 3444",
  "temporarilyClosed": false,
  "location": {
    "lat": -37.716792,
    "lng": 145.121335
  },
  "permanentlyClosed": false,
  "totalScore": 4.3,
  "isAdvertisement": false,
  "rank": 2,
  "placeId": "ChIJj-62BhZI1moRMY704ORXAt0",
  "categories": [
    "Pizza restaurant",
    "Italian restaurant",
    "Meal delivery",
    "Pizza takeaway"
  ],
  "cid": "15925387872873778737",
  "url": "https://www.google.com/maps/place/Pizza+A+Casa/@-37.716792,145.121335,17z/data=!3m1!4b1!4m5!3m4!1s0x6ad6481606b6ee8f:0xdd0257e4e0f48e31!8m2!3d-37.7167907!4d145.1213419?hl=en",
  "searchPageUrl": "https://www.google.com/maps/search/pizza/@-37.7320935,145.1087335,15z?hl=en",
  "searchString": "pizza",
  "scrapedAt": "2022-08-01T17:08:22.803Z",
  "openingHours": [
    {
      "day": "Tuesday,",
      "hours": "Closed"
    },
    {
      "day": "Wednesday,",
      "hours": "5 to 9PM"
    },
    {
      "day": "Thursday,",
      "hours": "5 to 9PM"
    },
    {
      "day": "Friday,",
      "hours": "5 to 9PM"
    },
    {
      "day": "Saturday,",
      "hours": "5 to 9PM"
    },
    {
      "day": "Sunday,",
      "hours": "5 to 9PM"
    },
    {
      "day": "Monday,",
      "hours": "Closed"
    }
  ],
  "additionalInfo": {
    "Service options": [
      {
        "Delivery": true
      },
      {
        "Takeaway": true
      },
      {
        "Dine-in": true
      }
    ],
    "Accessibility": [
      {
        "Wheelchair-accessible entrance": false
      },
      {
        "Wheelchair-accessible seating": false
      }
    ],
    "Offerings": [
      {
        "Late-night food": true
      },
      {
        "Vegetarian options": true
      }
    ],
    "Dining options": [
      {
        "Dinner": true
      },
      {
        "Seating": true
      }
    ],
    "Amenities": [
      {
        "Good for kids": true
      }
    ],
    "Atmosphere": [
      {
        "Casual": true
      }
    ],
    "Payments": [
      {
        "Debit cards": true
      },
      {
        "NFC mobile payments": true
      },
      {
        "Credit cards": true
      }
    ]
  },
  "reviewsCount": 83,
  "reviewsDistribution": {
    "oneStar": 7,
    "twoStar": 2,
    "threeStar": 4,
    "fourStar": 13,
    "fiveStar": 57
  },
  "reviews": [],
  "orderBy": [
    {
      "name": "doordash.com",
      "url": "https://www.doordash.com/en-AU/store/pizza-a-casa-montmorency-1151109/?utm_campaign=gpa"
    },
    {
      "name": "menulog.com.au",
      "url": "https://www.menulog.com.au/restaurants-pizza-a-casa/menu?utm_source=google&utm_medium=organic&utm_campaign=orderaction"
    }
  ]
}