{
  "title": "Australian Bakery and Pizza",
  "subTitle": null,
  "price": null,
  "menu": null,
  "categoryName": "Baking supply store",
  "address": "52 Norcal Rd, Nunawading VIC 3131, Australia",
  "locatedIn": null,
  "neighborhood": "52 Norcal Rd",
  "street": "52 Norcal Rd",
  "city": "Nunawading",
  "postalCode": "3131",
  "state": "Victoria",
  "countryCode": "AU",
  "plusCode": "55GJ+78 Nunawading, Victoria, Australia",
  "website": "http://www.abpatlas.com.au/",
  "phone": "+61 3 9878 6900",
  "temporarilyClosed": false,
  "location": {
    "lat": -37.8242582,
    "lng": 145.1807518
  },
  "permanentlyClosed": false,
  "totalScore": 4.8,
  "isAdvertisement": false,
  "rank": 16,
  "placeId": "ChIJh8CturM41moRwUz6A8EqGGY",
  "categories": [
    "Baking supply store"
  ],
  "cid": "7356676999793495233",
  "url": "https://www.google.com/maps/place/Australian+Bakery+and+Pizza/@-37.8242582,145.1807518,17z/data=!3m1!4b1!4m5!3m4!1s0x6ad638b3baadc087:0x66182ac103fa4cc1!8m2!3d-37.8242582!4d145.1807518?hl=en",
  "searchPageUrl": "https://www.google.com/maps/search/a+pizza/@-37.8140053,145.1785107,15z?hl=en",
  "searchString": "a pizza",
  "scrapedAt": "2022-08-01T17:14:31.861Z",
  "popularTimesLiveText": null,
  "popularTimesLivePercent": null,
  "popularTimesHistogram": {
    "Su": [],
    "Mo": [
      {
        "hour": 6,
        "occupancyPercent": 0
      },
      {
        "hour": 7,
        "occupancyPercent": 0
      },
      {
        "hour": 8,
        "occupancyPercent": 0
      },
      {
        "hour": 9,
        "occupancyPercent": 54
      },
      {
        "hour": 10,
        "occupancyPercent": 65
      },
      {
        "hour": 11,
        "occupancyPercent": 60
      },
      {
        "hour": 12,
        "occupancyPercent": 44
      },
      {
        "hour": 13,
        "occupancyPercent": 39
      },
      {
        "hour": 14,
        "occupancyPercent": 52
      },
      {
        "hour": 15,
        "occupancyPercent": 64
      },
      {
        "hour": 16,
        "occupancyPercent": 56
      },
      {
        "hour": 17,
        "occupancyPercent": 30
      },
      {
        "hour": 18,
        "occupancyPercent": 0
      },
      {
        "hour": 19,
        "occupancyPercent": 0
      },
      {
        "hour": 20,
        "occupancyPercent": 0
      },
      {
        "hour": 21,
        "occupancyPercent": 0
      },
      {
        "hour": 22,
        "occupancyPercent": 0
      },
      {
        "hour": 23,
        "occupancyPercent": 0
      }
    ],
    "Tu": [
      {
        "hour": 6,
        "occupancyPercent": 0
      },
      {
        "hour": 7,
        "occupancyPercent": 0
      },
      {
        "hour": 8,
        "occupancyPercent": 0
      },
      {
        "hour": 9,
        "occupancyPercent": 42
      },
      {
        "hour": 10,
        "occupancyPercent": 79
      },
      {
        "hour": 11,
        "occupancyPercent": 93
      },
      {
        "hour": 12,
        "occupancyPercent": 73
      },
      {
        "hour": 13,
        "occupancyPercent": 58
      },
      {
        "hour": 14,
        "occupancyPercent": 78
      },
      {
        "hour": 15,
        "occupancyPercent": 100
      },
      {
        "hour": 16,
        "occupancyPercent": 79
      },
      {
        "hour": 17,
        "occupancyPercent": 37
      },
      {
        "hour": 18,
        "occupancyPercent": 0
      },
      {
        "hour": 19,
        "occupancyPercent": 0
      },
      {
        "hour": 20,
        "occupancyPercent": 0
      },
      {
        "hour": 21,
        "occupancyPercent": 0
      },
      {
        "hour": 22,
        "occupancyPercent": 0
      },
      {
        "hour": 23,
        "occupancyPercent": 0
      }
    ],
    "We": [
      {
        "hour": 6,
        "occupancyPercent": 0
      },
      {
        "hour": 7,
        "occupancyPercent": 0
      },
      {
        "hour": 8,
        "occupancyPercent": 0
      },
      {
        "hour": 9,
        "occupancyPercent": 65
      },
      {
        "hour": 10,
        "occupancyPercent": 63
      },
      {
        "hour": 11,
        "occupancyPercent": 47
      },
      {
        "hour": 12,
        "occupancyPercent": 65
      },
      {
        "hour": 13,
        "occupancyPercent": 80
      },
      {
        "hour": 14,
        "occupancyPercent": 75
      },
      {
        "hour": 15,
        "occupancyPercent": 88
      },
      {
        "hour": 16,
        "occupancyPercent": 80
      },
      {
        "hour": 17,
        "occupancyPercent": 27
      },
      {
        "hour": 18,
        "occupancyPercent": 0
      },
      {
        "hour": 19,
        "occupancyPercent": 0
      },
      {
        "hour": 20,
        "occupancyPercent": 0
      },
      {
        "hour": 21,
        "occupancyPercent": 0
      },
      {
        "hour": 22,
        "occupancyPercent": 0
      },
      {
        "hour": 23,
        "occupancyPercent": 0
      }
    ],
    "Th": [
      {
        "hour": 6,
        "occupancyPercent": 0
      },
      {
        "hour": 7,
        "occupancyPercent": 0
      },
      {
        "hour": 8,
        "occupancyPercent": 0
      },
      {
        "hour": 9,
        "occupancyPercent": 55
      },
      {
        "hour": 10,
        "occupancyPercent": 84
      },
      {
        "hour": 11,
        "occupancyPercent": 89
      },
      {
        "hour": 12,
        "occupancyPercent": 65
      },
      {
        "hour": 13,
        "occupancyPercent": 45
      },
      {
        "hour": 14,
        "occupancyPercent": 59
      },
      {
        "hour": 15,
        "occupancyPercent": 89
      },
      {
        "hour": 16,
        "occupancyPercent": 82
      },
      {
        "hour": 17,
        "occupancyPercent": 41
      },
      {
        "hour": 18,
        "occupancyPercent": 0
      },
      {
        "hour": 19,
        "occupancyPercent": 0
      },
      {
        "hour": 20,
        "occupancyPercent": 0
      },
      {
        "hour": 21,
        "occupancyPercent": 0
      },
      {
        "hour": 22,
        "occupancyPercent": 0
      },
      {
        "hour": 23,
        "occupancyPercent": 0
      }
    ],
    "Fr": [
      {
        "hour": 6,
        "occupancyPercent": 0
      },
      {
        "hour": 7,
        "occupancyPercent": 0
      },
      {
        "hour": 8,
        "occupancyPercent": 0
      },
      {
        "hour": 9,
        "occupancyPercent": 72
      },
      {
        "hour": 10,
        "occupancyPercent": 71
      },
      {
        "hour": 11,
        "occupancyPercent": 54
      },
      {
        "hour": 12,
        "occupancyPercent": 65
      },
      {
        "hour": 13,
        "occupancyPercent": 69
      },
      {
        "hour": 14,
        "occupancyPercent": 52
      },
      {
        "hour": 15,
        "occupancyPercent": 59
      },
      {
        "hour": 16,
        "occupancyPercent": 69
      },
      {
        "hour": 17,
        "occupancyPercent": 31
      },
      {
        "hour": 18,
        "occupancyPercent": 0
      },
      {
        "hour": 19,
        "occupancyPercent": 0
      },
      {
        "hour": 20,
        "occupancyPercent": 0
      },
      {
        "hour": 21,
        "occupancyPercent": 0
      },
      {
        "hour": 22,
        "occupancyPercent": 0
      },
      {
        "hour": 23,
        "occupancyPercent": 0
      }
    ],
    "Sa": []
  },
  "openingHours": [
    {
      "day": "Tuesday,",
      "hours": "9AM to 5:30PM"
    },
    {
      "day": "Wednesday,",
      "hours": "9AM to 5:30PM"
    },
    {
      "day": "Thursday,",
      "hours": "9AM to 5:30PM"
    },
    {
      "day": "Friday,",
      "hours": "9AM to 5:30PM"
    },
    {
      "day": "Saturday,",
      "hours": "Closed"
    },
    {
      "day": "Sunday,",
      "hours": "Closed"
    },
    {
      "day": "Monday,",
      "hours": "9AM to 5:30PM"
    }
  ],
  "additionalInfo": {
    "Service options": [
      {
        "In-store pick-up": true
      }
    ],
    "Accessibility": [
      {
        "Wheelchair-accessible car park": true
      },
      {
        "Wheelchair-accessible entrance": true
      }
    ],
    "Payments": [
      {
        "NFC mobile payments": true
      }
    ]
  },
  "reviewsCount": 16,
  "reviewsDistribution": {
    "oneStar": 0,
    "twoStar": 0,
    "threeStar": 0,
    "fourStar": 4,
    "fiveStar": 12
  },
  "reviews": [],
  "orderBy": []
}