{
  "title": "Amalfi Pizza & Pasta Pointcook",
  "subTitle": null,
  "price": null,
  "menu": null,
  "categoryName": "Pizza takeaway",
  "address": "Sanctuary Lakes Shopping Centre, Shop 77, 300 Point Cook Rd, Point Cook VIC 3030, Australia",
  "locatedIn": "Floor G · Sanctuary Lakes Shopping Centre",
  "neighborhood": "Sanctuary Lakes Shopping Centre, Shop 77, 300 Point Cook Rd",
  "street": "Sanctuary Lakes Shopping Centre, Shop 77, 300 Point Cook Rd",
  "city": "Point Cook",
  "postalCode": "3030",
  "state": "VIC",
  "countryCode": "AU",
  "plusCode": "4Q33+J4 Point Cook, Victoria, Australia",
  "website": "https://amalfipizza.com.au/pointcook/",
  "phone": "+61 3 8316 3556",
  "temporarilyClosed": false,
  "location": {
    "lat": -37.8959582,
    "lng": 144.7527681
  },
  "permanentlyClosed": false,
  "totalScore": 3.6,
  "isAdvertisement": false,
  "rank": 10,
  "placeId": "ChIJccBGkYGJ1moRKY2eomF8Tc0",
  "categories": [
    "Pizza takeaway"
  ],
  "cid": "14793617109763919145",
  "url": "https://www.google.com/maps/place/Amalfi+Pizza+%26+Pasta+Pointcook/@-37.8959582,144.7527681,17z/data=!3m1!4b1!4m5!3m4!1s0x6ad689819146c071:0xcd4d7c61a29e8d29!8m2!3d-37.8959582!4d144.7527681?hl=en",
  "searchPageUrl": "https://www.google.com/maps/search/pizza/@-37.9232211,144.7598478,15z?hl=en",
  "searchString": "pizza",
  "scrapedAt": "2022-08-01T17:05:17.792Z",
  "popularTimesLiveText": null,
  "popularTimesLivePercent": null,
  "popularTimesHistogram": {
    "Su": [
      {
        "hour": 4,
        "occupancyPercent": 0
      },
      {
        "hour": 5,
        "occupancyPercent": 2
      },
      {
        "hour": 6,
        "occupancyPercent": 2
      },
      {
        "hour": 7,
        "occupancyPercent": 4
      },
      {
        "hour": 8,
        "occupancyPercent": 4
      },
      {
        "hour": 9,
        "occupancyPercent": 5
      },
      {
        "hour": 10,
        "occupancyPercent": 5
      },
      {
        "hour": 11,
        "occupancyPercent": 6
      },
      {
        "hour": 12,
        "occupancyPercent": 6
      },
      {
        "hour": 13,
        "occupancyPercent": 8
      },
      {
        "hour": 14,
        "occupancyPercent": 9
      },
      {
        "hour": 15,
        "occupancyPercent": 15
      },
      {
        "hour": 16,
        "occupancyPercent": 28
      },
      {
        "hour": 17,
        "occupancyPercent": 46
      },
      {
        "hour": 18,
        "occupancyPercent": 46
      },
      {
        "hour": 19,
        "occupancyPercent": 41
      },
      {
        "hour": 20,
        "occupancyPercent": 41
      },
      {
        "hour": 21,
        "occupancyPercent": 39
      },
      {
        "hour": 22,
        "occupancyPercent": 35
      },
      {
        "hour": 23,
        "occupancyPercent": 27
      },
      {
        "hour": 0,
        "occupancyPercent": 19
      },
      {
        "hour": 1,
        "occupancyPercent": 12
      },
      {
        "hour": 2,
        "occupancyPercent": 8
      }
    ],
    "Mo": [
      {
        "hour": 4,
        "occupancyPercent": 0
      },
      {
        "hour": 5,
        "occupancyPercent": 1
      },
      {
        "hour": 6,
        "occupancyPercent": 1
      },
      {
        "hour": 7,
        "occupancyPercent": 2
      },
      {
        "hour": 8,
        "occupancyPercent": 4
      },
      {
        "hour": 9,
        "occupancyPercent": 4
      },
      {
        "hour": 10,
        "occupancyPercent": 5
      },
      {
        "hour": 11,
        "occupancyPercent": 6
      },
      {
        "hour": 12,
        "occupancyPercent": 8
      },
      {
        "hour": 13,
        "occupancyPercent": 8
      },
      {
        "hour": 14,
        "occupancyPercent": 9
      },
      {
        "hour": 15,
        "occupancyPercent": 12
      },
      {
        "hour": 16,
        "occupancyPercent": 17
      },
      {
        "hour": 17,
        "occupancyPercent": 23
      },
      {
        "hour": 18,
        "occupancyPercent": 30
      },
      {
        "hour": 19,
        "occupancyPercent": 34
      },
      {
        "hour": 20,
        "occupancyPercent": 35
      },
      {
        "hour": 21,
        "occupancyPercent": 34
      },
      {
        "hour": 22,
        "occupancyPercent": 27
      },
      {
        "hour": 23,
        "occupancyPercent": 20
      },
      {
        "hour": 0,
        "occupancyPercent": 13
      },
      {
        "hour": 1,
        "occupancyPercent": 8
      },
      {
        "hour": 2,
        "occupancyPercent": 4
      }
    ],
    "Tu": [
      {
        "hour": 4,
        "occupancyPercent": 0
      },
      {
        "hour": 5,
        "occupancyPercent": 0
      },
      {
        "hour": 6,
        "occupancyPercent": 0
      },
      {
        "hour": 7,
        "occupancyPercent": 1
      },
      {
        "hour": 8,
        "occupancyPercent": 2
      },
      {
        "hour": 9,
        "occupancyPercent": 2
      },
      {
        "hour": 10,
        "occupancyPercent": 4
      },
      {
        "hour": 11,
        "occupancyPercent": 4
      },
      {
        "hour": 12,
        "occupancyPercent": 5
      },
      {
        "hour": 13,
        "occupancyPercent": 5
      },
      {
        "hour": 14,
        "occupancyPercent": 6
      },
      {
        "hour": 15,
        "occupancyPercent": 10
      },
      {
        "hour": 16,
        "occupancyPercent": 17
      },
      {
        "hour": 17,
        "occupancyPercent": 30
      },
      {
        "hour": 18,
        "occupancyPercent": 41
      },
      {
        "hour": 19,
        "occupancyPercent": 43
      },
      {
        "hour": 20,
        "occupancyPercent": 39
      },
      {
        "hour": 21,
        "occupancyPercent": 32
      },
      {
        "hour": 22,
        "occupancyPercent": 30
      },
      {
        "hour": 23,
        "occupancyPercent": 31
      },
      {
        "hour": 0,
        "occupancyPercent": 26
      },
      {
        "hour": 1,
        "occupancyPercent": 16
      },
      {
        "hour": 2,
        "occupancyPercent": 6
      }
    ],
    "We": [
      {
        "hour": 4,
        "occupancyPercent": 0
      },
      {
        "hour": 5,
        "occupancyPercent": 0
      },
      {
        "hour": 6,
        "occupancyPercent": 0
      },
      {
        "hour": 7,
        "occupancyPercent": 1
      },
      {
        "hour": 8,
        "occupancyPercent": 0
      },
      {
        "hour": 9,
        "occupancyPercent": 2
      },
      {
        "hour": 10,
        "occupancyPercent": 4
      },
      {
        "hour": 11,
        "occupancyPercent": 5
      },
      {
        "hour": 12,
        "occupancyPercent": 6
      },
      {
        "hour": 13,
        "occupancyPercent": 8
      },
      {
        "hour": 14,
        "occupancyPercent": 9
      },
      {
        "hour": 15,
        "occupancyPercent": 10
      },
      {
        "hour": 16,
        "occupancyPercent": 16
      },
      {
        "hour": 17,
        "occupancyPercent": 34
      },
      {
        "hour": 18,
        "occupancyPercent": 43
      },
      {
        "hour": 19,
        "occupancyPercent": 31
      },
      {
        "hour": 20,
        "occupancyPercent": 26
      },
      {
        "hour": 21,
        "occupancyPercent": 35
      },
      {
        "hour": 22,
        "occupancyPercent": 41
      },
      {
        "hour": 23,
        "occupancyPercent": 32
      },
      {
        "hour": 0,
        "occupancyPercent": 17
      },
      {
        "hour": 1,
        "occupancyPercent": 6
      },
      {
        "hour": 2,
        "occupancyPercent": 1
      }
    ],
    "Th": [
      {
        "hour": 4,
        "occupancyPercent": 0
      },
      {
        "hour": 5,
        "occupancyPercent": 0
      },
      {
        "hour": 6,
        "occupancyPercent": 0
      },
      {
        "hour": 7,
        "occupancyPercent": 2
      },
      {
        "hour": 8,
        "occupancyPercent": 6
      },
      {
        "hour": 9,
        "occupancyPercent": 9
      },
      {
        "hour": 10,
        "occupancyPercent": 12
      },
      {
        "hour": 11,
        "occupancyPercent": 10
      },
      {
        "hour": 12,
        "occupancyPercent": 8
      },
      {
        "hour": 13,
        "occupancyPercent": 4
      },
      {
        "hour": 14,
        "occupancyPercent": 4
      },
      {
        "hour": 15,
        "occupancyPercent": 8
      },
      {
        "hour": 16,
        "occupancyPercent": 17
      },
      {
        "hour": 17,
        "occupancyPercent": 34
      },
      {
        "hour": 18,
        "occupancyPercent": 47
      },
      {
        "hour": 19,
        "occupancyPercent": 53
      },
      {
        "hour": 20,
        "occupancyPercent": 45
      },
      {
        "hour": 21,
        "occupancyPercent": 30
      },
      {
        "hour": 22,
        "occupancyPercent": 15
      },
      {
        "hour": 23,
        "occupancyPercent": 9
      },
      {
        "hour": 0,
        "occupancyPercent": 20
      },
      {
        "hour": 1,
        "occupancyPercent": 28
      },
      {
        "hour": 2,
        "occupancyPercent": 12
      }
    ],
    "Fr": [
      {
        "hour": 4,
        "occupancyPercent": 0
      },
      {
        "hour": 5,
        "occupancyPercent": 0
      },
      {
        "hour": 6,
        "occupancyPercent": 0
      },
      {
        "hour": 7,
        "occupancyPercent": 0
      },
      {
        "hour": 8,
        "occupancyPercent": 0
      },
      {
        "hour": 9,
        "occupancyPercent": 2
      },
      {
        "hour": 10,
        "occupancyPercent": 5
      },
      {
        "hour": 11,
        "occupancyPercent": 9
      },
      {
        "hour": 12,
        "occupancyPercent": 13
      },
      {
        "hour": 13,
        "occupancyPercent": 15
      },
      {
        "hour": 14,
        "occupancyPercent": 13
      },
      {
        "hour": 15,
        "occupancyPercent": 10
      },
      {
        "hour": 16,
        "occupancyPercent": 12
      },
      {
        "hour": 17,
        "occupancyPercent": 23
      },
      {
        "hour": 18,
        "occupancyPercent": 41
      },
      {
        "hour": 19,
        "occupancyPercent": 47
      },
      {
        "hour": 20,
        "occupancyPercent": 35
      },
      {
        "hour": 21,
        "occupancyPercent": 17
      },
      {
        "hour": 22,
        "occupancyPercent": 8
      },
      {
        "hour": 23,
        "occupancyPercent": 20
      },
      {
        "hour": 0,
        "occupancyPercent": 35
      },
      {
        "hour": 1,
        "occupancyPercent": 21
      },
      {
        "hour": 2,
        "occupancyPercent": 4
      }
    ],
    "Sa": [
      {
        "hour": 4,
        "occupancyPercent": 0
      },
      {
        "hour": 5,
        "occupancyPercent": 0
      },
      {
        "hour": 6,
        "occupancyPercent": 0
      },
      {
        "hour": 7,
        "occupancyPercent": 1
      },
      {
        "hour": 8,
        "occupancyPercent": 2
      },
      {
        "hour": 9,
        "occupancyPercent": 5
      },
      {
        "hour": 10,
        "occupancyPercent": 6
      },
      {
        "hour": 11,
        "occupancyPercent": 8
      },
      {
        "hour": 12,
        "occupancyPercent": 9
      },
      {
        "hour": 13,
        "occupancyPercent": 9
      },
      {
        "hour": 14,
        "occupancyPercent": 10
      },
      {
        "hour": 15,
        "occupancyPercent": 20
      },
      {
        "hour": 16,
        "occupancyPercent": 39
      },
      {
        "hour": 17,
        "occupancyPercent": 67
      },
      {
        "hour": 18,
        "occupancyPercent": 91
      },
      {
        "hour": 19,
        "occupancyPercent": 100
      },
      {
        "hour": 20,
        "occupancyPercent": 84
      },
      {
        "hour": 21,
        "occupancyPercent": 56
      },
      {
        "hour": 22,
        "occupancyPercent": 30
      },
      {
        "hour": 23,
        "occupancyPercent": 20
      },
      {
        "hour": 0,
        "occupancyPercent": 39
      },
      {
        "hour": 1,
        "occupancyPercent": 53
      },
      {
        "hour": 2,
        "occupancyPercent": 26
      }
    ]
  },
  "openingHours": [
    {
      "day": "Tuesday,",
      "hours": "5AM to 3AM"
    },
    {
      "day": "Wednesday,",
      "hours": "5AM to 3AM"
    },
    {
      "day": "Thursday,",
      "hours": "5AM to 3AM"
    },
    {
      "day": "Friday,",
      "hours": "5AM to 3AM"
    },
    {
      "day": "Saturday,",
      "hours": "5AM to 3AM"
    },
    {
      "day": "Sunday,",
      "hours": "5AM to 3AM"
    },
    {
      "day": "Monday,",
      "hours": "5AM to 3AM"
    }
  ],
  "additionalInfo": {
    "Service options": [
      {
        "Delivery": true
      },
      {
        "Takeaway": true
      }
    ],
    "Accessibility": [
      {
        "Wheelchair-accessible car park": true
      },
      {
        "Wheelchair-accessible entrance": true
      }
    ],
    "Offerings": [
      {
        "Late-night food": true
      }
    ],
    "Dining options": [
      {
        "Dinner": true
      },
      {
        "Dessert": true
      }
    ],
    "Amenities": [
      {
        "Good for kids": true
      }
    ],
    "Atmosphere": [
      {
        "Casual": true
      }
    ],
    "Payments": [
      {
        "NFC mobile payments": true
      }
    ]
  },
  "reviewsCount": 71,
  "reviewsDistribution": {
    "oneStar": 23,
    "twoStar": 1,
    "threeStar": 2,
    "fourStar": 3,
    "fiveStar": 42
  },
  "reviews": [],
  "orderBy": [
    {
      "name": "amalfipizza.com.au",
      "url": "https://amalfipizza.com.au/pointcook/"
    },
    {
      "name": "deliveroo.com.au",
      "url": "https://deliveroo.com.au/menu/melbourne/point-cook/amalfi-pizza-point-cook?utm_medium=affiliate&utm_source=google_maps_link"
    },
    {
      "name": "doordash.com",
      "url": "https://www.doordash.com/en-AU/store/amalfi-pizza-and-pasta-point-cook-1325772/?utm_campaign=gpa"
    },
    {
      "name": "menulog.com.au",
      "url": "https://www.menulog.com.au/restaurants-amalfi-pizza-pasta-point-cook/menu?utm_source=google&utm_medium=organic&utm_campaign=orderaction"
    }
  ]
}