{
  "title": "Local Pizza Plus",
  "subTitle": null,
  "price": null,
  "menu": null,
  "categoryName": "Pizza delivery",
  "address": "2 Murray Rd, Coburg VIC 3058, Australia",
  "locatedIn": null,
  "neighborhood": "2 Murray Rd",
  "street": "2 Murray Rd",
  "city": "Coburg",
  "postalCode": "3058",
  "state": "Victoria",
  "countryCode": "AU",
  "plusCode": "7X7M+M3 Coburg, Victoria, Australia",
  "website": "https://ozfoodhunter.com.au/local-pizza-plus",
  "phone": "+61 3 9354 8488",
  "temporarilyClosed": false,
  "location": {
    "lat": -37.735774,
    "lng": 144.9826888
  },
  "permanentlyClosed": true,
  "totalScore": 4,
  "isAdvertisement": false,
  "rank": 16,
  "placeId": "ChIJOxVfu8JE1moR9Xn2IZt7CEc",
  "categories": [
    "Pizza restaurant",
    "Convenience store",
    "Italian grocery store",
    "Italian restaurant",
    "Pizza delivery"
  ],
  "cid": "5118476882726517237",
  "url": "https://www.google.com/maps/place/Local+Pizza+Plus/@-37.735774,144.9826888,17z/data=!3m1!4b1!4m5!3m4!1s0x6ad644c2bb5f153b:0x47087b9b21f679f5!8m2!3d-37.735774!4d144.9826888?hl=en",
  "searchPageUrl": "https://www.google.com/maps/search/av+pizza/@-37.5955738,144.8994021,15z?hl=en",
  "searchString": "av pizza",
  "scrapedAt": "2022-08-01T18:32:28.599Z",
  "openingHours": [
    {
      "day": "Tuesday,",
      "hours": "4:30 to 11:30PM"
    },
    {
      "day": "Wednesday,",
      "hours": "4:30 to 11:30PM"
    },
    {
      "day": "Thursday,",
      "hours": "4:30 to 11:30PM"
    },
    {
      "day": "Friday,",
      "hours": "4:30 to 11:30PM"
    },
    {
      "day": "Saturday,",
      "hours": "4:30 to 11:30PM"
    },
    {
      "day": "Sunday,",
      "hours": "4:30 to 11:30PM"
    },
    {
      "day": "Monday,",
      "hours": "Closed"
    }
  ],
  "additionalInfo": {
    "Service options": [
      {
        "Delivery": true
      },
      {
        "Takeaway": true
      }
    ]
  },
  "reviewsCount": 40,
  "reviewsDistribution": {
    "oneStar": 7,
    "twoStar": 3,
    "threeStar": 0,
    "fourStar": 3,
    "fiveStar": 27
  },
  "reviews": [],
  "orderBy": []
}