{
  "title": "Billy Boys Pizza",
  "subTitle": null,
  "price": null,
  "menu": null,
  "categoryName": "Pizza restaurant",
  "address": "89/91 Balcombe Rd, Mentone VIC 3194, Australia",
  "locatedIn": null,
  "neighborhood": "89/91 Balcombe Rd",
  "street": "89/91 Balcombe Rd",
  "city": "Mentone",
  "postalCode": "3194",
  "state": "Victoria",
  "countryCode": "AU",
  "plusCode": "2397+CC Mentone, Victoria, Australia",
  "website": null,
  "phone": null,
  "temporarilyClosed": false,
  "location": {
    "lat": -37.981392,
    "lng": 145.063547
  },
  "permanentlyClosed": true,
  "totalScore": 5,
  "isAdvertisement": false,
  "rank": 18,
  "placeId": "ChIJmVj5Nsxt1moRa3wVZnD41N4",
  "categories": [
    "Pizza restaurant"
  ],
  "cid": "16056731733115370603",
  "url": "https://www.google.com/maps/place/Billy+Boys+Pizza/@-37.981392,145.063547,17z/data=!3m1!4b1!4m5!3m4!1s0x6ad66dcc36f95899:0xded4f87066157c6b!8m2!3d-37.981392!4d145.063547?hl=en",
  "searchPageUrl": "https://www.google.com/maps/search/89+pizza/@-37.9232211,145.0389564,15z?hl=en",
  "searchString": "89 pizza",
  "scrapedAt": "2022-08-05T01:54:34.698Z",
  "additionalInfo": {
    "Service options": [
      {
        "Dine-in": true
      }
    ],
    "Offerings": [
      {
        "Vegetarian options": true
      }
    ],
    "Dining options": [
      {
        "Lunch": true
      },
      {
        "Dinner": true
      }
    ],
    "Amenities": [
      {
        "Good for kids": true
      }
    ],
    "Atmosphere": [
      {
        "Casual": true
      }
    ],
    "Crowd": [
      {
        "Groups": true
      },
      {
        "University students": true
      }
    ],
    "Planning": [
      {
        "Accepts reservations": true
      }
    ]
  },
  "reviewsCount": 1,
  "reviewsDistribution": {
    "oneStar": 0,
    "twoStar": 0,
    "threeStar": 0,
    "fourStar": 0,
    "fiveStar": 1
  },
  "reviews": [],
  "orderBy": []
}