{
  "title": "Luna Kebab Pizza",
  "subTitle": null,
  "price": "$$",
  "menu": null,
  "categoryName": "Restaurant",
  "address": "1278 Plenty Rd, Bundoora VIC 3083, Australia",
  "locatedIn": null,
  "neighborhood": "1278 Plenty Rd",
  "street": "1278 Plenty Rd",
  "city": "Bundoora",
  "postalCode": "3083",
  "state": "Victoria",
  "countryCode": "AU",
  "plusCode": "73X5+P8 Bundoora, Victoria, Australia",
  "website": "https://order.online/store/luna-kebab-pizza-715478",
  "phone": "+61 3 9466 7790",
  "temporarilyClosed": false,
  "location": {
    "lat": -37.7006266,
    "lng": 145.0583609
  },
  "permanentlyClosed": false,
  "totalScore": 4.3,
  "isAdvertisement": false,
  "rank": 19,
  "placeId": "ChIJt_neX6RJ1moRAcrJ5XK5cNw",
  "categories": [
    "Pizza restaurant",
    "Fast food restaurant",
    "Halal restaurant",
    "Hamburger restaurant",
    "Kebab shop",
    "Takeout restaurant",
    "Persian restaurant",
    "Pizza delivery",
    "Restaurant",
    "Pizza takeaway"
  ],
  "cid": "15884399788868356609",
  "url": "https://www.google.com/maps/place/Luna+Kebab+Pizza/@-37.7006266,145.0583609,17z/data=!3m1!4b1!4m5!3m4!1s0x6ad649a45fdef9b7:0xdc70b972e5c9ca01!8m2!3d-37.7006266!4d145.0583609?hl=en",
  "searchPageUrl": "https://www.google.com/maps/search/pizza/@-37.6774856,145.0389564,15z?hl=en",
  "searchString": "pizza",
  "scrapedAt": "2022-08-01T17:08:54.712Z",
  "popularTimesLiveText": null,
  "popularTimesLivePercent": null,
  "popularTimesHistogram": {
    "Su": [
      {
        "hour": 6,
        "occupancyPercent": 0
      },
      {
        "hour": 7,
        "occupancyPercent": 0
      },
      {
        "hour": 8,
        "occupancyPercent": 0
      },
      {
        "hour": 9,
        "occupancyPercent": 0
      },
      {
        "hour": 10,
        "occupancyPercent": 0
      },
      {
        "hour": 11,
        "occupancyPercent": 0
      },
      {
        "hour": 12,
        "occupancyPercent": 26
      },
      {
        "hour": 13,
        "occupancyPercent": 31
      },
      {
        "hour": 14,
        "occupancyPercent": 29
      },
      {
        "hour": 15,
        "occupancyPercent": 29
      },
      {
        "hour": 16,
        "occupancyPercent": 38
      },
      {
        "hour": 17,
        "occupancyPercent": 52
      },
      {
        "hour": 18,
        "occupancyPercent": 56
      },
      {
        "hour": 19,
        "occupancyPercent": 47
      },
      {
        "hour": 20,
        "occupancyPercent": 29
      },
      {
        "hour": 21,
        "occupancyPercent": 14
      },
      {
        "hour": 22,
        "occupancyPercent": 0
      },
      {
        "hour": 23,
        "occupancyPercent": 0
      }
    ],
    "Mo": [
      {
        "hour": 6,
        "occupancyPercent": 0
      },
      {
        "hour": 7,
        "occupancyPercent": 0
      },
      {
        "hour": 8,
        "occupancyPercent": 0
      },
      {
        "hour": 9,
        "occupancyPercent": 0
      },
      {
        "hour": 10,
        "occupancyPercent": 0
      },
      {
        "hour": 11,
        "occupancyPercent": 0
      },
      {
        "hour": 12,
        "occupancyPercent": 29
      },
      {
        "hour": 13,
        "occupancyPercent": 38
      },
      {
        "hour": 14,
        "occupancyPercent": 42
      },
      {
        "hour": 15,
        "occupancyPercent": 42
      },
      {
        "hour": 16,
        "occupancyPercent": 40
      },
      {
        "hour": 17,
        "occupancyPercent": 42
      },
      {
        "hour": 18,
        "occupancyPercent": 45
      },
      {
        "hour": 19,
        "occupancyPercent": 43
      },
      {
        "hour": 20,
        "occupancyPercent": 33
      },
      {
        "hour": 21,
        "occupancyPercent": 49
      },
      {
        "hour": 22,
        "occupancyPercent": 0
      },
      {
        "hour": 23,
        "occupancyPercent": 0
      }
    ],
    "Tu": [
      {
        "hour": 6,
        "occupancyPercent": 0
      },
      {
        "hour": 7,
        "occupancyPercent": 0
      },
      {
        "hour": 8,
        "occupancyPercent": 0
      },
      {
        "hour": 9,
        "occupancyPercent": 0
      },
      {
        "hour": 10,
        "occupancyPercent": 0
      },
      {
        "hour": 11,
        "occupancyPercent": 0
      },
      {
        "hour": 12,
        "occupancyPercent": 24
      },
      {
        "hour": 13,
        "occupancyPercent": 31
      },
      {
        "hour": 14,
        "occupancyPercent": 35
      },
      {
        "hour": 15,
        "occupancyPercent": 36
      },
      {
        "hour": 16,
        "occupancyPercent": 33
      },
      {
        "hour": 17,
        "occupancyPercent": 29
      },
      {
        "hour": 18,
        "occupancyPercent": 31
      },
      {
        "hour": 19,
        "occupancyPercent": 52
      },
      {
        "hour": 20,
        "occupancyPercent": 73
      },
      {
        "hour": 21,
        "occupancyPercent": 59
      },
      {
        "hour": 22,
        "occupancyPercent": 0
      },
      {
        "hour": 23,
        "occupancyPercent": 0
      }
    ],
    "We": [
      {
        "hour": 6,
        "occupancyPercent": 0
      },
      {
        "hour": 7,
        "occupancyPercent": 0
      },
      {
        "hour": 8,
        "occupancyPercent": 0
      },
      {
        "hour": 9,
        "occupancyPercent": 0
      },
      {
        "hour": 10,
        "occupancyPercent": 0
      },
      {
        "hour": 11,
        "occupancyPercent": 0
      },
      {
        "hour": 12,
        "occupancyPercent": 26
      },
      {
        "hour": 13,
        "occupancyPercent": 31
      },
      {
        "hour": 14,
        "occupancyPercent": 28
      },
      {
        "hour": 15,
        "occupancyPercent": 21
      },
      {
        "hour": 16,
        "occupancyPercent": 22
      },
      {
        "hour": 17,
        "occupancyPercent": 45
      },
      {
        "hour": 18,
        "occupancyPercent": 80
      },
      {
        "hour": 19,
        "occupancyPercent": 100
      },
      {
        "hour": 20,
        "occupancyPercent": 78
      },
      {
        "hour": 21,
        "occupancyPercent": 40
      },
      {
        "hour": 22,
        "occupancyPercent": 0
      },
      {
        "hour": 23,
        "occupancyPercent": 0
      }
    ],
    "Th": [
      {
        "hour": 6,
        "occupancyPercent": 0
      },
      {
        "hour": 7,
        "occupancyPercent": 0
      },
      {
        "hour": 8,
        "occupancyPercent": 0
      },
      {
        "hour": 9,
        "occupancyPercent": 0
      },
      {
        "hour": 10,
        "occupancyPercent": 0
      },
      {
        "hour": 11,
        "occupancyPercent": 0
      },
      {
        "hour": 12,
        "occupancyPercent": 29
      },
      {
        "hour": 13,
        "occupancyPercent": 33
      },
      {
        "hour": 14,
        "occupancyPercent": 31
      },
      {
        "hour": 15,
        "occupancyPercent": 28
      },
      {
        "hour": 16,
        "occupancyPercent": 26
      },
      {
        "hour": 17,
        "occupancyPercent": 43
      },
      {
        "hour": 18,
        "occupancyPercent": 80
      },
      {
        "hour": 19,
        "occupancyPercent": 71
      },
      {
        "hour": 20,
        "occupancyPercent": 50
      },
      {
        "hour": 21,
        "occupancyPercent": 50
      },
      {
        "hour": 22,
        "occupancyPercent": 0
      },
      {
        "hour": 23,
        "occupancyPercent": 0
      }
    ],
    "Fr": [
      {
        "hour": 6,
        "occupancyPercent": 0
      },
      {
        "hour": 7,
        "occupancyPercent": 0
      },
      {
        "hour": 8,
        "occupancyPercent": 0
      },
      {
        "hour": 9,
        "occupancyPercent": 0
      },
      {
        "hour": 10,
        "occupancyPercent": 0
      },
      {
        "hour": 11,
        "occupancyPercent": 0
      },
      {
        "hour": 12,
        "occupancyPercent": 24
      },
      {
        "hour": 13,
        "occupancyPercent": 35
      },
      {
        "hour": 14,
        "occupancyPercent": 42
      },
      {
        "hour": 15,
        "occupancyPercent": 43
      },
      {
        "hour": 16,
        "occupancyPercent": 42
      },
      {
        "hour": 17,
        "occupancyPercent": 36
      },
      {
        "hour": 18,
        "occupancyPercent": 35
      },
      {
        "hour": 19,
        "occupancyPercent": 42
      },
      {
        "hour": 20,
        "occupancyPercent": 49
      },
      {
        "hour": 21,
        "occupancyPercent": 40
      },
      {
        "hour": 22,
        "occupancyPercent": 21
      },
      {
        "hour": 23,
        "occupancyPercent": 0
      }
    ],
    "Sa": [
      {
        "hour": 6,
        "occupancyPercent": 0
      },
      {
        "hour": 7,
        "occupancyPercent": 0
      },
      {
        "hour": 8,
        "occupancyPercent": 0
      },
      {
        "hour": 9,
        "occupancyPercent": 0
      },
      {
        "hour": 10,
        "occupancyPercent": 0
      },
      {
        "hour": 11,
        "occupancyPercent": 0
      },
      {
        "hour": 12,
        "occupancyPercent": 19
      },
      {
        "hour": 13,
        "occupancyPercent": 31
      },
      {
        "hour": 14,
        "occupancyPercent": 43
      },
      {
        "hour": 15,
        "occupancyPercent": 52
      },
      {
        "hour": 16,
        "occupancyPercent": 56
      },
      {
        "hour": 17,
        "occupancyPercent": 50
      },
      {
        "hour": 18,
        "occupancyPercent": 40
      },
      {
        "hour": 19,
        "occupancyPercent": 38
      },
      {
        "hour": 20,
        "occupancyPercent": 56
      },
      {
        "hour": 21,
        "occupancyPercent": 68
      },
      {
        "hour": 22,
        "occupancyPercent": 40
      },
      {
        "hour": 23,
        "occupancyPercent": 0
      }
    ]
  },
  "openingHours": [
    {
      "day": "Tuesday,",
      "hours": "12 to 10PM"
    },
    {
      "day": "Wednesday,",
      "hours": "12 to 10PM"
    },
    {
      "day": "Thursday,",
      "hours": "12 to 10PM"
    },
    {
      "day": "Friday,",
      "hours": "12 to 11PM"
    },
    {
      "day": "Saturday,",
      "hours": "12 to 11PM"
    },
    {
      "day": "Sunday,",
      "hours": "12 to 10PM"
    },
    {
      "day": "Monday,",
      "hours": "12 to 10PM"
    }
  ],
  "additionalInfo": {
    "Service options": [
      {
        "No-contact delivery": true
      },
      {
        "Delivery": true
      },
      {
        "Takeaway": true
      },
      {
        "Dine-in": true
      }
    ],
    "Accessibility": [
      {
        "Wheelchair-accessible car park": false
      },
      {
        "Wheelchair-accessible seating": false
      }
    ],
    "Offerings": [
      {
        "Halal food": true
      },
      {
        "Kids' menu": true
      },
      {
        "Late-night food": true
      },
      {
        "Small plates": true
      },
      {
        "Vegetarian options": true
      }
    ],
    "Dining options": [
      {
        "Lunch": true
      },
      {
        "Dinner": true
      },
      {
        "Catering": true
      },
      {
        "Seating": true
      }
    ],
    "Amenities": [
      {
        "Good for kids": true
      }
    ],
    "Atmosphere": [
      {
        "Casual": true
      },
      {
        "Cosy": true
      }
    ],
    "Crowd": [
      {
        "Family friendly": true
      },
      {
        "Groups": true
      },
      {
        "LGBTQ+ friendly": true
      },
      {
        "Transgender safe space": true
      }
    ],
    "Planning": [
      {
        "Accepts reservations": true
      }
    ],
    "Payments": [
      {
        "NFC mobile payments": true
      },
      {
        "Credit cards": true
      }
    ]
  },
  "reviewsCount": 332,
  "reviewsDistribution": {
    "oneStar": 38,
    "twoStar": 12,
    "threeStar": 8,
    "fourStar": 26,
    "fiveStar": 248
  },
  "reviews": [],
  "orderBy": [
    {
      "name": "order.online",
      "url": "https://order.online/store/luna-kebab-pizza-715478"
    },
    {
      "name": "deliveroo.com.au",
      "url": "https://deliveroo.com.au/menu/melbourne/bundoora-north/luna-pizza-and-sandwich?utm_medium=affiliate&utm_source=google_maps_link"
    },
    {
      "name": "menulog.com.au",
      "url": "https://www.menulog.com.au/restaurants-luna-kebab/menu?utm_source=google&utm_medium=organic&utm_campaign=orderaction"
    }
  ]
}