{
  "title": "Rays Pizza & Pasta",
  "subTitle": null,
  "price": null,
  "menu": null,
  "categoryName": "Pizza takeaway",
  "address": "Shop 1/34 Station St, Koo Wee Rup VIC 3981, Australia",
  "locatedIn": null,
  "neighborhood": "Shop 1/34 Station St",
  "street": "Shop 1/34 Station St",
  "city": "Koo Wee Rup",
  "postalCode": "3981",
  "state": "Victoria",
  "countryCode": "AU",
  "plusCode": "RF2Q+FW Koo Wee Rup, Victoria, Australia",
  "website": null,
  "phone": "+61 3 5997 1038",
  "temporarilyClosed": false,
  "location": {
    "lat": -38.19883,
    "lng": 145.4897686
  },
  "permanentlyClosed": true,
  "totalScore": 2.7,
  "isAdvertisement": false,
  "rank": 2,
  "placeId": "ChIJWeiYegID1moR6Gvn29rKMqM",
  "categories": [
    "Pizza takeaway"
  ],
  "cid": "11759684618358844392",
  "url": "https://www.google.com/maps/place/Rays+Pizza+%26+Pasta/@-38.19883,145.4897686,17z/data=!3m1!4b1!4m5!3m4!1s0x6ad603027a98e859:0xa332cadadbe76be8!8m2!3d-38.19883!4d145.4897686?hl=en",
  "searchPageUrl": "https://www.google.com/maps/search/k4+pizza/@-38.2235644,145.4576193,15z?hl=en",
  "searchString": "k4 pizza",
  "scrapedAt": "2022-08-02T17:00:43.282Z",
  "openingHours": [
    {
      "day": "Wednesday,",
      "hours": "2 to 8:30PM"
    },
    {
      "day": "Thursday,",
      "hours": "3 to 8:30PM"
    },
    {
      "day": "Friday,",
      "hours": "3 to 9:30PM"
    },
    {
      "day": "Saturday,",
      "hours": "3 to 9:30PM"
    },
    {
      "day": "Sunday,",
      "hours": "3 to 8:30PM"
    },
    {
      "day": "Monday,",
      "hours": "Closed"
    },
    {
      "day": "Tuesday,",
      "hours": "4 to 8:30PM"
    }
  ],
  "additionalInfo": {
    "Service options": [
      {
        "Takeaway": true
      }
    ],
    "Amenities": [
      {
        "Good for kids": true
      }
    ]
  },
  "reviewsCount": 6,
  "reviewsDistribution": {
    "oneStar": 3,
    "twoStar": 0,
    "threeStar": 1,
    "fourStar": 0,
    "fiveStar": 2
  },
  "reviews": [],
  "orderBy": []
}