{
  "title": "Sandown Pizza and Pasta",
  "subTitle": null,
  "price": null,
  "menu": null,
  "categoryName": "Pizza delivery",
  "address": "108 Police Rd, Springvale VIC 3171, Australia",
  "locatedIn": null,
  "neighborhood": "108 Police Rd",
  "street": "108 Police Rd",
  "city": "Springvale",
  "postalCode": "3171",
  "state": "Victoria",
  "countryCode": "AU",
  "plusCode": "3589+29 Springvale, Victoria, Australia",
  "website": null,
  "phone": "+61 3 9548 1436",
  "temporarilyClosed": false,
  "location": {
    "lat": -37.9348944,
    "lng": 145.1683774
  },
  "permanentlyClosed": true,
  "totalScore": 2.3,
  "isAdvertisement": false,
  "rank": 2,
  "placeId": "ChIJ429h8RwV1moRB2ERlwPsz04",
  "categories": [
    "Pizza delivery"
  ],
  "cid": "5679017155301040391",
  "url": "https://www.google.com/maps/place/Sandown+Pizza+and+Pasta/@-37.9348944,145.1683774,17z/data=!3m1!4b1!4m5!3m4!1s0x6ad6151cf1616fe3:0x4ecfec0397116107!8m2!3d-37.9347708!4d145.1684005?hl=en",
  "searchPageUrl": "https://www.google.com/maps/search/0a+pizza/@-37.9778289,145.1436221,15z?hl=en",
  "searchString": "0a pizza",
  "scrapedAt": "2022-08-04T05:56:14.617Z",
  "openingHours": [
    {
      "day": "Thursday,",
      "hours": "5 to 9PM"
    },
    {
      "day": "Friday,",
      "hours": "5 to 9:30PM"
    },
    {
      "day": "Saturday,",
      "hours": "5 to 9:30PM"
    },
    {
      "day": "Sunday,",
      "hours": "Closed"
    },
    {
      "day": "Monday,",
      "hours": "Closed"
    },
    {
      "day": "Tuesday,",
      "hours": "Closed"
    },
    {
      "day": "Wednesday,",
      "hours": "5 to 9PM"
    }
  ],
  "reviewsCount": 4,
  "reviewsDistribution": {
    "oneStar": 2,
    "twoStar": 1,
    "threeStar": 0,
    "fourStar": 0,
    "fiveStar": 1
  },
  "reviews": [],
  "orderBy": []
}