{
  "title": "Ajays Pizzeria",
  "subTitle": null,
  "price": "$",
  "menu": null,
  "categoryName": "Pizza restaurant",
  "address": "66 Bakery Square, Melton VIC 3337, Australia",
  "locatedIn": null,
  "neighborhood": "66 Bakery Square",
  "street": "66 Bakery Square",
  "city": "Melton",
  "postalCode": "3337",
  "state": "Victoria",
  "countryCode": "AU",
  "plusCode": "8H8M+G9 Melton, Victoria, Australia",
  "website": "https://ajayspizza.com.au/",
  "phone": "+61 3 9743 0044",
  "temporarilyClosed": false,
  "location": {
    "lat": -37.6836433,
    "lng": 144.5834541
  },
  "permanentlyClosed": false,
  "totalScore": 4.3,
  "isAdvertisement": false,
  "rank": 15,
  "placeId": "ChIJiRECFj7t1moRBXX2BokhPTk",
  "categories": [
    "Pizza restaurant"
  ],
  "cid": "4124489706152293637",
  "url": "https://www.google.com/maps/place/Ajays+Pizzeria/@-37.6836433,144.5834541,17z/data=!3m1!4b1!4m5!3m4!1s0x6ad6ed3e16021189:0x393d218906f67505!8m2!3d-37.6836433!4d144.5834541?hl=en",
  "searchPageUrl": "https://www.google.com/maps/search/pizza/@-37.7867014,144.5854049,15z?hl=en",
  "searchString": "pizza",
  "scrapedAt": "2022-08-01T17:02:56.225Z",
  "popularTimesLiveText": null,
  "popularTimesLivePercent": null,
  "popularTimesHistogram": {
    "Su": [
      {
        "hour": 6,
        "occupancyPercent": 0
      },
      {
        "hour": 7,
        "occupancyPercent": 0
      },
      {
        "hour": 8,
        "occupancyPercent": 0
      },
      {
        "hour": 9,
        "occupancyPercent": 0
      },
      {
        "hour": 10,
        "occupancyPercent": 0
      },
      {
        "hour": 11,
        "occupancyPercent": 0
      },
      {
        "hour": 12,
        "occupancyPercent": 21
      },
      {
        "hour": 13,
        "occupancyPercent": 26
      },
      {
        "hour": 14,
        "occupancyPercent": 27
      },
      {
        "hour": 15,
        "occupancyPercent": 28
      },
      {
        "hour": 16,
        "occupancyPercent": 36
      },
      {
        "hour": 17,
        "occupancyPercent": 57
      },
      {
        "hour": 18,
        "occupancyPercent": 69
      },
      {
        "hour": 19,
        "occupancyPercent": 53
      },
      {
        "hour": 20,
        "occupancyPercent": 0
      },
      {
        "hour": 21,
        "occupancyPercent": 0
      },
      {
        "hour": 22,
        "occupancyPercent": 0
      },
      {
        "hour": 23,
        "occupancyPercent": 0
      }
    ],
    "Mo": [
      {
        "hour": 6,
        "occupancyPercent": 0
      },
      {
        "hour": 7,
        "occupancyPercent": 0
      },
      {
        "hour": 8,
        "occupancyPercent": 0
      },
      {
        "hour": 9,
        "occupancyPercent": 0
      },
      {
        "hour": 10,
        "occupancyPercent": 0
      },
      {
        "hour": 11,
        "occupancyPercent": 0
      },
      {
        "hour": 12,
        "occupancyPercent": 0
      },
      {
        "hour": 13,
        "occupancyPercent": 9
      },
      {
        "hour": 14,
        "occupancyPercent": 6
      },
      {
        "hour": 15,
        "occupancyPercent": 9
      },
      {
        "hour": 16,
        "occupancyPercent": 32
      },
      {
        "hour": 17,
        "occupancyPercent": 63
      },
      {
        "hour": 18,
        "occupancyPercent": 61
      },
      {
        "hour": 19,
        "occupancyPercent": 31
      },
      {
        "hour": 20,
        "occupancyPercent": 0
      },
      {
        "hour": 21,
        "occupancyPercent": 0
      },
      {
        "hour": 22,
        "occupancyPercent": 0
      },
      {
        "hour": 23,
        "occupancyPercent": 0
      }
    ],
    "Tu": [
      {
        "hour": 6,
        "occupancyPercent": 0
      },
      {
        "hour": 7,
        "occupancyPercent": 0
      },
      {
        "hour": 8,
        "occupancyPercent": 0
      },
      {
        "hour": 9,
        "occupancyPercent": 0
      },
      {
        "hour": 10,
        "occupancyPercent": 0
      },
      {
        "hour": 11,
        "occupancyPercent": 0
      },
      {
        "hour": 12,
        "occupancyPercent": 0
      },
      {
        "hour": 13,
        "occupancyPercent": 28
      },
      {
        "hour": 14,
        "occupancyPercent": 8
      },
      {
        "hour": 15,
        "occupancyPercent": 10
      },
      {
        "hour": 16,
        "occupancyPercent": 31
      },
      {
        "hour": 17,
        "occupancyPercent": 58
      },
      {
        "hour": 18,
        "occupancyPercent": 71
      },
      {
        "hour": 19,
        "occupancyPercent": 58
      },
      {
        "hour": 20,
        "occupancyPercent": 0
      },
      {
        "hour": 21,
        "occupancyPercent": 0
      },
      {
        "hour": 22,
        "occupancyPercent": 0
      },
      {
        "hour": 23,
        "occupancyPercent": 0
      }
    ],
    "We": [
      {
        "hour": 6,
        "occupancyPercent": 0
      },
      {
        "hour": 7,
        "occupancyPercent": 0
      },
      {
        "hour": 8,
        "occupancyPercent": 0
      },
      {
        "hour": 9,
        "occupancyPercent": 0
      },
      {
        "hour": 10,
        "occupancyPercent": 0
      },
      {
        "hour": 11,
        "occupancyPercent": 0
      },
      {
        "hour": 12,
        "occupancyPercent": 21
      },
      {
        "hour": 13,
        "occupancyPercent": 26
      },
      {
        "hour": 14,
        "occupancyPercent": 26
      },
      {
        "hour": 15,
        "occupancyPercent": 27
      },
      {
        "hour": 16,
        "occupancyPercent": 43
      },
      {
        "hour": 17,
        "occupancyPercent": 78
      },
      {
        "hour": 18,
        "occupancyPercent": 94
      },
      {
        "hour": 19,
        "occupancyPercent": 68
      },
      {
        "hour": 20,
        "occupancyPercent": 0
      },
      {
        "hour": 21,
        "occupancyPercent": 0
      },
      {
        "hour": 22,
        "occupancyPercent": 0
      },
      {
        "hour": 23,
        "occupancyPercent": 0
      }
    ],
    "Th": [
      {
        "hour": 6,
        "occupancyPercent": 0
      },
      {
        "hour": 7,
        "occupancyPercent": 0
      },
      {
        "hour": 8,
        "occupancyPercent": 0
      },
      {
        "hour": 9,
        "occupancyPercent": 0
      },
      {
        "hour": 10,
        "occupancyPercent": 0
      },
      {
        "hour": 11,
        "occupancyPercent": 0
      },
      {
        "hour": 12,
        "occupancyPercent": 16
      },
      {
        "hour": 13,
        "occupancyPercent": 24
      },
      {
        "hour": 14,
        "occupancyPercent": 30
      },
      {
        "hour": 15,
        "occupancyPercent": 39
      },
      {
        "hour": 16,
        "occupancyPercent": 58
      },
      {
        "hour": 17,
        "occupancyPercent": 79
      },
      {
        "hour": 18,
        "occupancyPercent": 80
      },
      {
        "hour": 19,
        "occupancyPercent": 56
      },
      {
        "hour": 20,
        "occupancyPercent": 0
      },
      {
        "hour": 21,
        "occupancyPercent": 0
      },
      {
        "hour": 22,
        "occupancyPercent": 0
      },
      {
        "hour": 23,
        "occupancyPercent": 0
      }
    ],
    "Fr": [
      {
        "hour": 6,
        "occupancyPercent": 0
      },
      {
        "hour": 7,
        "occupancyPercent": 0
      },
      {
        "hour": 8,
        "occupancyPercent": 0
      },
      {
        "hour": 9,
        "occupancyPercent": 0
      },
      {
        "hour": 10,
        "occupancyPercent": 0
      },
      {
        "hour": 11,
        "occupancyPercent": 0
      },
      {
        "hour": 12,
        "occupancyPercent": 20
      },
      {
        "hour": 13,
        "occupancyPercent": 24
      },
      {
        "hour": 14,
        "occupancyPercent": 23
      },
      {
        "hour": 15,
        "occupancyPercent": 20
      },
      {
        "hour": 16,
        "occupancyPercent": 32
      },
      {
        "hour": 17,
        "occupancyPercent": 65
      },
      {
        "hour": 18,
        "occupancyPercent": 93
      },
      {
        "hour": 19,
        "occupancyPercent": 79
      },
      {
        "hour": 20,
        "occupancyPercent": 0
      },
      {
        "hour": 21,
        "occupancyPercent": 0
      },
      {
        "hour": 22,
        "occupancyPercent": 0
      },
      {
        "hour": 23,
        "occupancyPercent": 0
      }
    ],
    "Sa": [
      {
        "hour": 6,
        "occupancyPercent": 0
      },
      {
        "hour": 7,
        "occupancyPercent": 0
      },
      {
        "hour": 8,
        "occupancyPercent": 0
      },
      {
        "hour": 9,
        "occupancyPercent": 0
      },
      {
        "hour": 10,
        "occupancyPercent": 0
      },
      {
        "hour": 11,
        "occupancyPercent": 0
      },
      {
        "hour": 12,
        "occupancyPercent": 20
      },
      {
        "hour": 13,
        "occupancyPercent": 21
      },
      {
        "hour": 14,
        "occupancyPercent": 17
      },
      {
        "hour": 15,
        "occupancyPercent": 12
      },
      {
        "hour": 16,
        "occupancyPercent": 17
      },
      {
        "hour": 17,
        "occupancyPercent": 52
      },
      {
        "hour": 18,
        "occupancyPercent": 100
      },
      {
        "hour": 19,
        "occupancyPercent": 95
      },
      {
        "hour": 20,
        "occupancyPercent": 0
      },
      {
        "hour": 21,
        "occupancyPercent": 0
      },
      {
        "hour": 22,
        "occupancyPercent": 0
      },
      {
        "hour": 23,
        "occupancyPercent": 0
      }
    ]
  },
  "openingHours": [
    {
      "day": "Tuesday,",
      "hours": "1 to 8PM"
    },
    {
      "day": "Wednesday,",
      "hours": "12 to 8PM"
    },
    {
      "day": "Thursday,",
      "hours": "12 to 8PM"
    },
    {
      "day": "Friday,",
      "hours": "12 to 8PM"
    },
    {
      "day": "Saturday,",
      "hours": "12 to 8PM"
    },
    {
      "day": "Sunday,",
      "hours": "12 to 8PM"
    },
    {
      "day": "Monday,",
      "hours": "1 to 8PM"
    }
  ],
  "additionalInfo": {
    "Service options": [
      {
        "No-contact delivery": true
      },
      {
        "Delivery": true
      },
      {
        "Takeaway": true
      },
      {
        "Dine-in": true
      }
    ],
    "Accessibility": [
      {
        "Wheelchair-accessible car park": true
      },
      {
        "Wheelchair-accessible entrance": false
      }
    ],
    "Offerings": [
      {
        "Late-night food": true
      }
    ],
    "Dining options": [
      {
        "Dessert": true
      }
    ],
    "Amenities": [
      {
        "Good for kids": true
      }
    ],
    "Atmosphere": [
      {
        "Casual": true
      }
    ],
    "Crowd": [
      {
        "Groups": true
      }
    ],
    "Payments": [
      {
        "NFC mobile payments": true
      }
    ]
  },
  "reviewsCount": 354,
  "reviewsDistribution": {
    "oneStar": 35,
    "twoStar": 12,
    "threeStar": 20,
    "fourStar": 42,
    "fiveStar": 245
  },
  "reviews": [],
  "orderBy": [
    {
      "name": "ajayspizzeria-ea.com.au",
      "url": "https://ajayspizzeria-ea.com.au/order-now"
    }
  ]
}