{
  "title": "Sabrina Pizza",
  "subTitle": null,
  "price": null,
  "menu": null,
  "categoryName": "Pizza delivery",
  "address": "63 Hamilton St, Craigieburn VIC 3064, Australia",
  "locatedIn": null,
  "neighborhood": "63 Hamilton St",
  "street": "63 Hamilton St",
  "city": "Craigieburn",
  "postalCode": "3064",
  "state": "Victoria",
  "countryCode": "AU",
  "plusCode": "CW5R+7G Craigieburn, Victoria, Australia",
  "website": null,
  "phone": "+61 3 9305 7958",
  "temporarilyClosed": false,
  "location": {
    "lat": -37.5918031,
    "lng": 144.9413748
  },
  "permanentlyClosed": true,
  "totalScore": null,
  "isAdvertisement": false,
  "rank": 5,
  "placeId": "ChIJyacuUBhS1moRMxFfQXoqDcU",
  "categories": [
    "Pizza delivery"
  ],
  "cid": "14199051904740167987",
  "url": "https://www.google.com/maps/place/Sabrina+Pizza/@-37.5918031,144.9413748,17z/data=!3m1!4b1!4m5!3m4!1s0x6ad65218502ea7c9:0xc50d2a7a415f1133!8m2!3d-37.5917872!4d144.9414972?hl=en",
  "searchPageUrl": "https://www.google.com/maps/search/63+pizza/@-37.6774856,144.6202935,15z?hl=en",
  "searchString": "63 pizza",
  "scrapedAt": "2022-08-04T21:02:16.636Z",
  "reviewsCount": 0,
  "reviewsDistribution": {
    "oneStar": 0,
    "twoStar": 0,
    "threeStar": 0,
    "fourStar": 0,
    "fiveStar": 0
  },
  "reviews": [],
  "orderBy": []
}