{
  "title": "Polo Pizza - Pascoe Vale",
  "subTitle": null,
  "price": null,
  "menu": null,
  "categoryName": "Restaurant",
  "address": "260 Sussex St, Pascoe Vale VIC 3044, Australia",
  "locatedIn": null,
  "neighborhood": "260 Sussex St",
  "street": "260 Sussex St",
  "city": "Pascoe Vale",
  "postalCode": "3044",
  "state": "Victoria",
  "countryCode": "AU",
  "plusCode": "7XH2+8F Pascoe Vale, Victoria, Australia",
  "website": "https://polopizzapascoevale.com.au/",
  "phone": "+61 3 9354 0039",
  "temporarilyClosed": false,
  "location": {
    "lat": -37.7216911,
    "lng": 144.9512482
  },
  "permanentlyClosed": false,
  "totalScore": 3.4,
  "isAdvertisement": false,
  "rank": 9,
  "placeId": "ChIJo162cy9b1moRcErCNg2ZCBA",
  "categories": [
    "Pizza restaurant",
    "Gluten-free restaurant",
    "Italian restaurant",
    "Meal delivery",
    "Takeout restaurant",
    "Restaurant",
    "Pizza takeaway"
  ],
  "cid": "1155341586452859504",
  "url": "https://www.google.com/maps/place/Polo+Pizza+-+Pascoe+Vale/@-37.7216911,144.9512482,17z/data=!3m1!4b1!4m5!3m4!1s0x6ad65b2f73b65ea3:0x1008990d36c24a70!8m2!3d-37.7216911!4d144.9512482?hl=en",
  "searchPageUrl": "https://www.google.com/maps/search/pizza/@-37.7320935,144.9342907,15z?hl=en",
  "searchString": "pizza",
  "scrapedAt": "2022-08-01T17:07:41.256Z",
  "popularTimesLiveText": null,
  "popularTimesLivePercent": null,
  "popularTimesHistogram": {
    "Su": [
      {
        "hour": 6,
        "occupancyPercent": 0
      },
      {
        "hour": 7,
        "occupancyPercent": 0
      },
      {
        "hour": 8,
        "occupancyPercent": 0
      },
      {
        "hour": 9,
        "occupancyPercent": 0
      },
      {
        "hour": 10,
        "occupancyPercent": 0
      },
      {
        "hour": 11,
        "occupancyPercent": 0
      },
      {
        "hour": 12,
        "occupancyPercent": 0
      },
      {
        "hour": 13,
        "occupancyPercent": 0
      },
      {
        "hour": 14,
        "occupancyPercent": 0
      },
      {
        "hour": 15,
        "occupancyPercent": 0
      },
      {
        "hour": 16,
        "occupancyPercent": 0
      },
      {
        "hour": 17,
        "occupancyPercent": 67
      },
      {
        "hour": 18,
        "occupancyPercent": 85
      },
      {
        "hour": 19,
        "occupancyPercent": 46
      },
      {
        "hour": 20,
        "occupancyPercent": 31
      },
      {
        "hour": 21,
        "occupancyPercent": 24
      },
      {
        "hour": 22,
        "occupancyPercent": 0
      },
      {
        "hour": 23,
        "occupancyPercent": 0
      }
    ],
    "Mo": [
      {
        "hour": 6,
        "occupancyPercent": 0
      },
      {
        "hour": 7,
        "occupancyPercent": 0
      },
      {
        "hour": 8,
        "occupancyPercent": 0
      },
      {
        "hour": 9,
        "occupancyPercent": 0
      },
      {
        "hour": 10,
        "occupancyPercent": 0
      },
      {
        "hour": 11,
        "occupancyPercent": 0
      },
      {
        "hour": 12,
        "occupancyPercent": 0
      },
      {
        "hour": 13,
        "occupancyPercent": 0
      },
      {
        "hour": 14,
        "occupancyPercent": 0
      },
      {
        "hour": 15,
        "occupancyPercent": 0
      },
      {
        "hour": 16,
        "occupancyPercent": 0
      },
      {
        "hour": 17,
        "occupancyPercent": 22
      },
      {
        "hour": 18,
        "occupancyPercent": 28
      },
      {
        "hour": 19,
        "occupancyPercent": 28
      },
      {
        "hour": 20,
        "occupancyPercent": 21
      },
      {
        "hour": 21,
        "occupancyPercent": 13
      },
      {
        "hour": 22,
        "occupancyPercent": 0
      },
      {
        "hour": 23,
        "occupancyPercent": 0
      }
    ],
    "Tu": [
      {
        "hour": 6,
        "occupancyPercent": 0
      },
      {
        "hour": 7,
        "occupancyPercent": 0
      },
      {
        "hour": 8,
        "occupancyPercent": 0
      },
      {
        "hour": 9,
        "occupancyPercent": 0
      },
      {
        "hour": 10,
        "occupancyPercent": 0
      },
      {
        "hour": 11,
        "occupancyPercent": 0
      },
      {
        "hour": 12,
        "occupancyPercent": 0
      },
      {
        "hour": 13,
        "occupancyPercent": 0
      },
      {
        "hour": 14,
        "occupancyPercent": 0
      },
      {
        "hour": 15,
        "occupancyPercent": 0
      },
      {
        "hour": 16,
        "occupancyPercent": 0
      },
      {
        "hour": 17,
        "occupancyPercent": 21
      },
      {
        "hour": 18,
        "occupancyPercent": 20
      },
      {
        "hour": 19,
        "occupancyPercent": 12
      },
      {
        "hour": 20,
        "occupancyPercent": 8
      },
      {
        "hour": 21,
        "occupancyPercent": 12
      },
      {
        "hour": 22,
        "occupancyPercent": 0
      },
      {
        "hour": 23,
        "occupancyPercent": 0
      }
    ],
    "We": [
      {
        "hour": 6,
        "occupancyPercent": 0
      },
      {
        "hour": 7,
        "occupancyPercent": 0
      },
      {
        "hour": 8,
        "occupancyPercent": 0
      },
      {
        "hour": 9,
        "occupancyPercent": 0
      },
      {
        "hour": 10,
        "occupancyPercent": 0
      },
      {
        "hour": 11,
        "occupancyPercent": 0
      },
      {
        "hour": 12,
        "occupancyPercent": 0
      },
      {
        "hour": 13,
        "occupancyPercent": 0
      },
      {
        "hour": 14,
        "occupancyPercent": 0
      },
      {
        "hour": 15,
        "occupancyPercent": 0
      },
      {
        "hour": 16,
        "occupancyPercent": 0
      },
      {
        "hour": 17,
        "occupancyPercent": 33
      },
      {
        "hour": 18,
        "occupancyPercent": 32
      },
      {
        "hour": 19,
        "occupancyPercent": 24
      },
      {
        "hour": 20,
        "occupancyPercent": 19
      },
      {
        "hour": 21,
        "occupancyPercent": 16
      },
      {
        "hour": 22,
        "occupancyPercent": 0
      },
      {
        "hour": 23,
        "occupancyPercent": 0
      }
    ],
    "Th": [
      {
        "hour": 6,
        "occupancyPercent": 0
      },
      {
        "hour": 7,
        "occupancyPercent": 0
      },
      {
        "hour": 8,
        "occupancyPercent": 0
      },
      {
        "hour": 9,
        "occupancyPercent": 0
      },
      {
        "hour": 10,
        "occupancyPercent": 0
      },
      {
        "hour": 11,
        "occupancyPercent": 0
      },
      {
        "hour": 12,
        "occupancyPercent": 0
      },
      {
        "hour": 13,
        "occupancyPercent": 0
      },
      {
        "hour": 14,
        "occupancyPercent": 0
      },
      {
        "hour": 15,
        "occupancyPercent": 0
      },
      {
        "hour": 16,
        "occupancyPercent": 0
      },
      {
        "hour": 17,
        "occupancyPercent": 36
      },
      {
        "hour": 18,
        "occupancyPercent": 32
      },
      {
        "hour": 19,
        "occupancyPercent": 25
      },
      {
        "hour": 20,
        "occupancyPercent": 21
      },
      {
        "hour": 21,
        "occupancyPercent": 19
      },
      {
        "hour": 22,
        "occupancyPercent": 0
      },
      {
        "hour": 23,
        "occupancyPercent": 0
      }
    ],
    "Fr": [
      {
        "hour": 6,
        "occupancyPercent": 0
      },
      {
        "hour": 7,
        "occupancyPercent": 0
      },
      {
        "hour": 8,
        "occupancyPercent": 0
      },
      {
        "hour": 9,
        "occupancyPercent": 0
      },
      {
        "hour": 10,
        "occupancyPercent": 0
      },
      {
        "hour": 11,
        "occupancyPercent": 0
      },
      {
        "hour": 12,
        "occupancyPercent": 0
      },
      {
        "hour": 13,
        "occupancyPercent": 0
      },
      {
        "hour": 14,
        "occupancyPercent": 0
      },
      {
        "hour": 15,
        "occupancyPercent": 0
      },
      {
        "hour": 16,
        "occupancyPercent": 0
      },
      {
        "hour": 17,
        "occupancyPercent": 61
      },
      {
        "hour": 18,
        "occupancyPercent": 77
      },
      {
        "hour": 19,
        "occupancyPercent": 81
      },
      {
        "hour": 20,
        "occupancyPercent": 72
      },
      {
        "hour": 21,
        "occupancyPercent": 53
      },
      {
        "hour": 22,
        "occupancyPercent": 32
      },
      {
        "hour": 23,
        "occupancyPercent": 0
      }
    ],
    "Sa": [
      {
        "hour": 6,
        "occupancyPercent": 0
      },
      {
        "hour": 7,
        "occupancyPercent": 0
      },
      {
        "hour": 8,
        "occupancyPercent": 0
      },
      {
        "hour": 9,
        "occupancyPercent": 0
      },
      {
        "hour": 10,
        "occupancyPercent": 0
      },
      {
        "hour": 11,
        "occupancyPercent": 0
      },
      {
        "hour": 12,
        "occupancyPercent": 0
      },
      {
        "hour": 13,
        "occupancyPercent": 0
      },
      {
        "hour": 14,
        "occupancyPercent": 0
      },
      {
        "hour": 15,
        "occupancyPercent": 0
      },
      {
        "hour": 16,
        "occupancyPercent": 0
      },
      {
        "hour": 17,
        "occupancyPercent": 75
      },
      {
        "hour": 18,
        "occupancyPercent": 100
      },
      {
        "hour": 19,
        "occupancyPercent": 83
      },
      {
        "hour": 20,
        "occupancyPercent": 57
      },
      {
        "hour": 21,
        "occupancyPercent": 45
      },
      {
        "hour": 22,
        "occupancyPercent": 34
      },
      {
        "hour": 23,
        "occupancyPercent": 0
      }
    ]
  },
  "openingHours": [
    {
      "day": "Tuesday,",
      "hours": "5 to 10PM"
    },
    {
      "day": "Wednesday,",
      "hours": "5 to 10PM"
    },
    {
      "day": "Thursday,",
      "hours": "5 to 10PM"
    },
    {
      "day": "Friday,",
      "hours": "5 to 11PM"
    },
    {
      "day": "Saturday,",
      "hours": "5 to 11PM"
    },
    {
      "day": "Sunday,",
      "hours": "5 to 10PM"
    },
    {
      "day": "Monday,",
      "hours": "5 to 10PM"
    }
  ],
  "additionalInfo": {
    "Service options": [
      {
        "No-contact delivery": true
      },
      {
        "Delivery": true
      },
      {
        "Takeaway": true
      }
    ],
    "Offerings": [
      {
        "Coffee": true
      },
      {
        "Late-night food": true
      }
    ],
    "Dining options": [
      {
        "Dinner": true
      },
      {
        "Dessert": true
      }
    ],
    "Amenities": [
      {
        "Good for kids": true
      }
    ],
    "Atmosphere": [
      {
        "Casual": true
      }
    ],
    "Planning": [
      {
        "Accepts reservations": true
      }
    ],
    "Payments": [
      {
        "Cheques": true
      },
      {
        "Debit cards": true
      },
      {
        "NFC mobile payments": true
      }
    ]
  },
  "reviewsCount": 101,
  "reviewsDistribution": {
    "oneStar": 31,
    "twoStar": 3,
    "threeStar": 6,
    "fourStar": 13,
    "fiveStar": 48
  },
  "reviews": [],
  "orderBy": [
    {
      "name": "polopizzapascoevale.com.au",
      "url": "https://polopizzapascoevale.com.au/order-now#pizza"
    }
  ]
}