{
  "title": "Pizza Hut",
  "subTitle": null,
  "price": null,
  "menu": null,
  "categoryName": "Pizza restaurant",
  "address": "3/830 Pascoe Vale Rd, Glenroy VIC 3046, Australia",
  "locatedIn": null,
  "neighborhood": "3/830 Pascoe Vale Rd",
  "street": "3/830 Pascoe Vale Rd",
  "city": "Glenroy",
  "postalCode": "3046",
  "state": "Victoria",
  "countryCode": "AU",
  "plusCode": "7WW8+JC Glenroy, Victoria, Australia",
  "website": "https://www.pizzahut.com.au/",
  "phone": "+61 131166",
  "temporarilyClosed": false,
  "location": {
    "lat": -37.703404,
    "lng": 144.9160275
  },
  "permanentlyClosed": true,
  "totalScore": null,
  "isAdvertisement": false,
  "rank": 4,
  "placeId": "ChIJlXKgtqpb1moR9vaIUR7PTOc",
  "categories": [
    "Pizza restaurant"
  ],
  "cid": "16666924050115262198",
  "url": "https://www.google.com/maps/place/Pizza+Hut/@-37.703404,144.9160275,17z/data=!3m1!4b1!4m5!3m4!1s0x6ad65baab6a07295:0xe74ccf1e5188f6f6!8m2!3d-37.703396!4d144.9160253?hl=en",
  "searchPageUrl": "https://www.google.com/maps/search/hd+pizza/@-37.6501817,144.8296249,15z?hl=en",
  "searchString": "hd pizza",
  "scrapedAt": "2022-08-02T08:47:40.169Z",
  "additionalInfo": {
    "Service options": [
      {
        "Dine-in": true
      }
    ],
    "Accessibility": [
      {
        "Wheelchair-accessible car park": true
      },
      {
        "Wheelchair-accessible entrance": true
      }
    ],
    "Dining options": [
      {
        "Lunch": true
      },
      {
        "Dinner": true
      }
    ],
    "Amenities": [
      {
        "Good for kids": true
      }
    ],
    "Atmosphere": [
      {
        "Casual": true
      }
    ]
  },
  "reviewsCount": 0,
  "reviewsDistribution": {
    "oneStar": 0,
    "twoStar": 0,
    "threeStar": 0,
    "fourStar": 0,
    "fiveStar": 0
  },
  "reviews": [],
  "orderBy": []
}