{
  "title": "Encore Pizza Footscray",
  "subTitle": null,
  "price": null,
  "menu": null,
  "categoryName": "Pizza restaurant",
  "address": "206 Barkly St, Footscray VIC 3011, Australia",
  "locatedIn": null,
  "neighborhood": "206 Barkly St",
  "street": "206 Barkly St",
  "city": "Footscray",
  "postalCode": "3011",
  "state": "Victoria",
  "countryCode": "AU",
  "plusCode": "6V2W+7X Footscray, Victoria, Australia",
  "website": "https://encorepizzafootscray.com.au/",
  "phone": "+61 3 9687 7877",
  "temporarilyClosed": false,
  "location": {
    "lat": -37.7993698,
    "lng": 144.8974428
  },
  "permanentlyClosed": false,
  "totalScore": 3.8,
  "isAdvertisement": false,
  "rank": 18,
  "placeId": "ChIJHT0yhJJd1moRr89W2V_s_b4",
  "categories": [
    "Pizza restaurant",
    "Italian restaurant",
    "Meal delivery",
    "Takeout restaurant",
    "Pizza delivery",
    "Pizza takeaway"
  ],
  "cid": "13762415932726497199",
  "url": "https://www.google.com/maps/place/Encore+Pizza+Footscray/@-37.7993698,144.8974428,17z/data=!3m1!4b1!4m5!3m4!1s0x6ad65d9284323d1d:0xbefdec5fd956cfaf!8m2!3d-37.7993698!4d144.8974428?hl=en",
  "searchPageUrl": "https://www.google.com/maps/search/pizza/@-37.8140053,144.8645135,15z?hl=en",
  "searchString": "pizza",
  "scrapedAt": "2022-08-01T17:06:26.298Z",
  "popularTimesLiveText": null,
  "popularTimesLivePercent": null,
  "popularTimesHistogram": {
    "Su": [
      {
        "hour": 6,
        "occupancyPercent": 0
      },
      {
        "hour": 7,
        "occupancyPercent": 0
      },
      {
        "hour": 8,
        "occupancyPercent": 0
      },
      {
        "hour": 9,
        "occupancyPercent": 0
      },
      {
        "hour": 10,
        "occupancyPercent": 0
      },
      {
        "hour": 11,
        "occupancyPercent": 10
      },
      {
        "hour": 12,
        "occupancyPercent": 23
      },
      {
        "hour": 13,
        "occupancyPercent": 10
      },
      {
        "hour": 14,
        "occupancyPercent": 7
      },
      {
        "hour": 15,
        "occupancyPercent": 12
      },
      {
        "hour": 16,
        "occupancyPercent": 21
      },
      {
        "hour": 17,
        "occupancyPercent": 32
      },
      {
        "hour": 18,
        "occupancyPercent": 43
      },
      {
        "hour": 19,
        "occupancyPercent": 49
      },
      {
        "hour": 20,
        "occupancyPercent": 49
      },
      {
        "hour": 21,
        "occupancyPercent": 41
      },
      {
        "hour": 22,
        "occupancyPercent": 32
      },
      {
        "hour": 23,
        "occupancyPercent": 21
      },
      {
        "hour": 0,
        "occupancyPercent": 14
      }
    ],
    "Mo": [
      {
        "hour": 6,
        "occupancyPercent": 0
      },
      {
        "hour": 7,
        "occupancyPercent": 0
      },
      {
        "hour": 8,
        "occupancyPercent": 0
      },
      {
        "hour": 9,
        "occupancyPercent": 0
      },
      {
        "hour": 10,
        "occupancyPercent": 0
      },
      {
        "hour": 11,
        "occupancyPercent": 1
      },
      {
        "hour": 12,
        "occupancyPercent": 7
      },
      {
        "hour": 13,
        "occupancyPercent": 16
      },
      {
        "hour": 14,
        "occupancyPercent": 18
      },
      {
        "hour": 15,
        "occupancyPercent": 14
      },
      {
        "hour": 16,
        "occupancyPercent": 27
      },
      {
        "hour": 17,
        "occupancyPercent": 67
      },
      {
        "hour": 18,
        "occupancyPercent": 100
      },
      {
        "hour": 19,
        "occupancyPercent": 78
      },
      {
        "hour": 20,
        "occupancyPercent": 41
      },
      {
        "hour": 21,
        "occupancyPercent": 40
      },
      {
        "hour": 22,
        "occupancyPercent": 54
      },
      {
        "hour": 23,
        "occupancyPercent": 50
      },
      {
        "hour": 0,
        "occupancyPercent": 29
      }
    ],
    "Tu": [
      {
        "hour": 6,
        "occupancyPercent": 0
      },
      {
        "hour": 7,
        "occupancyPercent": 0
      },
      {
        "hour": 8,
        "occupancyPercent": 0
      },
      {
        "hour": 9,
        "occupancyPercent": 0
      },
      {
        "hour": 10,
        "occupancyPercent": 0
      },
      {
        "hour": 11,
        "occupancyPercent": 18
      },
      {
        "hour": 12,
        "occupancyPercent": 21
      },
      {
        "hour": 13,
        "occupancyPercent": 25
      },
      {
        "hour": 14,
        "occupancyPercent": 25
      },
      {
        "hour": 15,
        "occupancyPercent": 27
      },
      {
        "hour": 16,
        "occupancyPercent": 29
      },
      {
        "hour": 17,
        "occupancyPercent": 32
      },
      {
        "hour": 18,
        "occupancyPercent": 36
      },
      {
        "hour": 19,
        "occupancyPercent": 38
      },
      {
        "hour": 20,
        "occupancyPercent": 36
      },
      {
        "hour": 21,
        "occupancyPercent": 27
      },
      {
        "hour": 22,
        "occupancyPercent": 21
      },
      {
        "hour": 23,
        "occupancyPercent": 27
      },
      {
        "hour": 0,
        "occupancyPercent": 21
      }
    ],
    "We": [
      {
        "hour": 6,
        "occupancyPercent": 0
      },
      {
        "hour": 7,
        "occupancyPercent": 0
      },
      {
        "hour": 8,
        "occupancyPercent": 0
      },
      {
        "hour": 9,
        "occupancyPercent": 0
      },
      {
        "hour": 10,
        "occupancyPercent": 0
      },
      {
        "hour": 11,
        "occupancyPercent": 14
      },
      {
        "hour": 12,
        "occupancyPercent": 21
      },
      {
        "hour": 13,
        "occupancyPercent": 27
      },
      {
        "hour": 14,
        "occupancyPercent": 27
      },
      {
        "hour": 15,
        "occupancyPercent": 25
      },
      {
        "hour": 16,
        "occupancyPercent": 20
      },
      {
        "hour": 17,
        "occupancyPercent": 23
      },
      {
        "hour": 18,
        "occupancyPercent": 36
      },
      {
        "hour": 19,
        "occupancyPercent": 43
      },
      {
        "hour": 20,
        "occupancyPercent": 30
      },
      {
        "hour": 21,
        "occupancyPercent": 21
      },
      {
        "hour": 22,
        "occupancyPercent": 40
      },
      {
        "hour": 23,
        "occupancyPercent": 49
      },
      {
        "hour": 0,
        "occupancyPercent": 21
      }
    ],
    "Th": [
      {
        "hour": 6,
        "occupancyPercent": 0
      },
      {
        "hour": 7,
        "occupancyPercent": 0
      },
      {
        "hour": 8,
        "occupancyPercent": 0
      },
      {
        "hour": 9,
        "occupancyPercent": 0
      },
      {
        "hour": 10,
        "occupancyPercent": 0
      },
      {
        "hour": 11,
        "occupancyPercent": 5
      },
      {
        "hour": 12,
        "occupancyPercent": 14
      },
      {
        "hour": 13,
        "occupancyPercent": 21
      },
      {
        "hour": 14,
        "occupancyPercent": 20
      },
      {
        "hour": 15,
        "occupancyPercent": 14
      },
      {
        "hour": 16,
        "occupancyPercent": 21
      },
      {
        "hour": 17,
        "occupancyPercent": 41
      },
      {
        "hour": 18,
        "occupancyPercent": 58
      },
      {
        "hour": 19,
        "occupancyPercent": 50
      },
      {
        "hour": 20,
        "occupancyPercent": 34
      },
      {
        "hour": 21,
        "occupancyPercent": 30
      },
      {
        "hour": 22,
        "occupancyPercent": 36
      },
      {
        "hour": 23,
        "occupancyPercent": 34
      },
      {
        "hour": 0,
        "occupancyPercent": 23
      }
    ],
    "Fr": [
      {
        "hour": 6,
        "occupancyPercent": 0
      },
      {
        "hour": 7,
        "occupancyPercent": 0
      },
      {
        "hour": 8,
        "occupancyPercent": 0
      },
      {
        "hour": 9,
        "occupancyPercent": 0
      },
      {
        "hour": 10,
        "occupancyPercent": 0
      },
      {
        "hour": 11,
        "occupancyPercent": 7
      },
      {
        "hour": 12,
        "occupancyPercent": 14
      },
      {
        "hour": 13,
        "occupancyPercent": 20
      },
      {
        "hour": 14,
        "occupancyPercent": 27
      },
      {
        "hour": 15,
        "occupancyPercent": 32
      },
      {
        "hour": 16,
        "occupancyPercent": 38
      },
      {
        "hour": 17,
        "occupancyPercent": 41
      },
      {
        "hour": 18,
        "occupancyPercent": 92
      },
      {
        "hour": 19,
        "occupancyPercent": 85
      },
      {
        "hour": 20,
        "occupancyPercent": 29
      },
      {
        "hour": 21,
        "occupancyPercent": 34
      },
      {
        "hour": 22,
        "occupancyPercent": 56
      },
      {
        "hour": 23,
        "occupancyPercent": 58
      },
      {
        "hour": 0,
        "occupancyPercent": 27
      }
    ],
    "Sa": [
      {
        "hour": 6,
        "occupancyPercent": 0
      },
      {
        "hour": 7,
        "occupancyPercent": 0
      },
      {
        "hour": 8,
        "occupancyPercent": 0
      },
      {
        "hour": 9,
        "occupancyPercent": 0
      },
      {
        "hour": 10,
        "occupancyPercent": 0
      },
      {
        "hour": 11,
        "occupancyPercent": 9
      },
      {
        "hour": 12,
        "occupancyPercent": 16
      },
      {
        "hour": 13,
        "occupancyPercent": 25
      },
      {
        "hour": 14,
        "occupancyPercent": 34
      },
      {
        "hour": 15,
        "occupancyPercent": 43
      },
      {
        "hour": 16,
        "occupancyPercent": 50
      },
      {
        "hour": 17,
        "occupancyPercent": 54
      },
      {
        "hour": 18,
        "occupancyPercent": 52
      },
      {
        "hour": 19,
        "occupancyPercent": 49
      },
      {
        "hour": 20,
        "occupancyPercent": 47
      },
      {
        "hour": 21,
        "occupancyPercent": 47
      },
      {
        "hour": 22,
        "occupancyPercent": 49
      },
      {
        "hour": 23,
        "occupancyPercent": 47
      },
      {
        "hour": 0,
        "occupancyPercent": 38
      }
    ]
  },
  "openingHours": [
    {
      "day": "Tuesday,",
      "hours": "11AM to 1AM"
    },
    {
      "day": "Wednesday,",
      "hours": "11AM to 1AM"
    },
    {
      "day": "Thursday,",
      "hours": "11AM to 1AM"
    },
    {
      "day": "Friday,",
      "hours": "11AM to 1AM"
    },
    {
      "day": "Saturday,",
      "hours": "11AM to 1AM"
    },
    {
      "day": "Sunday,",
      "hours": "11AM to 1AM"
    },
    {
      "day": "Monday,",
      "hours": "11AM to 1AM"
    }
  ],
  "additionalInfo": {
    "Service options": [
      {
        "No-contact delivery": true
      },
      {
        "Delivery": true
      },
      {
        "Takeaway": true
      },
      {
        "Dine-in": true
      }
    ],
    "Accessibility": [
      {
        "Wheelchair-accessible seating": false
      }
    ],
    "Offerings": [
      {
        "Late-night food": true
      }
    ],
    "Dining options": [
      {
        "Dinner": true
      },
      {
        "Dessert": true
      }
    ],
    "Amenities": [
      {
        "Good for kids": true
      }
    ],
    "Atmosphere": [
      {
        "Casual": true
      }
    ],
    "Payments": [
      {
        "NFC mobile payments": true
      }
    ]
  },
  "reviewsCount": 198,
  "reviewsDistribution": {
    "oneStar": 37,
    "twoStar": 7,
    "threeStar": 23,
    "fourStar": 33,
    "fiveStar": 98
  },
  "reviews": [],
  "orderBy": [
    {
      "name": "doordash.com",
      "url": "https://www.doordash.com/en-AU/store/encore-pizza-footscray-742563/?utm_campaign=gpa"
    },
    {
      "name": "menulog.com.au",
      "url": "https://www.menulog.com.au/restaurants-encore-footscray/menu?utm_source=google&utm_medium=organic&utm_campaign=orderaction"
    },
    {
      "name": "deliveroo.com.au",
      "url": "https://deliveroo.com.au/menu/melbourne/yarraville/encore-footscray?utm_medium=affiliate&utm_source=google_maps_link"
    }
  ]
}