{
  "title": "Urban Pizza Project",
  "subTitle": null,
  "price": "$",
  "menu": null,
  "categoryName": "Pizza restaurant",
  "address": "Unit 10/49-69 Royal Cres, Hillside VIC 3037, Australia",
  "locatedIn": null,
  "neighborhood": "Unit 10/49-69 Royal Cres",
  "street": "Unit 10/49-69 Royal Cres",
  "city": "Hillside",
  "postalCode": "3037",
  "state": "Victoria",
  "countryCode": "AU",
  "plusCode": "8P7Q+HC Hillside, Victoria, Australia",
  "website": "https://www.facebook.com/UrbanPizzaProject",
  "phone": "+61 3 8390 8822",
  "temporarilyClosed": false,
  "location": {
    "lat": -37.686082,
    "lng": 144.7385279
  },
  "permanentlyClosed": false,
  "totalScore": 4,
  "isAdvertisement": false,
  "rank": 19,
  "placeId": "ChIJP76M9Cz01moR8y60ot76C2o",
  "categories": [
    "Pizza restaurant"
  ],
  "cid": "7641477026883579635",
  "url": "https://www.google.com/maps/place/Urban+Pizza+Project/@-37.686082,144.7385279,17z/data=!3m1!4b1!4m5!3m4!1s0x6ad6f42cf48cbe3f:0x6a0bfadea2b42ef3!8m2!3d-37.6861271!4d144.7388762?hl=en",
  "searchPageUrl": "https://www.google.com/maps/search/pizza/@-37.7320935,144.655182,15z?hl=en",
  "searchString": "pizza",
  "scrapedAt": "2022-08-01T17:03:45.669Z",
  "openingHours": [
    {
      "day": "Tuesday,",
      "hours": "Closed"
    },
    {
      "day": "Wednesday,",
      "hours": "4 to 9PM"
    },
    {
      "day": "Thursday,",
      "hours": "4 to 9PM"
    },
    {
      "day": "Friday,",
      "hours": "4 to 10PM"
    },
    {
      "day": "Saturday,",
      "hours": "4 to 10PM"
    },
    {
      "day": "Sunday,",
      "hours": "4 to 9PM"
    },
    {
      "day": "Monday,",
      "hours": "Closed"
    }
  ],
  "additionalInfo": {
    "Service options": [
      {
        "No-contact delivery": true
      },
      {
        "Delivery": true
      },
      {
        "Takeaway": true
      },
      {
        "Dine-in": true
      }
    ],
    "Accessibility": [
      {
        "Wheelchair-accessible car park": true
      },
      {
        "Wheelchair-accessible entrance": true
      }
    ],
    "Offerings": [
      {
        "Late-night food": true
      }
    ],
    "Dining options": [
      {
        "Dinner": true
      },
      {
        "Dessert": true
      }
    ],
    "Amenities": [
      {
        "Good for kids": true
      }
    ],
    "Atmosphere": [
      {
        "Casual": true
      }
    ]
  },
  "reviewsCount": 61,
  "reviewsDistribution": {
    "oneStar": 10,
    "twoStar": 4,
    "threeStar": 1,
    "fourStar": 7,
    "fiveStar": 39
  },
  "reviews": [],
  "orderBy": [
    {
      "name": "doordash.com",
      "url": "https://www.doordash.com/en-AU/store/urban-pizza-project-hillside-23711228/?utm_campaign=gpa"
    },
    {
      "name": "menulog.com.au",
      "url": "https://www.menulog.com.au/restaurants-urban-pizza-project/menu?utm_source=google&utm_medium=organic&utm_campaign=orderaction"
    }
  ]
}