{
  "title": "Mr Natural Vegetarian Pizza",
  "subTitle": null,
  "price": "$",
  "menu": null,
  "categoryName": "Pizza restaurant",
  "address": "469 Brunswick St, Fitzroy North VIC 3068, Australia",
  "locatedIn": null,
  "neighborhood": "469 Brunswick St",
  "street": "469 Brunswick St",
  "city": "Fitzroy North",
  "postalCode": "3068",
  "state": "Victoria",
  "countryCode": "AU",
  "plusCode": "6X4H+VM Fitzroy North, Victoria, Australia",
  "website": "http://mrnaturalfitzroy.zwift.com.au/",
  "phone": "+61 3 9481 7775",
  "temporarilyClosed": false,
  "location": {
    "lat": -37.792757,
    "lng": 144.979139
  },
  "permanentlyClosed": true,
  "totalScore": 3,
  "isAdvertisement": false,
  "rank": 18,
  "placeId": "ChIJUX2toyND1moRnO_kjSZN2ek",
  "categories": [
    "Pizza restaurant",
    "European restaurant",
    "Italian restaurant",
    "Meal delivery",
    "Takeout restaurant",
    "Vegetarian restaurant"
  ],
  "cid": "16850584308768108444",
  "url": "https://www.google.com/maps/place/Mr+Natural+Vegetarian+Pizza/@-37.792757,144.979139,17z/data=!3m1!4b1!4m5!3m4!1s0x6ad64323a3ad7d51:0xe9d94d268de4ef9c!8m2!3d-37.792757!4d144.979139?hl=en",
  "searchPageUrl": "https://www.google.com/maps/search/nr+pizza/@-37.7867014,144.9691792,15z?hl=en",
  "searchString": "nr pizza",
  "scrapedAt": "2022-08-02T22:51:25.114Z",
  "openingHours": [
    {
      "day": "Wednesday,",
      "hours": "5:30 to 10PM"
    },
    {
      "day": "Thursday,",
      "hours": "5:30 to 10PM"
    },
    {
      "day": "Friday,",
      "hours": "5:30 to 10PM"
    },
    {
      "day": "Saturday,",
      "hours": "5:30 to 10PM"
    },
    {
      "day": "Sunday,",
      "hours": "5:30 to 10PM"
    },
    {
      "day": "Monday,",
      "hours": "5:30 to 10PM"
    },
    {
      "day": "Tuesday,",
      "hours": "5:30 to 10PM"
    }
  ],
  "additionalInfo": {
    "Service options": [
      {
        "Takeaway": true
      },
      {
        "Dine-in": true
      }
    ]
  },
  "reviewsCount": 29,
  "reviewsDistribution": {
    "oneStar": 13,
    "twoStar": 0,
    "threeStar": 1,
    "fourStar": 4,
    "fiveStar": 11
  },
  "reviews": [],
  "orderBy": []
}