{
  "title": "La Sera Woodfire Pizzeria",
  "subTitle": null,
  "price": null,
  "menu": null,
  "categoryName": "Pizza restaurant",
  "address": "393/395 St Georges Rd, Fitzroy North VIC 3068, Australia",
  "locatedIn": null,
  "neighborhood": "393/395 St Georges Rd",
  "street": "393/395 St Georges Rd",
  "city": "Fitzroy North",
  "postalCode": "3068",
  "state": "Victoria",
  "countryCode": "AU",
  "plusCode": "6XCQ+M4 Fitzroy North, Victoria, Australia",
  "website": "http://lasera.com.au/",
  "phone": "+61 3 9481 2691",
  "temporarilyClosed": false,
  "location": {
    "lat": -37.7783643,
    "lng": 144.9878147
  },
  "permanentlyClosed": true,
  "totalScore": 3.6,
  "isAdvertisement": false,
  "rank": 4,
  "placeId": "ChIJf-kBRWlD1moRT_R9mShxAh0",
  "categories": [
    "Pizza restaurant",
    "European restaurant",
    "Italian restaurant",
    "Pizza takeaway"
  ],
  "cid": "2090357596241130575",
  "url": "https://www.google.com/maps/place/La+Sera+Woodfire+Pizzeria/@-37.7783643,144.9878147,17z/data=!3m1!4b1!4m5!3m4!1s0x6ad643694501e97f:0x1d027128997df44f!8m2!3d-37.7783417!4d144.9879069?hl=en",
  "searchPageUrl": "https://www.google.com/maps/search/b6+pizza/@-37.7867014,145.0040678,15z?hl=en",
  "searchString": "b6 pizza",
  "scrapedAt": "2022-08-01T21:25:01.027Z",
  "openingHours": [
    {
      "day": "Tuesday,",
      "hours": "5PM to 2AM"
    },
    {
      "day": "Wednesday,",
      "hours": "5PM to 2AM"
    },
    {
      "day": "Thursday,",
      "hours": "5PM to 2AM"
    },
    {
      "day": "Friday,",
      "hours": "5PM to 3:30AM"
    },
    {
      "day": "Saturday,",
      "hours": "5PM to 3:30AM"
    },
    {
      "day": "Sunday,",
      "hours": "5PM to 2AM"
    },
    {
      "day": "Monday,",
      "hours": "Closed"
    }
  ],
  "additionalInfo": {
    "Service options": [
      {
        "No-contact delivery": true
      },
      {
        "Delivery": true
      },
      {
        "Takeaway": true
      },
      {
        "Dine-in": true
      }
    ],
    "Accessibility": [
      {
        "Wheelchair-accessible entrance": true
      }
    ],
    "Offerings": [
      {
        "Late-night food": true
      }
    ],
    "Dining options": [
      {
        "Dinner": true
      },
      {
        "Dessert": true
      }
    ],
    "Amenities": [
      {
        "Good for kids": true
      },
      {
        "Toilets": true
      }
    ],
    "Atmosphere": [
      {
        "Casual": true
      }
    ],
    "Crowd": [
      {
        "Groups": true
      }
    ],
    "Payments": [
      {
        "NFC mobile payments": true
      }
    ]
  },
  "reviewsCount": 128,
  "reviewsDistribution": {
    "oneStar": 27,
    "twoStar": 12,
    "threeStar": 9,
    "fourStar": 12,
    "fiveStar": 68
  },
  "reviews": [],
  "orderBy": []
}