{
  "title": "Ticino Gourmet Pizza",
  "subTitle": null,
  "price": null,
  "menu": null,
  "categoryName": "Pizza delivery",
  "address": null,
  "locatedIn": null,
  "plusCode": null,
  "website": null,
  "phone": "+61 3 9500 8288",
  "temporarilyClosed": false,
  "location": {
    "lat": -37.8841867,
    "lng": 145.028948
  },
  "permanentlyClosed": false,
  "totalScore": null,
  "isAdvertisement": false,
  "rank": 14,
  "placeId": "ChIJq6rxRcBp1moR22W--w6N3UY",
  "categories": [
    "Pizza delivery",
    "Service establishment"
  ],
  "cid": "5106392648000628187",
  "url": "https://www.google.com/maps/place/Ticino+Gourmet+Pizza/@-37.8841867,145.028948,12z/data=!3m1!4b1!4m5!3m4!1s0x6ad669c045f1aaab:0x46dd8d0efbbe65db!8m2!3d-37.8841867!4d145.028948?hl=en",
  "searchPageUrl": "https://www.google.com/maps/search/rd+pizza/@-37.8686132,145.0040678,15z?hl=en",
  "searchString": "rd pizza",
  "scrapedAt": "2022-08-03T06:54:43.704Z",
  "reviewsCount": 0,
  "reviewsDistribution": {
    "oneStar": 0,
    "twoStar": 0,
    "threeStar": 0,
    "fourStar": 0,
    "fiveStar": 0
  },
  "reviews": [],
  "orderBy": [
    {
      "name": "ordermate.online",
      "url": "https://ordermate.online/ticinospizza/"
    }
  ]
}