{
  "title": "Pizza Hut Sunshine West",
  "subTitle": null,
  "price": "$",
  "menu": null,
  "categoryName": "Pizza restaurant",
  "address": "Shop 3/1-5 The Avenue, Sunshine West VIC 3020, Australia",
  "locatedIn": null,
  "neighborhood": "Shop 3/1-5 The Avenue",
  "street": "Shop 3/1-5 The Avenue",
  "city": "Sunshine West",
  "postalCode": "3020",
  "state": "Victoria",
  "countryCode": "AU",
  "plusCode": "6Q3R+G7 Sunshine West, Victoria, Australia",
  "website": "https://www.pizzahut.com.au/stores/pizza-hut-sunshine-west/?utm_source=Yext&utm_medium=Yext&utm_campaign=PizzaHutSunshineWestWebsite&y_source=1_MTE5MDU1NzQtNzE1LWxvY2F0aW9uLndlYnNpdGU%3D",
  "phone": "+61 131166",
  "temporarilyClosed": false,
  "location": {
    "lat": -37.7961773,
    "lng": 144.7906711
  },
  "permanentlyClosed": false,
  "totalScore": 3.3,
  "isAdvertisement": false,
  "rank": 18,
  "placeId": "ChIJuUUSACRg1moRGkwzUYljVXc",
  "categories": [
    "Pizza restaurant",
    "Pizza delivery",
    "Pizza takeaway",
    "Restaurant"
  ],
  "cid": "8598888504957815834",
  "url": "https://www.google.com/maps/place/Pizza+Hut+Sunshine+West/@-37.7961773,144.7906711,17z/data=!3m1!4b1!4m5!3m4!1s0x6ad66024001245b9:0x7755638951334c1a!8m2!3d-37.7961773!4d144.7906711?hl=en",
  "searchPageUrl": "https://www.google.com/maps/search/pizza/@-37.8140053,144.7249592,15z?hl=en",
  "searchString": "pizza",
  "scrapedAt": "2022-08-01T17:04:43.272Z",
  "popularTimesLiveText": null,
  "popularTimesLivePercent": null,
  "popularTimesHistogram": {
    "Su": [
      {
        "hour": 6,
        "occupancyPercent": 0
      },
      {
        "hour": 7,
        "occupancyPercent": 0
      },
      {
        "hour": 8,
        "occupancyPercent": 0
      },
      {
        "hour": 9,
        "occupancyPercent": 0
      },
      {
        "hour": 10,
        "occupancyPercent": 0
      },
      {
        "hour": 11,
        "occupancyPercent": 3
      },
      {
        "hour": 12,
        "occupancyPercent": 6
      },
      {
        "hour": 13,
        "occupancyPercent": 12
      },
      {
        "hour": 14,
        "occupancyPercent": 20
      },
      {
        "hour": 15,
        "occupancyPercent": 30
      },
      {
        "hour": 16,
        "occupancyPercent": 39
      },
      {
        "hour": 17,
        "occupancyPercent": 47
      },
      {
        "hour": 18,
        "occupancyPercent": 51
      },
      {
        "hour": 19,
        "occupancyPercent": 49
      },
      {
        "hour": 20,
        "occupancyPercent": 41
      },
      {
        "hour": 21,
        "occupancyPercent": 31
      },
      {
        "hour": 22,
        "occupancyPercent": 20
      },
      {
        "hour": 23,
        "occupancyPercent": 0
      }
    ],
    "Mo": [
      {
        "hour": 6,
        "occupancyPercent": 0
      },
      {
        "hour": 7,
        "occupancyPercent": 0
      },
      {
        "hour": 8,
        "occupancyPercent": 0
      },
      {
        "hour": 9,
        "occupancyPercent": 0
      },
      {
        "hour": 10,
        "occupancyPercent": 0
      },
      {
        "hour": 11,
        "occupancyPercent": 17
      },
      {
        "hour": 12,
        "occupancyPercent": 34
      },
      {
        "hour": 13,
        "occupancyPercent": 35
      },
      {
        "hour": 14,
        "occupancyPercent": 31
      },
      {
        "hour": 15,
        "occupancyPercent": 37
      },
      {
        "hour": 16,
        "occupancyPercent": 51
      },
      {
        "hour": 17,
        "occupancyPercent": 64
      },
      {
        "hour": 18,
        "occupancyPercent": 71
      },
      {
        "hour": 19,
        "occupancyPercent": 70
      },
      {
        "hour": 20,
        "occupancyPercent": 63
      },
      {
        "hour": 21,
        "occupancyPercent": 49
      },
      {
        "hour": 22,
        "occupancyPercent": 0
      },
      {
        "hour": 23,
        "occupancyPercent": 0
      }
    ],
    "Tu": [
      {
        "hour": 6,
        "occupancyPercent": 0
      },
      {
        "hour": 7,
        "occupancyPercent": 0
      },
      {
        "hour": 8,
        "occupancyPercent": 0
      },
      {
        "hour": 9,
        "occupancyPercent": 0
      },
      {
        "hour": 10,
        "occupancyPercent": 0
      },
      {
        "hour": 11,
        "occupancyPercent": 15
      },
      {
        "hour": 12,
        "occupancyPercent": 19
      },
      {
        "hour": 13,
        "occupancyPercent": 23
      },
      {
        "hour": 14,
        "occupancyPercent": 30
      },
      {
        "hour": 15,
        "occupancyPercent": 39
      },
      {
        "hour": 16,
        "occupancyPercent": 50
      },
      {
        "hour": 17,
        "occupancyPercent": 64
      },
      {
        "hour": 18,
        "occupancyPercent": 74
      },
      {
        "hour": 19,
        "occupancyPercent": 76
      },
      {
        "hour": 20,
        "occupancyPercent": 67
      },
      {
        "hour": 21,
        "occupancyPercent": 50
      },
      {
        "hour": 22,
        "occupancyPercent": 31
      },
      {
        "hour": 23,
        "occupancyPercent": 0
      }
    ],
    "We": [
      {
        "hour": 6,
        "occupancyPercent": 0
      },
      {
        "hour": 7,
        "occupancyPercent": 0
      },
      {
        "hour": 8,
        "occupancyPercent": 0
      },
      {
        "hour": 9,
        "occupancyPercent": 0
      },
      {
        "hour": 10,
        "occupancyPercent": 0
      },
      {
        "hour": 11,
        "occupancyPercent": 18
      },
      {
        "hour": 12,
        "occupancyPercent": 23
      },
      {
        "hour": 13,
        "occupancyPercent": 28
      },
      {
        "hour": 14,
        "occupancyPercent": 30
      },
      {
        "hour": 15,
        "occupancyPercent": 32
      },
      {
        "hour": 16,
        "occupancyPercent": 39
      },
      {
        "hour": 17,
        "occupancyPercent": 57
      },
      {
        "hour": 18,
        "occupancyPercent": 67
      },
      {
        "hour": 19,
        "occupancyPercent": 56
      },
      {
        "hour": 20,
        "occupancyPercent": 43
      },
      {
        "hour": 21,
        "occupancyPercent": 34
      },
      {
        "hour": 22,
        "occupancyPercent": 20
      },
      {
        "hour": 23,
        "occupancyPercent": 0
      }
    ],
    "Th": [
      {
        "hour": 6,
        "occupancyPercent": 0
      },
      {
        "hour": 7,
        "occupancyPercent": 0
      },
      {
        "hour": 8,
        "occupancyPercent": 0
      },
      {
        "hour": 9,
        "occupancyPercent": 0
      },
      {
        "hour": 10,
        "occupancyPercent": 0
      },
      {
        "hour": 11,
        "occupancyPercent": 27
      },
      {
        "hour": 12,
        "occupancyPercent": 43
      },
      {
        "hour": 13,
        "occupancyPercent": 44
      },
      {
        "hour": 14,
        "occupancyPercent": 37
      },
      {
        "hour": 15,
        "occupancyPercent": 37
      },
      {
        "hour": 16,
        "occupancyPercent": 50
      },
      {
        "hour": 17,
        "occupancyPercent": 67
      },
      {
        "hour": 18,
        "occupancyPercent": 78
      },
      {
        "hour": 19,
        "occupancyPercent": 78
      },
      {
        "hour": 20,
        "occupancyPercent": 65
      },
      {
        "hour": 21,
        "occupancyPercent": 46
      },
      {
        "hour": 22,
        "occupancyPercent": 27
      },
      {
        "hour": 23,
        "occupancyPercent": 0
      }
    ],
    "Fr": [
      {
        "hour": 6,
        "occupancyPercent": 0
      },
      {
        "hour": 7,
        "occupancyPercent": 0
      },
      {
        "hour": 8,
        "occupancyPercent": 0
      },
      {
        "hour": 9,
        "occupancyPercent": 0
      },
      {
        "hour": 10,
        "occupancyPercent": 0
      },
      {
        "hour": 11,
        "occupancyPercent": 24
      },
      {
        "hour": 12,
        "occupancyPercent": 37
      },
      {
        "hour": 13,
        "occupancyPercent": 40
      },
      {
        "hour": 14,
        "occupancyPercent": 36
      },
      {
        "hour": 15,
        "occupancyPercent": 39
      },
      {
        "hour": 16,
        "occupancyPercent": 56
      },
      {
        "hour": 17,
        "occupancyPercent": 82
      },
      {
        "hour": 18,
        "occupancyPercent": 100
      },
      {
        "hour": 19,
        "occupancyPercent": 98
      },
      {
        "hour": 20,
        "occupancyPercent": 78
      },
      {
        "hour": 21,
        "occupancyPercent": 49
      },
      {
        "hour": 22,
        "occupancyPercent": 23
      },
      {
        "hour": 23,
        "occupancyPercent": 0
      }
    ],
    "Sa": [
      {
        "hour": 6,
        "occupancyPercent": 0
      },
      {
        "hour": 7,
        "occupancyPercent": 0
      },
      {
        "hour": 8,
        "occupancyPercent": 0
      },
      {
        "hour": 9,
        "occupancyPercent": 0
      },
      {
        "hour": 10,
        "occupancyPercent": 0
      },
      {
        "hour": 11,
        "occupancyPercent": 20
      },
      {
        "hour": 12,
        "occupancyPercent": 32
      },
      {
        "hour": 13,
        "occupancyPercent": 41
      },
      {
        "hour": 14,
        "occupancyPercent": 45
      },
      {
        "hour": 15,
        "occupancyPercent": 49
      },
      {
        "hour": 16,
        "occupancyPercent": 58
      },
      {
        "hour": 17,
        "occupancyPercent": 72
      },
      {
        "hour": 18,
        "occupancyPercent": 82
      },
      {
        "hour": 19,
        "occupancyPercent": 80
      },
      {
        "hour": 20,
        "occupancyPercent": 65
      },
      {
        "hour": 21,
        "occupancyPercent": 43
      },
      {
        "hour": 22,
        "occupancyPercent": 24
      },
      {
        "hour": 23,
        "occupancyPercent": 0
      }
    ]
  },
  "openingHours": [
    {
      "day": "Tuesday,",
      "hours": "11:30AM to 11PM"
    },
    {
      "day": "Wednesday,",
      "hours": "11:30AM to 11PM"
    },
    {
      "day": "Thursday,",
      "hours": "11:30AM to 11PM"
    },
    {
      "day": "Friday,",
      "hours": "11:30AM to 11PM"
    },
    {
      "day": "Saturday,",
      "hours": "11:30AM to 11PM"
    },
    {
      "day": "Sunday,",
      "hours": "11:30AM to 11PM"
    },
    {
      "day": "Monday,",
      "hours": "11:30AM to 10PM"
    }
  ],
  "additionalInfo": {
    "Service options": [
      {
        "No-contact delivery": true
      },
      {
        "Delivery": true
      },
      {
        "Takeaway": true
      }
    ],
    "Accessibility": [
      {
        "Wheelchair-accessible car park": true
      },
      {
        "Wheelchair-accessible entrance": true
      },
      {
        "Wheelchair-accessible seating": false
      }
    ],
    "Offerings": [
      {
        "Late-night food": true
      }
    ],
    "Dining options": [
      {
        "Lunch": true
      },
      {
        "Dinner": true
      },
      {
        "Dessert": true
      }
    ],
    "Atmosphere": [
      {
        "Casual": true
      }
    ],
    "Payments": [
      {
        "Debit cards": true
      },
      {
        "NFC mobile payments": true
      }
    ]
  },
  "reviewsCount": 176,
  "reviewsDistribution": {
    "oneStar": 49,
    "twoStar": 12,
    "threeStar": 20,
    "fourStar": 28,
    "fiveStar": 67
  },
  "reviews": [],
  "orderBy": [
    {
      "name": "pizzahut.com.au",
      "url": "http://www.pizzahut.com.au/?utm_source=Yext&utm_medium=Yext&utm_campaign=PizzaHutSunshineWestOrderNow&y_source=1_MTE5MDU1NzQtNzE1LWxvY2F0aW9uLm9yZGVyX3VybA%3D%3D"
    },
    {
      "name": "deliveroo.com.au",
      "url": "https://deliveroo.com.au/menu/melbourne/sunshine-west/pizza-hut-sunshine-west?utm_medium=affiliate&utm_source=google_maps_link"
    },
    {
      "name": "doordash.com",
      "url": "https://www.doordash.com/en-AU/store/wingstreet-by-pizza-hut-sunshine-west-23447514/?utm_campaign=gpa"
    }
  ]
}