{
  "title": "Le Pizzeria",
  "subTitle": null,
  "price": null,
  "menu": null,
  "categoryName": "Takeout restaurant",
  "address": "149 Victoria Ave, Albert Park VIC 3206, Australia",
  "locatedIn": null,
  "neighborhood": "149 Victoria Ave",
  "street": "149 Victoria Ave",
  "city": "Albert Park",
  "postalCode": "3206",
  "state": "Victoria",
  "countryCode": "AU",
  "plusCode": "5W3X+CR Albert Park, Victoria, Australia",
  "website": "https://lepizzeriaonline.com.au/",
  "phone": "+61 456 582 244",
  "temporarilyClosed": false,
  "location": {
    "lat": -37.846478,
    "lng": 144.949608
  },
  "permanentlyClosed": false,
  "totalScore": null,
  "isAdvertisement": false,
  "rank": 11,
  "placeId": "ChIJS2TwGiJn1moRAwcOxiuHnnA",
  "categories": [
    "Takeout restaurant"
  ],
  "cid": "8115072200644364035",
  "url": "https://www.google.com/maps/place/Le+Pizzeria/@-37.846478,144.949608,17z/data=!3m1!4b1!4m5!3m4!1s0x6ad667221af0644b:0x709e872bc60e0703!8m2!3d-37.8464432!4d144.9495386?hl=en",
  "searchPageUrl": "https://www.google.com/maps/search/pizza/@-37.8413092,144.9691792,15z?hl=en",
  "searchString": "pizza",
  "scrapedAt": "2022-08-01T17:07:33.813Z",
  "additionalInfo": {
    "Service options": [
      {
        "Delivery": true
      },
      {
        "Takeaway": true
      }
    ],
    "Dining options": [
      {
        "Dinner": true
      }
    ],
    "Amenities": [
      {
        "Good for kids": true
      }
    ],
    "Atmosphere": [
      {
        "Casual": true
      }
    ],
    "Planning": [
      {
        "Accepts reservations": true
      }
    ]
  },
  "reviewsCount": 0,
  "reviewsDistribution": {
    "oneStar": 0,
    "twoStar": 0,
    "threeStar": 0,
    "fourStar": 0,
    "fiveStar": 0
  },
  "reviews": [],
  "orderBy": [
    {
      "name": "lepizzeriaonline.com.au",
      "url": "https://lepizzeriaonline.com.au/order-now"
    }
  ]
}