{
  "title": "Crust Pizza MCG",
  "subTitle": null,
  "price": "$$",
  "menu": null,
  "categoryName": "Pizza restaurant",
  "address": "5 sites throughout the Melbourne Cricket Ground, East Melbourne VIC 3002, Australia",
  "locatedIn": null,
  "neighborhood": "5 sites throughout the Melbourne Cricket Ground",
  "street": "5 sites throughout the Melbourne Cricket Ground",
  "city": "East Melbourne",
  "postalCode": "3002",
  "state": "VIC",
  "countryCode": "AU",
  "plusCode": "5XJJ+6W East Melbourne, Victoria, Australia",
  "website": "https://www.crust.com.au/stores/vic/mcg/?utm_source=google&utm_medium=organic&utm_campaign=Google%20My%20Business%20Page&utm_content=MCG",
  "phone": null,
  "temporarilyClosed": false,
  "location": {
    "lat": -37.819401,
    "lng": 144.9822519
  },
  "permanentlyClosed": true,
  "totalScore": null,
  "isAdvertisement": false,
  "rank": 17,
  "placeId": "ChIJA5D8VpVC1moRsiB1P-b6mcI",
  "categories": [
    "Pizza restaurant"
  ],
  "cid": "14022514781608812722",
  "url": "https://www.google.com/maps/place/Crust+Pizza+MCG/@-37.819401,144.9822519,17z/data=!3m1!4b1!4m5!3m4!1s0x6ad6429556fc9003:0xc299fae63f7520b2!8m2!3d-37.819401!4d144.9822519?hl=en",
  "searchPageUrl": "https://www.google.com/maps/search/5+pizza/@-37.8140053,144.9691792,15z?hl=en",
  "searchString": "5 pizza",
  "scrapedAt": "2022-08-04T16:59:17.840Z",
  "additionalInfo": {
    "Service options": [
      {
        "Dine-in": true
      }
    ],
    "Amenities": [
      {
        "Good for kids": true
      }
    ]
  },
  "reviewsCount": 0,
  "reviewsDistribution": {
    "oneStar": 0,
    "twoStar": 0,
    "threeStar": 0,
    "fourStar": 0,
    "fiveStar": 0
  },
  "reviews": [],
  "orderBy": []
}