{
  "title": "Domino's Pizza Preston",
  "subTitle": null,
  "price": "$",
  "menu": null,
  "categoryName": "Fast food restaurant",
  "address": "593A Bell St, Preston VIC 3072, Australia",
  "locatedIn": null,
  "neighborhood": "593A Bell St",
  "street": "593A Bell St",
  "city": "Preston",
  "postalCode": "3072",
  "state": "Victoria",
  "countryCode": "AU",
  "plusCode": "7X4Q+7R Preston, Victoria, Australia",
  "website": "https://www.dominos.com.au/store/vic-preston-98845?utm_source=google&utm_medium=places-organic",
  "phone": "+61 3 8458 6020      phone5",
  "temporarilyClosed": false,
  "location": {
    "lat": -37.7442572,
    "lng": 144.9895822
  },
  "permanentlyClosed": false,
  "totalScore": 3.5,
  "isAdvertisement": false,
  "rank": 17,
  "placeId": "ChIJ1zmWY-xE1moRKBzX8gYz_hc",
  "categories": [
    "Pizza restaurant",
    "Dessert restaurant",
    "Family restaurant",
    "Lunch restaurant",
    "Meal delivery",
    "Takeout restaurant",
    "Pizza delivery",
    "Fast food restaurant",
    "Pizza takeaway",
    "Restaurant"
  ],
  "cid": "1728875411893853224",
  "url": "https://www.google.com/maps/place/Domino's+Pizza+Preston/@-37.7442572,144.9895822,17z/data=!3m1!4b1!4m5!3m4!1s0x6ad644ec639639d7:0x17fe3306f2d71c28!8m2!3d-37.7442572!4d144.9895822?hl=en",
  "searchPageUrl": "https://www.google.com/maps/search/pizza/@-37.7320935,145.0040678,15z?hl=en",
  "searchString": "pizza",
  "scrapedAt": "2022-08-01T17:07:13.373Z",
  "popularTimesLiveText": null,
  "popularTimesLivePercent": null,
  "popularTimesHistogram": {
    "Su": [
      {
        "hour": 6,
        "occupancyPercent": 0
      },
      {
        "hour": 7,
        "occupancyPercent": 0
      },
      {
        "hour": 8,
        "occupancyPercent": 0
      },
      {
        "hour": 9,
        "occupancyPercent": 0
      },
      {
        "hour": 10,
        "occupancyPercent": 0
      },
      {
        "hour": 11,
        "occupancyPercent": 23
      },
      {
        "hour": 12,
        "occupancyPercent": 38
      },
      {
        "hour": 13,
        "occupancyPercent": 46
      },
      {
        "hour": 14,
        "occupancyPercent": 47
      },
      {
        "hour": 15,
        "occupancyPercent": 49
      },
      {
        "hour": 16,
        "occupancyPercent": 58
      },
      {
        "hour": 17,
        "occupancyPercent": 72
      },
      {
        "hour": 18,
        "occupancyPercent": 76
      },
      {
        "hour": 19,
        "occupancyPercent": 66
      },
      {
        "hour": 20,
        "occupancyPercent": 52
      },
      {
        "hour": 21,
        "occupancyPercent": 40
      },
      {
        "hour": 22,
        "occupancyPercent": 32
      },
      {
        "hour": 23,
        "occupancyPercent": 0
      }
    ],
    "Mo": [
      {
        "hour": 6,
        "occupancyPercent": 0
      },
      {
        "hour": 7,
        "occupancyPercent": 0
      },
      {
        "hour": 8,
        "occupancyPercent": 0
      },
      {
        "hour": 9,
        "occupancyPercent": 0
      },
      {
        "hour": 10,
        "occupancyPercent": 0
      },
      {
        "hour": 11,
        "occupancyPercent": 15
      },
      {
        "hour": 12,
        "occupancyPercent": 40
      },
      {
        "hour": 13,
        "occupancyPercent": 39
      },
      {
        "hour": 14,
        "occupancyPercent": 21
      },
      {
        "hour": 15,
        "occupancyPercent": 21
      },
      {
        "hour": 16,
        "occupancyPercent": 33
      },
      {
        "hour": 17,
        "occupancyPercent": 47
      },
      {
        "hour": 18,
        "occupancyPercent": 57
      },
      {
        "hour": 19,
        "occupancyPercent": 60
      },
      {
        "hour": 20,
        "occupancyPercent": 53
      },
      {
        "hour": 21,
        "occupancyPercent": 39
      },
      {
        "hour": 22,
        "occupancyPercent": 24
      },
      {
        "hour": 23,
        "occupancyPercent": 0
      }
    ],
    "Tu": [
      {
        "hour": 6,
        "occupancyPercent": 0
      },
      {
        "hour": 7,
        "occupancyPercent": 0
      },
      {
        "hour": 8,
        "occupancyPercent": 0
      },
      {
        "hour": 9,
        "occupancyPercent": 0
      },
      {
        "hour": 10,
        "occupancyPercent": 0
      },
      {
        "hour": 11,
        "occupancyPercent": 24
      },
      {
        "hour": 12,
        "occupancyPercent": 36
      },
      {
        "hour": 13,
        "occupancyPercent": 42
      },
      {
        "hour": 14,
        "occupancyPercent": 40
      },
      {
        "hour": 15,
        "occupancyPercent": 38
      },
      {
        "hour": 16,
        "occupancyPercent": 40
      },
      {
        "hour": 17,
        "occupancyPercent": 43
      },
      {
        "hour": 18,
        "occupancyPercent": 44
      },
      {
        "hour": 19,
        "occupancyPercent": 43
      },
      {
        "hour": 20,
        "occupancyPercent": 37
      },
      {
        "hour": 21,
        "occupancyPercent": 28
      },
      {
        "hour": 22,
        "occupancyPercent": 20
      },
      {
        "hour": 23,
        "occupancyPercent": 0
      }
    ],
    "We": [
      {
        "hour": 6,
        "occupancyPercent": 0
      },
      {
        "hour": 7,
        "occupancyPercent": 0
      },
      {
        "hour": 8,
        "occupancyPercent": 0
      },
      {
        "hour": 9,
        "occupancyPercent": 0
      },
      {
        "hour": 10,
        "occupancyPercent": 0
      },
      {
        "hour": 11,
        "occupancyPercent": 21
      },
      {
        "hour": 12,
        "occupancyPercent": 27
      },
      {
        "hour": 13,
        "occupancyPercent": 32
      },
      {
        "hour": 14,
        "occupancyPercent": 36
      },
      {
        "hour": 15,
        "occupancyPercent": 38
      },
      {
        "hour": 16,
        "occupancyPercent": 42
      },
      {
        "hour": 17,
        "occupancyPercent": 50
      },
      {
        "hour": 18,
        "occupancyPercent": 62
      },
      {
        "hour": 19,
        "occupancyPercent": 70
      },
      {
        "hour": 20,
        "occupancyPercent": 68
      },
      {
        "hour": 21,
        "occupancyPercent": 53
      },
      {
        "hour": 22,
        "occupancyPercent": 33
      },
      {
        "hour": 23,
        "occupancyPercent": 0
      }
    ],
    "Th": [
      {
        "hour": 6,
        "occupancyPercent": 0
      },
      {
        "hour": 7,
        "occupancyPercent": 0
      },
      {
        "hour": 8,
        "occupancyPercent": 0
      },
      {
        "hour": 9,
        "occupancyPercent": 0
      },
      {
        "hour": 10,
        "occupancyPercent": 0
      },
      {
        "hour": 11,
        "occupancyPercent": 23
      },
      {
        "hour": 12,
        "occupancyPercent": 29
      },
      {
        "hour": 13,
        "occupancyPercent": 36
      },
      {
        "hour": 14,
        "occupancyPercent": 43
      },
      {
        "hour": 15,
        "occupancyPercent": 55
      },
      {
        "hour": 16,
        "occupancyPercent": 66
      },
      {
        "hour": 17,
        "occupancyPercent": 75
      },
      {
        "hour": 18,
        "occupancyPercent": 75
      },
      {
        "hour": 19,
        "occupancyPercent": 68
      },
      {
        "hour": 20,
        "occupancyPercent": 59
      },
      {
        "hour": 21,
        "occupancyPercent": 51
      },
      {
        "hour": 22,
        "occupancyPercent": 42
      },
      {
        "hour": 23,
        "occupancyPercent": 28
      }
    ],
    "Fr": [
      {
        "hour": 6,
        "occupancyPercent": 0
      },
      {
        "hour": 7,
        "occupancyPercent": 0
      },
      {
        "hour": 8,
        "occupancyPercent": 0
      },
      {
        "hour": 9,
        "occupancyPercent": 0
      },
      {
        "hour": 10,
        "occupancyPercent": 0
      },
      {
        "hour": 11,
        "occupancyPercent": 20
      },
      {
        "hour": 12,
        "occupancyPercent": 26
      },
      {
        "hour": 13,
        "occupancyPercent": 33
      },
      {
        "hour": 14,
        "occupancyPercent": 37
      },
      {
        "hour": 15,
        "occupancyPercent": 42
      },
      {
        "hour": 16,
        "occupancyPercent": 49
      },
      {
        "hour": 17,
        "occupancyPercent": 60
      },
      {
        "hour": 18,
        "occupancyPercent": 73
      },
      {
        "hour": 19,
        "occupancyPercent": 82
      },
      {
        "hour": 20,
        "occupancyPercent": 79
      },
      {
        "hour": 21,
        "occupancyPercent": 66
      },
      {
        "hour": 22,
        "occupancyPercent": 50
      },
      {
        "hour": 23,
        "occupancyPercent": 37
      },
      {
        "hour": 0,
        "occupancyPercent": 27
      }
    ],
    "Sa": [
      {
        "hour": 6,
        "occupancyPercent": 0
      },
      {
        "hour": 7,
        "occupancyPercent": 0
      },
      {
        "hour": 8,
        "occupancyPercent": 0
      },
      {
        "hour": 9,
        "occupancyPercent": 0
      },
      {
        "hour": 10,
        "occupancyPercent": 0
      },
      {
        "hour": 11,
        "occupancyPercent": 21
      },
      {
        "hour": 12,
        "occupancyPercent": 44
      },
      {
        "hour": 13,
        "occupancyPercent": 53
      },
      {
        "hour": 14,
        "occupancyPercent": 45
      },
      {
        "hour": 15,
        "occupancyPercent": 42
      },
      {
        "hour": 16,
        "occupancyPercent": 54
      },
      {
        "hour": 17,
        "occupancyPercent": 73
      },
      {
        "hour": 18,
        "occupancyPercent": 91
      },
      {
        "hour": 19,
        "occupancyPercent": 100
      },
      {
        "hour": 20,
        "occupancyPercent": 97
      },
      {
        "hour": 21,
        "occupancyPercent": 82
      },
      {
        "hour": 22,
        "occupancyPercent": 63
      },
      {
        "hour": 23,
        "occupancyPercent": 43
      },
      {
        "hour": 0,
        "occupancyPercent": 26
      }
    ]
  },
  "openingHours": [
    {
      "day": "Tuesday,",
      "hours": "11AM to 11PM"
    },
    {
      "day": "Wednesday,",
      "hours": "11AM to 11PM"
    },
    {
      "day": "Thursday,",
      "hours": "11AM to 12AM"
    },
    {
      "day": "Friday,",
      "hours": "11AM to 1AM"
    },
    {
      "day": "Saturday,",
      "hours": "11AM to 1AM"
    },
    {
      "day": "Sunday,",
      "hours": "11AM to 11PM"
    },
    {
      "day": "Monday,",
      "hours": "11AM to 11PM"
    }
  ],
  "additionalInfo": {
    "Service options": [
      {
        "Kerbside pickup": true
      },
      {
        "No-contact delivery": true
      },
      {
        "Delivery": true
      },
      {
        "Takeaway": true
      }
    ],
    "Accessibility": [
      {
        "Wheelchair-accessible entrance": true
      },
      {
        "Wheelchair-accessible seating": false
      },
      {
        "Wheelchair-accessible toilet": false
      }
    ],
    "Offerings": [
      {
        "Late-night food": true
      },
      {
        "Vegetarian options": true
      }
    ],
    "Dining options": [
      {
        "Lunch": true
      },
      {
        "Dinner": true
      },
      {
        "Catering": true
      },
      {
        "Dessert": true
      }
    ],
    "Amenities": [
      {
        "Good for kids": true
      }
    ],
    "Atmosphere": [
      {
        "Casual": true
      }
    ],
    "Crowd": [
      {
        "Family friendly": true
      },
      {
        "LGBTQ+ friendly": true
      },
      {
        "Transgender safe space": true
      }
    ],
    "Payments": [
      {
        "Debit cards": true
      },
      {
        "NFC mobile payments": true
      },
      {
        "Credit cards": true
      }
    ]
  },
  "reviewsCount": 253,
  "reviewsDistribution": {
    "oneStar": 67,
    "twoStar": 8,
    "threeStar": 26,
    "fourStar": 45,
    "fiveStar": 107
  },
  "reviews": [],
  "orderBy": []
}