{
  "title": "Bobos Pizza House Mornington",
  "subTitle": null,
  "price": null,
  "menu": null,
  "categoryName": "Pizza restaurant",
  "address": "968a Nepean Hwy, Mornington VIC 3931, Australia",
  "locatedIn": null,
  "neighborhood": "968a Nepean Hwy",
  "street": "968a Nepean Hwy",
  "city": "Mornington",
  "postalCode": "3931",
  "state": "Victoria",
  "countryCode": "AU",
  "plusCode": "Q29V+QV Mornington, Victoria, Australia",
  "website": null,
  "phone": null,
  "temporarilyClosed": false,
  "location": {
    "lat": -38.2306098,
    "lng": 145.044727
  },
  "permanentlyClosed": true,
  "totalScore": null,
  "isAdvertisement": false,
  "rank": 3,
  "placeId": "ChIJTSll3lXZ1WoRYxCkhQhTEbs",
  "categories": [
    "Pizza restaurant",
    "Pizza takeaway",
    "Restaurant"
  ],
  "cid": "13479646455763570787",
  "url": "https://www.google.com/maps/place/Bobos+Pizza+House+Mornington/@-38.2306098,145.044727,17z/data=!3m1!4b1!4m5!3m4!1s0x6ad5d955de65294d:0xbb11530885a41063!8m2!3d-38.2306769!4d145.0447261?hl=en",
  "searchPageUrl": "https://www.google.com/maps/search/b9+pizza/@-38.2235644,145.0389564,15z?hl=en",
  "searchString": "b9 pizza",
  "scrapedAt": "2022-08-01T21:35:23.771Z",
  "openingHours": [
    {
      "day": "Tuesday,",
      "hours": "12 to 10:30PM"
    },
    {
      "day": "Wednesday,",
      "hours": "12 to 10PM"
    },
    {
      "day": "Thursday,",
      "hours": "12 to 11PM"
    },
    {
      "day": "Friday,",
      "hours": "12PM to 12AM"
    },
    {
      "day": "Saturday,",
      "hours": "12PM to 12AM"
    },
    {
      "day": "Sunday,",
      "hours": "12 to 11PM"
    },
    {
      "day": "Monday,",
      "hours": "12 to 10PM"
    }
  ],
  "additionalInfo": {
    "Service options": [
      {
        "Dine-in": true
      }
    ],
    "Amenities": [
      {
        "Good for kids": true
      }
    ]
  },
  "reviewsCount": 0,
  "reviewsDistribution": {
    "oneStar": 0,
    "twoStar": 0,
    "threeStar": 0,
    "fourStar": 0,
    "fiveStar": 0
  },
  "reviews": [],
  "orderBy": []
}