{
  "title": "Brunswick Pizza & Bar",
  "subTitle": null,
  "price": "$",
  "menu": null,
  "categoryName": "Restaurant",
  "address": "128 Nicholson St, Brunswick East VIC 3057, Australia",
  "locatedIn": null,
  "neighborhood": "128 Nicholson St",
  "street": "128 Nicholson St",
  "city": "Brunswick East",
  "postalCode": "3057",
  "state": "Victoria",
  "countryCode": "AU",
  "plusCode": "6XMJ+45 Brunswick East, Victoria, Australia",
  "website": "https://brunswickpizzabar.com.au/menu",
  "phone": "+61 3 9078 0076",
  "temporarilyClosed": false,
  "location": {
    "lat": -37.767141,
    "lng": 144.9804609
  },
  "permanentlyClosed": false,
  "totalScore": 3.8,
  "isAdvertisement": false,
  "rank": 7,
  "placeId": "ChIJ9-fLKlxD1moRHdnopYi-c7U",
  "categories": [
    "Pizza restaurant",
    "Bar & grill",
    "Beer garden",
    "Beer store",
    "Italian restaurant",
    "Pasta shop",
    "Pizza delivery",
    "Restaurant"
  ],
  "cid": "13075003637295012125",
  "url": "https://www.google.com/maps/place/Brunswick+Pizza+%26+Bar/@-37.767141,144.9804609,17z/data=!3m1!4b1!4m5!3m4!1s0x6ad6435c2acbe7f7:0xb573be88a5e8d91d!8m2!3d-37.767141!4d144.9804609?hl=en",
  "searchPageUrl": "https://www.google.com/maps/search/pizza/@-37.7593974,144.9691792,15z?hl=en",
  "searchString": "pizza",
  "scrapedAt": "2022-08-01T17:07:29.357Z",
  "popularTimesLiveText": "Now: Usually not too busy",
  "popularTimesLivePercent": null,
  "popularTimesHistogram": {
    "Su": [
      {
        "hour": 6,
        "occupancyPercent": 0
      },
      {
        "hour": 7,
        "occupancyPercent": 0
      },
      {
        "hour": 8,
        "occupancyPercent": 0
      },
      {
        "hour": 9,
        "occupancyPercent": 0
      },
      {
        "hour": 10,
        "occupancyPercent": 0
      },
      {
        "hour": 11,
        "occupancyPercent": 0
      },
      {
        "hour": 12,
        "occupancyPercent": 0
      },
      {
        "hour": 13,
        "occupancyPercent": 0
      },
      {
        "hour": 14,
        "occupancyPercent": 0
      },
      {
        "hour": 15,
        "occupancyPercent": 0
      },
      {
        "hour": 16,
        "occupancyPercent": 0
      },
      {
        "hour": 17,
        "occupancyPercent": 18
      },
      {
        "hour": 18,
        "occupancyPercent": 20
      },
      {
        "hour": 19,
        "occupancyPercent": 23
      },
      {
        "hour": 20,
        "occupancyPercent": 27
      },
      {
        "hour": 21,
        "occupancyPercent": 32
      },
      {
        "hour": 22,
        "occupancyPercent": 36
      },
      {
        "hour": 23,
        "occupancyPercent": 38
      },
      {
        "hour": 0,
        "occupancyPercent": 40
      },
      {
        "hour": 1,
        "occupancyPercent": 41
      },
      {
        "hour": 2,
        "occupancyPercent": 41
      },
      {
        "hour": 3,
        "occupancyPercent": 41
      },
      {
        "hour": 4,
        "occupancyPercent": 23
      }
    ],
    "Mo": [
      {
        "hour": 6,
        "occupancyPercent": 0
      },
      {
        "hour": 7,
        "occupancyPercent": 0
      },
      {
        "hour": 8,
        "occupancyPercent": 0
      },
      {
        "hour": 9,
        "occupancyPercent": 0
      },
      {
        "hour": 10,
        "occupancyPercent": 0
      },
      {
        "hour": 11,
        "occupancyPercent": 0
      },
      {
        "hour": 12,
        "occupancyPercent": 0
      },
      {
        "hour": 13,
        "occupancyPercent": 0
      },
      {
        "hour": 14,
        "occupancyPercent": 0
      },
      {
        "hour": 15,
        "occupancyPercent": 0
      },
      {
        "hour": 16,
        "occupancyPercent": 0
      },
      {
        "hour": 17,
        "occupancyPercent": 21
      },
      {
        "hour": 18,
        "occupancyPercent": 29
      },
      {
        "hour": 19,
        "occupancyPercent": 27
      },
      {
        "hour": 20,
        "occupancyPercent": 29
      },
      {
        "hour": 21,
        "occupancyPercent": 38
      },
      {
        "hour": 22,
        "occupancyPercent": 45
      },
      {
        "hour": 23,
        "occupancyPercent": 50
      },
      {
        "hour": 0,
        "occupancyPercent": 52
      },
      {
        "hour": 1,
        "occupancyPercent": 49
      },
      {
        "hour": 2,
        "occupancyPercent": 41
      },
      {
        "hour": 3,
        "occupancyPercent": 32
      },
      {
        "hour": 4,
        "occupancyPercent": 20
      }
    ],
    "Tu": [],
    "We": [
      {
        "hour": 6,
        "occupancyPercent": 0
      },
      {
        "hour": 7,
        "occupancyPercent": 0
      },
      {
        "hour": 8,
        "occupancyPercent": 0
      },
      {
        "hour": 9,
        "occupancyPercent": 0
      },
      {
        "hour": 10,
        "occupancyPercent": 0
      },
      {
        "hour": 11,
        "occupancyPercent": 0
      },
      {
        "hour": 12,
        "occupancyPercent": 0
      },
      {
        "hour": 13,
        "occupancyPercent": 0
      },
      {
        "hour": 14,
        "occupancyPercent": 0
      },
      {
        "hour": 15,
        "occupancyPercent": 0
      },
      {
        "hour": 16,
        "occupancyPercent": 0
      },
      {
        "hour": 17,
        "occupancyPercent": 7
      },
      {
        "hour": 18,
        "occupancyPercent": 10
      },
      {
        "hour": 19,
        "occupancyPercent": 16
      },
      {
        "hour": 20,
        "occupancyPercent": 18
      },
      {
        "hour": 21,
        "occupancyPercent": 10
      },
      {
        "hour": 22,
        "occupancyPercent": 5
      },
      {
        "hour": 23,
        "occupancyPercent": 3
      },
      {
        "hour": 0,
        "occupancyPercent": 3
      },
      {
        "hour": 1,
        "occupancyPercent": 3
      },
      {
        "hour": 2,
        "occupancyPercent": 5
      },
      {
        "hour": 3,
        "occupancyPercent": 5
      },
      {
        "hour": 4,
        "occupancyPercent": 7
      }
    ],
    "Th": [
      {
        "hour": 6,
        "occupancyPercent": 0
      },
      {
        "hour": 7,
        "occupancyPercent": 0
      },
      {
        "hour": 8,
        "occupancyPercent": 0
      },
      {
        "hour": 9,
        "occupancyPercent": 0
      },
      {
        "hour": 10,
        "occupancyPercent": 0
      },
      {
        "hour": 11,
        "occupancyPercent": 0
      },
      {
        "hour": 12,
        "occupancyPercent": 0
      },
      {
        "hour": 13,
        "occupancyPercent": 0
      },
      {
        "hour": 14,
        "occupancyPercent": 0
      },
      {
        "hour": 15,
        "occupancyPercent": 0
      },
      {
        "hour": 16,
        "occupancyPercent": 0
      },
      {
        "hour": 17,
        "occupancyPercent": 10
      },
      {
        "hour": 18,
        "occupancyPercent": 21
      },
      {
        "hour": 19,
        "occupancyPercent": 40
      },
      {
        "hour": 20,
        "occupancyPercent": 58
      },
      {
        "hour": 21,
        "occupancyPercent": 67
      },
      {
        "hour": 22,
        "occupancyPercent": 61
      },
      {
        "hour": 23,
        "occupancyPercent": 47
      },
      {
        "hour": 0,
        "occupancyPercent": 41
      },
      {
        "hour": 1,
        "occupancyPercent": 52
      },
      {
        "hour": 2,
        "occupancyPercent": 49
      },
      {
        "hour": 3,
        "occupancyPercent": 21
      },
      {
        "hour": 4,
        "occupancyPercent": 29
      }
    ],
    "Fr": [
      {
        "hour": 6,
        "occupancyPercent": 0
      },
      {
        "hour": 7,
        "occupancyPercent": 0
      },
      {
        "hour": 8,
        "occupancyPercent": 0
      },
      {
        "hour": 9,
        "occupancyPercent": 0
      },
      {
        "hour": 10,
        "occupancyPercent": 0
      },
      {
        "hour": 11,
        "occupancyPercent": 0
      },
      {
        "hour": 12,
        "occupancyPercent": 0
      },
      {
        "hour": 13,
        "occupancyPercent": 0
      },
      {
        "hour": 14,
        "occupancyPercent": 0
      },
      {
        "hour": 15,
        "occupancyPercent": 0
      },
      {
        "hour": 16,
        "occupancyPercent": 0
      },
      {
        "hour": 17,
        "occupancyPercent": 34
      },
      {
        "hour": 18,
        "occupancyPercent": 70
      },
      {
        "hour": 19,
        "occupancyPercent": 100
      },
      {
        "hour": 20,
        "occupancyPercent": 100
      },
      {
        "hour": 21,
        "occupancyPercent": 81
      },
      {
        "hour": 22,
        "occupancyPercent": 69
      },
      {
        "hour": 23,
        "occupancyPercent": 74
      },
      {
        "hour": 0,
        "occupancyPercent": 85
      },
      {
        "hour": 1,
        "occupancyPercent": 85
      },
      {
        "hour": 2,
        "occupancyPercent": 70
      },
      {
        "hour": 3,
        "occupancyPercent": 49
      },
      {
        "hour": 4,
        "occupancyPercent": 41
      }
    ],
    "Sa": [
      {
        "hour": 6,
        "occupancyPercent": 0
      },
      {
        "hour": 7,
        "occupancyPercent": 0
      },
      {
        "hour": 8,
        "occupancyPercent": 0
      },
      {
        "hour": 9,
        "occupancyPercent": 0
      },
      {
        "hour": 10,
        "occupancyPercent": 0
      },
      {
        "hour": 11,
        "occupancyPercent": 0
      },
      {
        "hour": 12,
        "occupancyPercent": 0
      },
      {
        "hour": 13,
        "occupancyPercent": 0
      },
      {
        "hour": 14,
        "occupancyPercent": 0
      },
      {
        "hour": 15,
        "occupancyPercent": 0
      },
      {
        "hour": 16,
        "occupancyPercent": 0
      },
      {
        "hour": 17,
        "occupancyPercent": 23
      },
      {
        "hour": 18,
        "occupancyPercent": 74
      },
      {
        "hour": 19,
        "occupancyPercent": 74
      },
      {
        "hour": 20,
        "occupancyPercent": 41
      },
      {
        "hour": 21,
        "occupancyPercent": 49
      },
      {
        "hour": 22,
        "occupancyPercent": 67
      },
      {
        "hour": 23,
        "occupancyPercent": 81
      },
      {
        "hour": 0,
        "occupancyPercent": 89
      },
      {
        "hour": 1,
        "occupancyPercent": 85
      },
      {
        "hour": 2,
        "occupancyPercent": 74
      },
      {
        "hour": 3,
        "occupancyPercent": 58
      },
      {
        "hour": 4,
        "occupancyPercent": 40
      }
    ]
  },
  "openingHours": [
    {
      "day": "Monday,",
      "hours": "5PM to 5AM"
    },
    {
      "day": "Tuesday,",
      "hours": "Closed"
    },
    {
      "day": "Wednesday,",
      "hours": "5PM to 5AM"
    },
    {
      "day": "Thursday,",
      "hours": "5PM to 5AM"
    },
    {
      "day": "Friday,",
      "hours": "5PM to 5AM"
    },
    {
      "day": "Saturday,",
      "hours": "5PM to 5AM"
    },
    {
      "day": "Sunday,",
      "hours": "5PM to 5AM"
    }
  ],
  "additionalInfo": {
    "Service options": [
      {
        "Delivery": true
      },
      {
        "Takeaway": true
      },
      {
        "Dine-in": true
      }
    ],
    "Accessibility": [
      {
        "Wheelchair-accessible car park": false
      },
      {
        "Wheelchair-accessible entrance": false
      },
      {
        "Wheelchair-accessible seating": false
      }
    ],
    "Offerings": [
      {
        "Alcohol": true
      },
      {
        "Beer": true
      },
      {
        "Late-night food": true
      }
    ],
    "Dining options": [
      {
        "Dinner": true
      },
      {
        "Catering": true
      },
      {
        "Dessert": true
      }
    ],
    "Amenities": [
      {
        "Good for kids": true
      }
    ],
    "Atmosphere": [
      {
        "Casual": true
      }
    ],
    "Planning": [
      {
        "Accepts reservations": true
      }
    ],
    "Payments": [
      {
        "NFC mobile payments": true
      }
    ]
  },
  "reviewsCount": 409,
  "reviewsDistribution": {
    "oneStar": 112,
    "twoStar": 8,
    "threeStar": 4,
    "fourStar": 12,
    "fiveStar": 273
  },
  "reviews": [],
  "orderBy": []
}