{
  "title": "JB's Pizza Place",
  "subTitle": null,
  "price": null,
  "menu": null,
  "categoryName": "Pizza takeaway",
  "address": "1 Military Rd, Avondale Heights VIC 3034, Australia",
  "locatedIn": null,
  "neighborhood": "1 Military Rd",
  "street": "1 Military Rd",
  "city": "Avondale Heights",
  "postalCode": "3034",
  "state": "Victoria",
  "countryCode": "AU",
  "plusCode": "6VH8+R4 Avondale Heights, Victoria, Australia",
  "website": "http://jbspizza.com.au/",
  "phone": "+61 458 224 688",
  "temporarilyClosed": false,
  "location": {
    "lat": -37.770462,
    "lng": 144.865282
  },
  "permanentlyClosed": false,
  "totalScore": 4.4,
  "isAdvertisement": false,
  "rank": 17,
  "placeId": "ChIJU4OcboFf1moRAlxxDAd1oD4",
  "categories": [
    "Pizza takeaway"
  ],
  "cid": "4512735499759213570",
  "url": "https://www.google.com/maps/place/JB's+Pizza+Place/@-37.770462,144.865282,17z/data=!3m1!4b1!4m5!3m4!1s0x6ad65f816e9c8353:0x3ea075070c715c02!8m2!3d-37.770462!4d144.865282?hl=en",
  "searchPageUrl": "https://www.google.com/maps/search/hj+pizza/@-37.7593974,144.8296249,15z?hl=en",
  "searchString": "hj pizza",
  "scrapedAt": "2022-08-02T09:09:15.243Z",
  "openingHours": [
    {
      "day": "Tuesday,",
      "hours": "Closed"
    },
    {
      "day": "Wednesday,",
      "hours": "Closed"
    },
    {
      "day": "Thursday,",
      "hours": "Closed"
    },
    {
      "day": "Friday,",
      "hours": "5 to 9PM"
    },
    {
      "day": "Saturday,",
      "hours": "5 to 9PM"
    },
    {
      "day": "Sunday,",
      "hours": "5 to 9PM"
    },
    {
      "day": "Monday,",
      "hours": "5 to 9PM"
    }
  ],
  "additionalInfo": {
    "Service options": [
      {
        "No-contact delivery": true
      },
      {
        "Delivery": true
      },
      {
        "Takeaway": true
      }
    ]
  },
  "reviewsCount": 9,
  "reviewsDistribution": {
    "oneStar": 1,
    "twoStar": 0,
    "threeStar": 0,
    "fourStar": 1,
    "fiveStar": 7
  },
  "reviews": [],
  "orderBy": []
}