{
  "title": "Rumi Woodfired Pizza",
  "subTitle": null,
  "price": null,
  "menu": null,
  "categoryName": "Restaurant",
  "address": "45 Walker St, Dandenong VIC 3175, Australia",
  "locatedIn": null,
  "neighborhood": "45 Walker St",
  "street": "45 Walker St",
  "city": "Dandenong",
  "postalCode": "3175",
  "state": "Victoria",
  "countryCode": "AU",
  "plusCode": "2666+QW Dandenong, Victoria, Australia",
  "website": "https://rumi-woodfired-pizza.business.site/",
  "phone": "+61 3 8752 1774",
  "temporarilyClosed": false,
  "location": {
    "lat": -37.9880814,
    "lng": 145.2123378
  },
  "permanentlyClosed": true,
  "totalScore": 5,
  "isAdvertisement": false,
  "rank": 19,
  "placeId": "ChIJO-JuvLIV1moRIL9Hqm5m7bA",
  "categories": [
    "Restaurant"
  ],
  "cid": "12748958745645006624",
  "url": "https://www.google.com/maps/place/Rumi+Woodfired+Pizza/@-37.9880814,145.2123378,17z/data=!3m1!4b1!4m5!3m4!1s0x6ad615b2bc6ee23b:0xb0ed666eaa47bf20!8m2!3d-37.9880814!4d145.2123378?hl=en",
  "searchPageUrl": "https://www.google.com/maps/search/45+pizza/@-38.1689565,145.4925079,15z?hl=en",
  "searchString": "45 pizza",
  "scrapedAt": "2022-08-04T16:43:05.803Z",
  "openingHours": [
    {
      "day": "Friday,",
      "hours": "5 to 11PM"
    },
    {
      "day": "Saturday,",
      "hours": "5 to 11PM"
    },
    {
      "day": "Sunday,",
      "hours": "5 to 11PM"
    },
    {
      "day": "Monday,",
      "hours": "Closed"
    },
    {
      "day": "Tuesday,",
      "hours": "5 to 11PM"
    },
    {
      "day": "Wednesday,",
      "hours": "5 to 11PM"
    },
    {
      "day": "Thursday,",
      "hours": "5 to 11PM"
    }
  ],
  "additionalInfo": {
    "Service options": [
      {
        "Dine-in": true
      }
    ],
    "Offerings": [
      {
        "Halal food": true
      },
      {
        "Vegetarian options": true
      }
    ],
    "Dining options": [
      {
        "Lunch": true
      },
      {
        "Dinner": true
      },
      {
        "Seating": true
      }
    ],
    "Amenities": [
      {
        "Good for kids": true
      }
    ],
    "Crowd": [
      {
        "Family friendly": true
      }
    ],
    "Payments": [
      {
        "Debit cards": true
      },
      {
        "Credit cards": true
      }
    ]
  },
  "reviewsCount": 24,
  "reviewsDistribution": {
    "oneStar": 0,
    "twoStar": 0,
    "threeStar": 0,
    "fourStar": 0,
    "fiveStar": 24
  },
  "reviews": [],
  "orderBy": []
}