{
  "title": "Pizza 72",
  "subTitle": null,
  "price": null,
  "menu": null,
  "categoryName": "Pizza takeaway",
  "address": "124 Canterbury Rd, Heathmont VIC 3135, Australia",
  "locatedIn": "Floor 0 · Heathmont Shopping Strip",
  "neighborhood": "124 Canterbury Rd",
  "street": "124 Canterbury Rd",
  "city": "Heathmont",
  "postalCode": "3135",
  "state": "Victoria",
  "countryCode": "AU",
  "plusCode": "56CW+RR Heathmont, Victoria, Australia",
  "website": "http://www.pizza72.com.au/",
  "phone": "+61 3 8201 4278",
  "temporarilyClosed": false,
  "location": {
    "lat": -37.827993,
    "lng": 145.247082
  },
  "permanentlyClosed": false,
  "totalScore": 4.8,
  "isAdvertisement": false,
  "rank": 16,
  "placeId": "ChIJ__8brBo_1moRIeZPPAsLHJg",
  "categories": [
    "Pizza takeaway"
  ],
  "cid": "10960647735997359649",
  "url": "https://www.google.com/maps/place/Pizza+72/@-37.827993,145.247082,17z/data=!3m1!4b1!4m5!3m4!1s0x6ad63f1aac1bffff:0x981c0b0b3c4fe621!8m2!3d-37.827993!4d145.247082?hl=en",
  "searchPageUrl": "https://www.google.com/maps/search/pizza/@-37.8140053,145.2133993,15z?hl=en",
  "searchString": "pizza",
  "scrapedAt": "2022-08-01T17:09:26.908Z",
  "popularTimesLiveText": null,
  "popularTimesLivePercent": null,
  "popularTimesHistogram": {
    "Su": [
      {
        "hour": 6,
        "occupancyPercent": 0
      },
      {
        "hour": 7,
        "occupancyPercent": 0
      },
      {
        "hour": 8,
        "occupancyPercent": 0
      },
      {
        "hour": 9,
        "occupancyPercent": 0
      },
      {
        "hour": 10,
        "occupancyPercent": 0
      },
      {
        "hour": 11,
        "occupancyPercent": 0
      },
      {
        "hour": 12,
        "occupancyPercent": 0
      },
      {
        "hour": 13,
        "occupancyPercent": 0
      },
      {
        "hour": 14,
        "occupancyPercent": 0
      },
      {
        "hour": 15,
        "occupancyPercent": 0
      },
      {
        "hour": 16,
        "occupancyPercent": 0
      },
      {
        "hour": 17,
        "occupancyPercent": 36
      },
      {
        "hour": 18,
        "occupancyPercent": 68
      },
      {
        "hour": 19,
        "occupancyPercent": 58
      },
      {
        "hour": 20,
        "occupancyPercent": 19
      },
      {
        "hour": 21,
        "occupancyPercent": 0
      },
      {
        "hour": 22,
        "occupancyPercent": 0
      },
      {
        "hour": 23,
        "occupancyPercent": 0
      }
    ],
    "Mo": [
      {
        "hour": 6,
        "occupancyPercent": 0
      },
      {
        "hour": 7,
        "occupancyPercent": 0
      },
      {
        "hour": 8,
        "occupancyPercent": 0
      },
      {
        "hour": 9,
        "occupancyPercent": 0
      },
      {
        "hour": 10,
        "occupancyPercent": 0
      },
      {
        "hour": 11,
        "occupancyPercent": 0
      },
      {
        "hour": 12,
        "occupancyPercent": 0
      },
      {
        "hour": 13,
        "occupancyPercent": 0
      },
      {
        "hour": 14,
        "occupancyPercent": 0
      },
      {
        "hour": 15,
        "occupancyPercent": 0
      },
      {
        "hour": 16,
        "occupancyPercent": 0
      },
      {
        "hour": 17,
        "occupancyPercent": 14
      },
      {
        "hour": 18,
        "occupancyPercent": 33
      },
      {
        "hour": 19,
        "occupancyPercent": 41
      },
      {
        "hour": 20,
        "occupancyPercent": 25
      },
      {
        "hour": 21,
        "occupancyPercent": 0
      },
      {
        "hour": 22,
        "occupancyPercent": 0
      },
      {
        "hour": 23,
        "occupancyPercent": 0
      }
    ],
    "Tu": [
      {
        "hour": 6,
        "occupancyPercent": 0
      },
      {
        "hour": 7,
        "occupancyPercent": 0
      },
      {
        "hour": 8,
        "occupancyPercent": 0
      },
      {
        "hour": 9,
        "occupancyPercent": 0
      },
      {
        "hour": 10,
        "occupancyPercent": 0
      },
      {
        "hour": 11,
        "occupancyPercent": 0
      },
      {
        "hour": 12,
        "occupancyPercent": 0
      },
      {
        "hour": 13,
        "occupancyPercent": 0
      },
      {
        "hour": 14,
        "occupancyPercent": 0
      },
      {
        "hour": 15,
        "occupancyPercent": 0
      },
      {
        "hour": 16,
        "occupancyPercent": 0
      },
      {
        "hour": 17,
        "occupancyPercent": 51
      },
      {
        "hour": 18,
        "occupancyPercent": 71
      },
      {
        "hour": 19,
        "occupancyPercent": 44
      },
      {
        "hour": 20,
        "occupancyPercent": 10
      },
      {
        "hour": 21,
        "occupancyPercent": 1
      },
      {
        "hour": 22,
        "occupancyPercent": 0
      },
      {
        "hour": 23,
        "occupancyPercent": 0
      }
    ],
    "We": [
      {
        "hour": 6,
        "occupancyPercent": 0
      },
      {
        "hour": 7,
        "occupancyPercent": 0
      },
      {
        "hour": 8,
        "occupancyPercent": 0
      },
      {
        "hour": 9,
        "occupancyPercent": 0
      },
      {
        "hour": 10,
        "occupancyPercent": 0
      },
      {
        "hour": 11,
        "occupancyPercent": 0
      },
      {
        "hour": 12,
        "occupancyPercent": 0
      },
      {
        "hour": 13,
        "occupancyPercent": 0
      },
      {
        "hour": 14,
        "occupancyPercent": 0
      },
      {
        "hour": 15,
        "occupancyPercent": 0
      },
      {
        "hour": 16,
        "occupancyPercent": 0
      },
      {
        "hour": 17,
        "occupancyPercent": 12
      },
      {
        "hour": 18,
        "occupancyPercent": 49
      },
      {
        "hour": 19,
        "occupancyPercent": 74
      },
      {
        "hour": 20,
        "occupancyPercent": 44
      },
      {
        "hour": 21,
        "occupancyPercent": 10
      },
      {
        "hour": 22,
        "occupancyPercent": 0
      },
      {
        "hour": 23,
        "occupancyPercent": 0
      }
    ],
    "Th": [
      {
        "hour": 6,
        "occupancyPercent": 0
      },
      {
        "hour": 7,
        "occupancyPercent": 0
      },
      {
        "hour": 8,
        "occupancyPercent": 0
      },
      {
        "hour": 9,
        "occupancyPercent": 0
      },
      {
        "hour": 10,
        "occupancyPercent": 0
      },
      {
        "hour": 11,
        "occupancyPercent": 0
      },
      {
        "hour": 12,
        "occupancyPercent": 0
      },
      {
        "hour": 13,
        "occupancyPercent": 0
      },
      {
        "hour": 14,
        "occupancyPercent": 0
      },
      {
        "hour": 15,
        "occupancyPercent": 0
      },
      {
        "hour": 16,
        "occupancyPercent": 0
      },
      {
        "hour": 17,
        "occupancyPercent": 58
      },
      {
        "hour": 18,
        "occupancyPercent": 67
      },
      {
        "hour": 19,
        "occupancyPercent": 58
      },
      {
        "hour": 20,
        "occupancyPercent": 36
      },
      {
        "hour": 21,
        "occupancyPercent": 15
      },
      {
        "hour": 22,
        "occupancyPercent": 0
      },
      {
        "hour": 23,
        "occupancyPercent": 0
      }
    ],
    "Fr": [
      {
        "hour": 6,
        "occupancyPercent": 0
      },
      {
        "hour": 7,
        "occupancyPercent": 0
      },
      {
        "hour": 8,
        "occupancyPercent": 0
      },
      {
        "hour": 9,
        "occupancyPercent": 0
      },
      {
        "hour": 10,
        "occupancyPercent": 0
      },
      {
        "hour": 11,
        "occupancyPercent": 0
      },
      {
        "hour": 12,
        "occupancyPercent": 0
      },
      {
        "hour": 13,
        "occupancyPercent": 0
      },
      {
        "hour": 14,
        "occupancyPercent": 0
      },
      {
        "hour": 15,
        "occupancyPercent": 0
      },
      {
        "hour": 16,
        "occupancyPercent": 0
      },
      {
        "hour": 17,
        "occupancyPercent": 53
      },
      {
        "hour": 18,
        "occupancyPercent": 85
      },
      {
        "hour": 19,
        "occupancyPercent": 79
      },
      {
        "hour": 20,
        "occupancyPercent": 41
      },
      {
        "hour": 21,
        "occupancyPercent": 11
      },
      {
        "hour": 22,
        "occupancyPercent": 0
      },
      {
        "hour": 23,
        "occupancyPercent": 0
      }
    ],
    "Sa": [
      {
        "hour": 6,
        "occupancyPercent": 0
      },
      {
        "hour": 7,
        "occupancyPercent": 0
      },
      {
        "hour": 8,
        "occupancyPercent": 0
      },
      {
        "hour": 9,
        "occupancyPercent": 0
      },
      {
        "hour": 10,
        "occupancyPercent": 0
      },
      {
        "hour": 11,
        "occupancyPercent": 0
      },
      {
        "hour": 12,
        "occupancyPercent": 0
      },
      {
        "hour": 13,
        "occupancyPercent": 0
      },
      {
        "hour": 14,
        "occupancyPercent": 0
      },
      {
        "hour": 15,
        "occupancyPercent": 0
      },
      {
        "hour": 16,
        "occupancyPercent": 0
      },
      {
        "hour": 17,
        "occupancyPercent": 71
      },
      {
        "hour": 18,
        "occupancyPercent": 100
      },
      {
        "hour": 19,
        "occupancyPercent": 79
      },
      {
        "hour": 20,
        "occupancyPercent": 35
      },
      {
        "hour": 21,
        "occupancyPercent": 7
      },
      {
        "hour": 22,
        "occupancyPercent": 0
      },
      {
        "hour": 23,
        "occupancyPercent": 0
      }
    ]
  },
  "openingHours": [
    {
      "day": "Tuesday,",
      "hours": "5 to 10PM"
    },
    {
      "day": "Wednesday,",
      "hours": "5 to 10PM"
    },
    {
      "day": "Thursday,",
      "hours": "5 to 10PM"
    },
    {
      "day": "Friday,",
      "hours": "5 to 10:30PM"
    },
    {
      "day": "Saturday,",
      "hours": "5 to 10:30PM"
    },
    {
      "day": "Sunday,",
      "hours": "5 to 10PM"
    },
    {
      "day": "Monday,",
      "hours": "5 to 9PM"
    }
  ],
  "additionalInfo": {
    "Service options": [
      {
        "Delivery": true
      },
      {
        "Takeaway": true
      },
      {
        "Dine-in": true
      }
    ],
    "Accessibility": [
      {
        "Wheelchair-accessible car park": true
      },
      {
        "Wheelchair-accessible entrance": true
      }
    ],
    "Dining options": [
      {
        "Dinner": true
      },
      {
        "Dessert": true
      }
    ],
    "Amenities": [
      {
        "Good for kids": true
      }
    ],
    "Atmosphere": [
      {
        "Casual": true
      }
    ]
  },
  "reviewsCount": 149,
  "reviewsDistribution": {
    "oneStar": 2,
    "twoStar": 2,
    "threeStar": 2,
    "fourStar": 10,
    "fiveStar": 133
  },
  "reviews": [],
  "orderBy": [
    {
      "name": "deliveroo.com.au",
      "url": "https://deliveroo.com.au/menu/melbourne/heathmont/pizza-72?utm_medium=affiliate&utm_source=google_maps_link"
    },
    {
      "name": "menulog.com.au",
      "url": "https://www.menulog.com.au/restaurants-pizza72/menu?utm_source=google&utm_medium=organic&utm_campaign=orderaction"
    }
  ]
}