{
  "title": "Pizza Kings Chelsea Heights",
  "subTitle": null,
  "price": null,
  "menu": null,
  "categoryName": "Pizza takeaway",
  "address": "3/1-3 Piper Dr, Chelsea VIC 3196, Australia",
  "locatedIn": null,
  "neighborhood": "3/1-3 Piper Dr",
  "street": "3/1-3 Piper Dr",
  "city": "Chelsea",
  "postalCode": "3196",
  "state": "Victoria",
  "countryCode": "AU",
  "plusCode": "X4CJ+5G Chelsea, Victoria, Australia",
  "website": "https://pizzakingsonline.com.au/",
  "phone": "+61 3 9773 9777",
  "temporarilyClosed": false,
  "location": {
    "lat": -38.029515,
    "lng": 145.131327
  },
  "permanentlyClosed": false,
  "totalScore": 4.1,
  "isAdvertisement": false,
  "rank": 4,
  "placeId": "ChIJccPI8lFt1moR-tJIseBWuFA",
  "categories": [
    "Pizza restaurant",
    "European restaurant",
    "Italian restaurant",
    "Pizza delivery",
    "Pizza takeaway",
    "Restaurant"
  ],
  "cid": "5816494441795998458",
  "url": "https://www.google.com/maps/place/Pizza+Kings+Chelsea+Heights/@-38.029515,145.131327,17z/data=!3m1!4b1!4m5!3m4!1s0x6ad66d51f2c8c371:0x50b856e0b148d2fa!8m2!3d-38.029515!4d145.131327?hl=en",
  "searchPageUrl": "https://www.google.com/maps/search/pizza/@-38.0324368,145.1087335,15z?hl=en",
  "searchString": "pizza",
  "scrapedAt": "2022-08-01T17:08:35.974Z",
  "popularTimesLiveText": null,
  "popularTimesLivePercent": null,
  "popularTimesHistogram": {
    "Su": [
      {
        "hour": 6,
        "occupancyPercent": 0
      },
      {
        "hour": 7,
        "occupancyPercent": 0
      },
      {
        "hour": 8,
        "occupancyPercent": 0
      },
      {
        "hour": 9,
        "occupancyPercent": 0
      },
      {
        "hour": 10,
        "occupancyPercent": 0
      },
      {
        "hour": 11,
        "occupancyPercent": 0
      },
      {
        "hour": 12,
        "occupancyPercent": 0
      },
      {
        "hour": 13,
        "occupancyPercent": 0
      },
      {
        "hour": 14,
        "occupancyPercent": 0
      },
      {
        "hour": 15,
        "occupancyPercent": 0
      },
      {
        "hour": 16,
        "occupancyPercent": 28
      },
      {
        "hour": 17,
        "occupancyPercent": 54
      },
      {
        "hour": 18,
        "occupancyPercent": 64
      },
      {
        "hour": 19,
        "occupancyPercent": 50
      },
      {
        "hour": 20,
        "occupancyPercent": 33
      },
      {
        "hour": 21,
        "occupancyPercent": 24
      },
      {
        "hour": 22,
        "occupancyPercent": 14
      },
      {
        "hour": 23,
        "occupancyPercent": 0
      }
    ],
    "Mo": [],
    "Tu": [
      {
        "hour": 6,
        "occupancyPercent": 0
      },
      {
        "hour": 7,
        "occupancyPercent": 0
      },
      {
        "hour": 8,
        "occupancyPercent": 0
      },
      {
        "hour": 9,
        "occupancyPercent": 0
      },
      {
        "hour": 10,
        "occupancyPercent": 0
      },
      {
        "hour": 11,
        "occupancyPercent": 0
      },
      {
        "hour": 12,
        "occupancyPercent": 0
      },
      {
        "hour": 13,
        "occupancyPercent": 0
      },
      {
        "hour": 14,
        "occupancyPercent": 0
      },
      {
        "hour": 15,
        "occupancyPercent": 0
      },
      {
        "hour": 16,
        "occupancyPercent": 21
      },
      {
        "hour": 17,
        "occupancyPercent": 36
      },
      {
        "hour": 18,
        "occupancyPercent": 43
      },
      {
        "hour": 19,
        "occupancyPercent": 35
      },
      {
        "hour": 20,
        "occupancyPercent": 21
      },
      {
        "hour": 21,
        "occupancyPercent": 22
      },
      {
        "hour": 22,
        "occupancyPercent": 14
      },
      {
        "hour": 23,
        "occupancyPercent": 0
      }
    ],
    "We": [
      {
        "hour": 6,
        "occupancyPercent": 0
      },
      {
        "hour": 7,
        "occupancyPercent": 0
      },
      {
        "hour": 8,
        "occupancyPercent": 0
      },
      {
        "hour": 9,
        "occupancyPercent": 0
      },
      {
        "hour": 10,
        "occupancyPercent": 0
      },
      {
        "hour": 11,
        "occupancyPercent": 0
      },
      {
        "hour": 12,
        "occupancyPercent": 0
      },
      {
        "hour": 13,
        "occupancyPercent": 0
      },
      {
        "hour": 14,
        "occupancyPercent": 0
      },
      {
        "hour": 15,
        "occupancyPercent": 0
      },
      {
        "hour": 16,
        "occupancyPercent": 25
      },
      {
        "hour": 17,
        "occupancyPercent": 41
      },
      {
        "hour": 18,
        "occupancyPercent": 52
      },
      {
        "hour": 19,
        "occupancyPercent": 51
      },
      {
        "hour": 20,
        "occupancyPercent": 38
      },
      {
        "hour": 21,
        "occupancyPercent": 23
      },
      {
        "hour": 22,
        "occupancyPercent": 10
      },
      {
        "hour": 23,
        "occupancyPercent": 0
      }
    ],
    "Th": [
      {
        "hour": 6,
        "occupancyPercent": 0
      },
      {
        "hour": 7,
        "occupancyPercent": 0
      },
      {
        "hour": 8,
        "occupancyPercent": 0
      },
      {
        "hour": 9,
        "occupancyPercent": 0
      },
      {
        "hour": 10,
        "occupancyPercent": 0
      },
      {
        "hour": 11,
        "occupancyPercent": 0
      },
      {
        "hour": 12,
        "occupancyPercent": 0
      },
      {
        "hour": 13,
        "occupancyPercent": 0
      },
      {
        "hour": 14,
        "occupancyPercent": 0
      },
      {
        "hour": 15,
        "occupancyPercent": 0
      },
      {
        "hour": 16,
        "occupancyPercent": 27
      },
      {
        "hour": 17,
        "occupancyPercent": 44
      },
      {
        "hour": 18,
        "occupancyPercent": 58
      },
      {
        "hour": 19,
        "occupancyPercent": 57
      },
      {
        "hour": 20,
        "occupancyPercent": 43
      },
      {
        "hour": 21,
        "occupancyPercent": 26
      },
      {
        "hour": 22,
        "occupancyPercent": 12
      },
      {
        "hour": 23,
        "occupancyPercent": 0
      }
    ],
    "Fr": [
      {
        "hour": 6,
        "occupancyPercent": 0
      },
      {
        "hour": 7,
        "occupancyPercent": 0
      },
      {
        "hour": 8,
        "occupancyPercent": 0
      },
      {
        "hour": 9,
        "occupancyPercent": 0
      },
      {
        "hour": 10,
        "occupancyPercent": 0
      },
      {
        "hour": 11,
        "occupancyPercent": 0
      },
      {
        "hour": 12,
        "occupancyPercent": 0
      },
      {
        "hour": 13,
        "occupancyPercent": 0
      },
      {
        "hour": 14,
        "occupancyPercent": 0
      },
      {
        "hour": 15,
        "occupancyPercent": 0
      },
      {
        "hour": 16,
        "occupancyPercent": 32
      },
      {
        "hour": 17,
        "occupancyPercent": 63
      },
      {
        "hour": 18,
        "occupancyPercent": 91
      },
      {
        "hour": 19,
        "occupancyPercent": 100
      },
      {
        "hour": 20,
        "occupancyPercent": 82
      },
      {
        "hour": 21,
        "occupancyPercent": 52
      },
      {
        "hour": 22,
        "occupancyPercent": 24
      },
      {
        "hour": 23,
        "occupancyPercent": 0
      }
    ],
    "Sa": [
      {
        "hour": 6,
        "occupancyPercent": 0
      },
      {
        "hour": 7,
        "occupancyPercent": 0
      },
      {
        "hour": 8,
        "occupancyPercent": 0
      },
      {
        "hour": 9,
        "occupancyPercent": 0
      },
      {
        "hour": 10,
        "occupancyPercent": 0
      },
      {
        "hour": 11,
        "occupancyPercent": 0
      },
      {
        "hour": 12,
        "occupancyPercent": 0
      },
      {
        "hour": 13,
        "occupancyPercent": 0
      },
      {
        "hour": 14,
        "occupancyPercent": 0
      },
      {
        "hour": 15,
        "occupancyPercent": 0
      },
      {
        "hour": 16,
        "occupancyPercent": 29
      },
      {
        "hour": 17,
        "occupancyPercent": 54
      },
      {
        "hour": 18,
        "occupancyPercent": 75
      },
      {
        "hour": 19,
        "occupancyPercent": 85
      },
      {
        "hour": 20,
        "occupancyPercent": 77
      },
      {
        "hour": 21,
        "occupancyPercent": 55
      },
      {
        "hour": 22,
        "occupancyPercent": 31
      },
      {
        "hour": 23,
        "occupancyPercent": 0
      }
    ]
  },
  "openingHours": [
    {
      "day": "Tuesday,",
      "hours": "4 to 11PM"
    },
    {
      "day": "Wednesday,",
      "hours": "4 to 11PM"
    },
    {
      "day": "Thursday,",
      "hours": "4 to 11PM"
    },
    {
      "day": "Friday,",
      "hours": "4 to 11PM"
    },
    {
      "day": "Saturday,",
      "hours": "4 to 11PM"
    },
    {
      "day": "Sunday,",
      "hours": "4 to 11PM"
    },
    {
      "day": "Monday,",
      "hours": "Closed"
    }
  ],
  "additionalInfo": {
    "Service options": [
      {
        "No-contact delivery": true
      },
      {
        "Delivery": true
      },
      {
        "Takeaway": true
      },
      {
        "Dine-in": false
      }
    ],
    "Accessibility": [
      {
        "Wheelchair-accessible car park": true
      },
      {
        "Wheelchair-accessible entrance": true
      },
      {
        "Wheelchair-accessible seating": false
      }
    ],
    "Offerings": [
      {
        "Late-night food": true
      }
    ],
    "Dining options": [
      {
        "Dinner": true
      },
      {
        "Dessert": true
      }
    ],
    "Amenities": [
      {
        "Good for kids": true
      }
    ],
    "Atmosphere": [
      {
        "Casual": true
      }
    ],
    "Planning": [
      {
        "Accepts reservations": true
      }
    ],
    "Payments": [
      {
        "NFC mobile payments": true
      }
    ]
  },
  "reviewsCount": 179,
  "reviewsDistribution": {
    "oneStar": 19,
    "twoStar": 8,
    "threeStar": 10,
    "fourStar": 34,
    "fiveStar": 108
  },
  "reviews": [],
  "orderBy": [
    {
      "name": "pizzakingsonline.com.au",
      "url": "https://pizzakingsonline.com.au/order-now#meal-deals"
    }
  ]
}