{
  "title": "PIZZA & GRILL",
  "subTitle": null,
  "price": null,
  "menu": null,
  "categoryName": "Restaurant",
  "address": "57 Sydney Rd, Brunswick VIC 3056, Australia",
  "locatedIn": null,
  "neighborhood": "57 Sydney Rd",
  "street": "57 Sydney Rd",
  "city": "Brunswick",
  "postalCode": "3056",
  "state": "Victoria",
  "countryCode": "AU",
  "plusCode": "6XF6+F4 Brunswick, Victoria, Australia",
  "website": null,
  "phone": "+61 411 502 305",
  "temporarilyClosed": false,
  "location": {
    "lat": -37.7763557,
    "lng": 144.9603016
  },
  "permanentlyClosed": false,
  "totalScore": null,
  "isAdvertisement": false,
  "rank": 12,
  "placeId": "ChIJ__9z2cpc1moR5jNOY6iMAFM",
  "categories": [
    "Restaurant"
  ],
  "cid": "5980934959996482534",
  "url": "https://www.google.com/maps/place/PIZZA+%26+GRILL/@-37.7763557,144.9603016,17z/data=!3m1!4b1!4m5!3m4!1s0x6ad65ccad973ffff:0x53008ca8634e33e6!8m2!3d-37.7763659!4d144.9604183?hl=en",
  "searchPageUrl": "https://www.google.com/maps/search/1n+pizza/@-37.7867014,144.9691792,15z?hl=en",
  "searchString": "1n pizza",
  "scrapedAt": "2022-08-04T08:55:30.408Z",
  "openingHours": [
    {
      "day": "Thursday,",
      "hours": "4 to 10PM"
    },
    {
      "day": "Friday,",
      "hours": "3 to 11PM"
    },
    {
      "day": "Saturday,",
      "hours": "Closed"
    },
    {
      "day": "Sunday,",
      "hours": "11AM to 11PM"
    },
    {
      "day": "Monday,",
      "hours": "4 to 10PM"
    },
    {
      "day": "Tuesday,",
      "hours": "4 to 10PM"
    },
    {
      "day": "Wednesday,",
      "hours": "4 to 10PM"
    }
  ],
  "additionalInfo": {
    "Service options": [
      {
        "Delivery": true
      },
      {
        "Takeaway": true
      },
      {
        "Dine-in": true
      }
    ],
    "Dining options": [
      {
        "Dinner": true
      }
    ],
    "Atmosphere": [
      {
        "Casual": true
      }
    ],
    "Crowd": [
      {
        "Groups": true
      }
    ]
  },
  "reviewsCount": 0,
  "reviewsDistribution": {
    "oneStar": 0,
    "twoStar": 0,
    "threeStar": 0,
    "fourStar": 0,
    "fiveStar": 0
  },
  "reviews": [],
  "orderBy": [
    {
      "name": "doordash.com",
      "url": "https://www.doordash.com/en-AU/store/pizza-queen-brunswick-23602139/?utm_campaign=gpa"
    }
  ]
}