{
  "title": "Encore Pizza",
  "subTitle": null,
  "price": null,
  "menu": null,
  "categoryName": "Pizza restaurant",
  "address": "1140 Heatherton Rd, Noble Park VIC 3174, Australia",
  "locatedIn": null,
  "neighborhood": "1140 Heatherton Rd",
  "street": "1140 Heatherton Rd",
  "city": "Noble Park",
  "postalCode": "3174",
  "state": "Victoria",
  "countryCode": "AU",
  "plusCode": "25MG+PW Noble Park, Victoria, Australia",
  "website": null,
  "phone": "+61 3 9558 4445",
  "temporarilyClosed": false,
  "location": {
    "lat": -37.9656315,
    "lng": 145.1773198
  },
  "permanentlyClosed": true,
  "totalScore": 4.1,
  "isAdvertisement": false,
  "rank": 2,
  "placeId": "ChIJo6CiQIkU1moRrlJNwxOLCU4",
  "categories": [
    "Pizza restaurant",
    "European restaurant",
    "Fast food restaurant",
    "Italian restaurant",
    "Takeout restaurant",
    "Restaurant"
  ],
  "cid": "5623178526746038958",
  "url": "https://www.google.com/maps/place/Encore+Pizza/@-37.9656315,145.1773198,17z/data=!3m1!4b1!4m5!3m4!1s0x6ad6148940a2a0a3:0x4e098b13c34d52ae!8m2!3d-37.9656315!4d145.1773198?hl=en",
  "searchPageUrl": "https://www.google.com/maps/search/eo+pizza/@-37.9778289,145.1785107,15z?hl=en",
  "searchString": "eo pizza",
  "scrapedAt": "2022-08-02T02:54:55.855Z",
  "additionalInfo": {
    "Service options": [
      {
        "Dine-in": true
      }
    ],
    "Offerings": [
      {
        "Vegetarian options": true
      }
    ],
    "Dining options": [
      {
        "Dinner": true
      }
    ],
    "Amenities": [
      {
        "Good for kids": true
      }
    ],
    "Atmosphere": [
      {
        "Casual": true
      }
    ]
  },
  "reviewsCount": 8,
  "reviewsDistribution": {
    "oneStar": 1,
    "twoStar": 0,
    "threeStar": 0,
    "fourStar": 3,
    "fiveStar": 4
  },
  "reviews": [],
  "orderBy": []
}