{
  "title": "Chelsea Pizza House - Oceana pizza",
  "subTitle": null,
  "price": "$$",
  "menu": null,
  "categoryName": "Pizza restaurant",
  "address": "375 Nepean Hwy, Chelsea VIC 3196, Australia",
  "locatedIn": null,
  "neighborhood": "375 Nepean Hwy",
  "street": "375 Nepean Hwy",
  "city": "Chelsea",
  "postalCode": "3196",
  "state": "Victoria",
  "countryCode": "AU",
  "plusCode": "W4X7+QW Chelsea, Victoria, Australia",
  "website": "https://ozfoodhunter.com.au/chelsea-pizza-house",
  "phone": "+61 3 9772 6355",
  "temporarilyClosed": false,
  "location": {
    "lat": -38.050573,
    "lng": 145.114854
  },
  "permanentlyClosed": false,
  "totalScore": 3.3,
  "isAdvertisement": false,
  "rank": 5,
  "placeId": "ChIJg7VBTZVy1moRGLTviAr2l1I",
  "categories": [
    "Pizza restaurant",
    "Italian restaurant",
    "Pizza delivery",
    "Pizza takeaway"
  ],
  "cid": "5951495957700916248",
  "url": "https://www.google.com/maps/place/Chelsea+Pizza+House+-+Oceana+pizza/@-38.050573,145.114854,17z/data=!3m1!4b1!4m5!3m4!1s0x6ad672954d41b583:0x5297f60a88efb418!8m2!3d-38.0505441!4d145.1149488?hl=en",
  "searchPageUrl": "https://www.google.com/maps/search/pizza/@-38.0324368,145.1087335,15z?hl=en",
  "searchString": "pizza",
  "scrapedAt": "2022-08-01T17:08:36.474Z",
  "popularTimesLiveText": null,
  "popularTimesLivePercent": null,
  "popularTimesHistogram": {
    "Su": [
      {
        "hour": 6,
        "occupancyPercent": 0
      },
      {
        "hour": 7,
        "occupancyPercent": 0
      },
      {
        "hour": 8,
        "occupancyPercent": 0
      },
      {
        "hour": 9,
        "occupancyPercent": 0
      },
      {
        "hour": 10,
        "occupancyPercent": 0
      },
      {
        "hour": 11,
        "occupancyPercent": 0
      },
      {
        "hour": 12,
        "occupancyPercent": 0
      },
      {
        "hour": 13,
        "occupancyPercent": 0
      },
      {
        "hour": 14,
        "occupancyPercent": 0
      },
      {
        "hour": 15,
        "occupancyPercent": 0
      },
      {
        "hour": 16,
        "occupancyPercent": 27
      },
      {
        "hour": 17,
        "occupancyPercent": 40
      },
      {
        "hour": 18,
        "occupancyPercent": 59
      },
      {
        "hour": 19,
        "occupancyPercent": 72
      },
      {
        "hour": 20,
        "occupancyPercent": 77
      },
      {
        "hour": 21,
        "occupancyPercent": 72
      },
      {
        "hour": 22,
        "occupancyPercent": 59
      },
      {
        "hour": 23,
        "occupancyPercent": 45
      },
      {
        "hour": 0,
        "occupancyPercent": 27
      },
      {
        "hour": 1,
        "occupancyPercent": 18
      },
      {
        "hour": 2,
        "occupancyPercent": 9
      }
    ],
    "Mo": [
      {
        "hour": 6,
        "occupancyPercent": 0
      },
      {
        "hour": 7,
        "occupancyPercent": 0
      },
      {
        "hour": 8,
        "occupancyPercent": 0
      },
      {
        "hour": 9,
        "occupancyPercent": 0
      },
      {
        "hour": 10,
        "occupancyPercent": 0
      },
      {
        "hour": 11,
        "occupancyPercent": 0
      },
      {
        "hour": 12,
        "occupancyPercent": 0
      },
      {
        "hour": 13,
        "occupancyPercent": 0
      },
      {
        "hour": 14,
        "occupancyPercent": 0
      },
      {
        "hour": 15,
        "occupancyPercent": 0
      },
      {
        "hour": 16,
        "occupancyPercent": 4
      },
      {
        "hour": 17,
        "occupancyPercent": 22
      },
      {
        "hour": 18,
        "occupancyPercent": 59
      },
      {
        "hour": 19,
        "occupancyPercent": 63
      },
      {
        "hour": 20,
        "occupancyPercent": 31
      },
      {
        "hour": 21,
        "occupancyPercent": 22
      },
      {
        "hour": 22,
        "occupancyPercent": 40
      },
      {
        "hour": 23,
        "occupancyPercent": 54
      },
      {
        "hour": 0,
        "occupancyPercent": 40
      },
      {
        "hour": 1,
        "occupancyPercent": 22
      },
      {
        "hour": 2,
        "occupancyPercent": 4
      }
    ],
    "Tu": [
      {
        "hour": 6,
        "occupancyPercent": 0
      },
      {
        "hour": 7,
        "occupancyPercent": 0
      },
      {
        "hour": 8,
        "occupancyPercent": 0
      },
      {
        "hour": 9,
        "occupancyPercent": 0
      },
      {
        "hour": 10,
        "occupancyPercent": 0
      },
      {
        "hour": 11,
        "occupancyPercent": 0
      },
      {
        "hour": 12,
        "occupancyPercent": 0
      },
      {
        "hour": 13,
        "occupancyPercent": 0
      },
      {
        "hour": 14,
        "occupancyPercent": 0
      },
      {
        "hour": 15,
        "occupancyPercent": 0
      },
      {
        "hour": 16,
        "occupancyPercent": 13
      },
      {
        "hour": 17,
        "occupancyPercent": 36
      },
      {
        "hour": 18,
        "occupancyPercent": 68
      },
      {
        "hour": 19,
        "occupancyPercent": 63
      },
      {
        "hour": 20,
        "occupancyPercent": 36
      },
      {
        "hour": 21,
        "occupancyPercent": 31
      },
      {
        "hour": 22,
        "occupancyPercent": 59
      },
      {
        "hour": 23,
        "occupancyPercent": 95
      },
      {
        "hour": 0,
        "occupancyPercent": 90
      },
      {
        "hour": 1,
        "occupancyPercent": 54
      },
      {
        "hour": 2,
        "occupancyPercent": 22
      }
    ],
    "We": [
      {
        "hour": 6,
        "occupancyPercent": 0
      },
      {
        "hour": 7,
        "occupancyPercent": 0
      },
      {
        "hour": 8,
        "occupancyPercent": 0
      },
      {
        "hour": 9,
        "occupancyPercent": 0
      },
      {
        "hour": 10,
        "occupancyPercent": 0
      },
      {
        "hour": 11,
        "occupancyPercent": 0
      },
      {
        "hour": 12,
        "occupancyPercent": 0
      },
      {
        "hour": 13,
        "occupancyPercent": 0
      },
      {
        "hour": 14,
        "occupancyPercent": 0
      },
      {
        "hour": 15,
        "occupancyPercent": 0
      },
      {
        "hour": 16,
        "occupancyPercent": 22
      },
      {
        "hour": 17,
        "occupancyPercent": 45
      },
      {
        "hour": 18,
        "occupancyPercent": 54
      },
      {
        "hour": 19,
        "occupancyPercent": 45
      },
      {
        "hour": 20,
        "occupancyPercent": 36
      },
      {
        "hour": 21,
        "occupancyPercent": 45
      },
      {
        "hour": 22,
        "occupancyPercent": 59
      },
      {
        "hour": 23,
        "occupancyPercent": 68
      },
      {
        "hour": 0,
        "occupancyPercent": 63
      },
      {
        "hour": 1,
        "occupancyPercent": 50
      },
      {
        "hour": 2,
        "occupancyPercent": 31
      }
    ],
    "Th": [
      {
        "hour": 6,
        "occupancyPercent": 0
      },
      {
        "hour": 7,
        "occupancyPercent": 0
      },
      {
        "hour": 8,
        "occupancyPercent": 0
      },
      {
        "hour": 9,
        "occupancyPercent": 0
      },
      {
        "hour": 10,
        "occupancyPercent": 0
      },
      {
        "hour": 11,
        "occupancyPercent": 0
      },
      {
        "hour": 12,
        "occupancyPercent": 0
      },
      {
        "hour": 13,
        "occupancyPercent": 0
      },
      {
        "hour": 14,
        "occupancyPercent": 0
      },
      {
        "hour": 15,
        "occupancyPercent": 0
      },
      {
        "hour": 16,
        "occupancyPercent": 13
      },
      {
        "hour": 17,
        "occupancyPercent": 31
      },
      {
        "hour": 18,
        "occupancyPercent": 45
      },
      {
        "hour": 19,
        "occupancyPercent": 54
      },
      {
        "hour": 20,
        "occupancyPercent": 50
      },
      {
        "hour": 21,
        "occupancyPercent": 40
      },
      {
        "hour": 22,
        "occupancyPercent": 40
      },
      {
        "hour": 23,
        "occupancyPercent": 45
      },
      {
        "hour": 0,
        "occupancyPercent": 50
      },
      {
        "hour": 1,
        "occupancyPercent": 40
      },
      {
        "hour": 2,
        "occupancyPercent": 27
      }
    ],
    "Fr": [
      {
        "hour": 6,
        "occupancyPercent": 0
      },
      {
        "hour": 7,
        "occupancyPercent": 0
      },
      {
        "hour": 8,
        "occupancyPercent": 0
      },
      {
        "hour": 9,
        "occupancyPercent": 0
      },
      {
        "hour": 10,
        "occupancyPercent": 0
      },
      {
        "hour": 11,
        "occupancyPercent": 0
      },
      {
        "hour": 12,
        "occupancyPercent": 0
      },
      {
        "hour": 13,
        "occupancyPercent": 0
      },
      {
        "hour": 14,
        "occupancyPercent": 0
      },
      {
        "hour": 15,
        "occupancyPercent": 0
      },
      {
        "hour": 16,
        "occupancyPercent": 27
      },
      {
        "hour": 17,
        "occupancyPercent": 59
      },
      {
        "hour": 18,
        "occupancyPercent": 77
      },
      {
        "hour": 19,
        "occupancyPercent": 54
      },
      {
        "hour": 20,
        "occupancyPercent": 27
      },
      {
        "hour": 21,
        "occupancyPercent": 18
      },
      {
        "hour": 22,
        "occupancyPercent": 31
      },
      {
        "hour": 23,
        "occupancyPercent": 63
      },
      {
        "hour": 0,
        "occupancyPercent": 86
      },
      {
        "hour": 1,
        "occupancyPercent": 77
      },
      {
        "hour": 2,
        "occupancyPercent": 45
      }
    ],
    "Sa": [
      {
        "hour": 6,
        "occupancyPercent": 0
      },
      {
        "hour": 7,
        "occupancyPercent": 0
      },
      {
        "hour": 8,
        "occupancyPercent": 0
      },
      {
        "hour": 9,
        "occupancyPercent": 0
      },
      {
        "hour": 10,
        "occupancyPercent": 0
      },
      {
        "hour": 11,
        "occupancyPercent": 0
      },
      {
        "hour": 12,
        "occupancyPercent": 0
      },
      {
        "hour": 13,
        "occupancyPercent": 0
      },
      {
        "hour": 14,
        "occupancyPercent": 0
      },
      {
        "hour": 15,
        "occupancyPercent": 0
      },
      {
        "hour": 16,
        "occupancyPercent": 31
      },
      {
        "hour": 17,
        "occupancyPercent": 54
      },
      {
        "hour": 18,
        "occupancyPercent": 77
      },
      {
        "hour": 19,
        "occupancyPercent": 95
      },
      {
        "hour": 20,
        "occupancyPercent": 100
      },
      {
        "hour": 21,
        "occupancyPercent": 90
      },
      {
        "hour": 22,
        "occupancyPercent": 72
      },
      {
        "hour": 23,
        "occupancyPercent": 72
      },
      {
        "hour": 0,
        "occupancyPercent": 86
      },
      {
        "hour": 1,
        "occupancyPercent": 86
      },
      {
        "hour": 2,
        "occupancyPercent": 50
      }
    ]
  },
  "openingHours": [
    {
      "day": "Tuesday,",
      "hours": "4:30PM to 3AM"
    },
    {
      "day": "Wednesday,",
      "hours": "4:30PM to 3AM"
    },
    {
      "day": "Thursday,",
      "hours": "4:30PM to 3AM"
    },
    {
      "day": "Friday,",
      "hours": "4:30PM to 3AM"
    },
    {
      "day": "Saturday,",
      "hours": "4:30PM to 3AM"
    },
    {
      "day": "Sunday,",
      "hours": "4:30PM to 3AM"
    },
    {
      "day": "Monday,",
      "hours": "4:30PM to 3AM"
    }
  ],
  "additionalInfo": {
    "Service options": [
      {
        "Delivery": true
      },
      {
        "Takeaway": true
      },
      {
        "Dine-in": true
      }
    ],
    "Accessibility": [
      {
        "Wheelchair-accessible seating": false
      }
    ],
    "Offerings": [
      {
        "Late-night food": true
      }
    ],
    "Dining options": [
      {
        "Dinner": true
      }
    ],
    "Amenities": [
      {
        "Good for kids": true
      }
    ],
    "Atmosphere": [
      {
        "Casual": true
      }
    ],
    "Payments": [
      {
        "NFC mobile payments": true
      }
    ]
  },
  "reviewsCount": 112,
  "reviewsDistribution": {
    "oneStar": 38,
    "twoStar": 6,
    "threeStar": 4,
    "fourStar": 14,
    "fiveStar": 50
  },
  "reviews": [],
  "orderBy": [
    {
      "name": "ozfoodhunter.com.au",
      "url": "https://ozfoodhunter.com.au/chelsea-pizza-house?utm_source=google&utm_medium=organic&utm_campaign=order_action"
    },
    {
      "name": "menulog.com.au",
      "url": "https://www.menulog.com.au/restaurants-oceana-pizza/menu?utm_source=google&utm_medium=organic&utm_campaign=orderaction"
    },
    {
      "name": "doordash.com",
      "url": "https://www.doordash.com/en-AU/store/chelsea-pizza-house-chelsea-1061621/?utm_campaign=gpa"
    },
    {
      "name": "deliveroo.com.au",
      "url": "https://deliveroo.com.au/menu/melbourne/chelsea/chelsea-pizza-house?utm_medium=affiliate&utm_source=google_maps_link"
    }
  ]
}