{
  "title": "Oz Pizza Delight",
  "subTitle": null,
  "price": null,
  "menu": null,
  "categoryName": "Fast food restaurant",
  "address": "7/401-415 Maroondah Hwy, Croydon North VIC 3136, Australia",
  "locatedIn": null,
  "neighborhood": "7/401-415 Maroondah Hwy",
  "street": "7/401-415 Maroondah Hwy",
  "city": "Croydon North",
  "postalCode": "3136",
  "state": "Victoria",
  "countryCode": "AU",
  "plusCode": "67HV+HJ Croydon North, Victoria, Australia",
  "website": "http://www.ozpizzadelight.com.au/",
  "phone": "+61 3 9736 9236",
  "temporarilyClosed": false,
  "location": {
    "lat": -37.7710634,
    "lng": 145.2940662
  },
  "permanentlyClosed": true,
  "totalScore": 4.2,
  "isAdvertisement": false,
  "rank": 13,
  "placeId": "ChIJO_YgDz8w1moRftAKwwEPcig",
  "categories": [
    "Fast food restaurant",
    "Pizza delivery",
    "Pizza takeaway"
  ],
  "cid": "2914408409103782014",
  "url": "https://www.google.com/maps/place/Oz+Pizza+Delight/@-37.7710634,145.2940662,17z/data=!3m1!4b1!4m5!3m4!1s0x6ad6303f0f20f63b:0x28720f01c30ad07e!8m2!3d-37.7710634!4d145.2940662?hl=en",
  "searchPageUrl": "https://www.google.com/maps/search/ox+pizza/@-37.7867014,145.2831764,15z?hl=en",
  "searchString": "ox pizza",
  "scrapedAt": "2022-08-03T01:28:28.954Z",
  "openingHours": [
    {
      "day": "Wednesday,",
      "hours": "4 to 10PM"
    },
    {
      "day": "Thursday,",
      "hours": "4 to 10PM"
    },
    {
      "day": "Friday,",
      "hours": "4 to 11PM"
    },
    {
      "day": "Saturday,",
      "hours": "4 to 11PM"
    },
    {
      "day": "Sunday,",
      "hours": "4 to 10PM"
    },
    {
      "day": "Monday,",
      "hours": "4 to 10PM"
    },
    {
      "day": "Tuesday,",
      "hours": "4 to 10PM"
    }
  ],
  "additionalInfo": {
    "Service options": [
      {
        "Takeaway": true
      },
      {
        "Dine-in": true
      }
    ],
    "Amenities": [
      {
        "Good for kids": true
      }
    ],
    "Payments": [
      {
        "NFC mobile payments": true
      }
    ]
  },
  "reviewsCount": 23,
  "reviewsDistribution": {
    "oneStar": 3,
    "twoStar": 0,
    "threeStar": 2,
    "fourStar": 3,
    "fiveStar": 15
  },
  "reviews": [],
  "orderBy": []
}