{
  "title": "Proper Pizza Burnside",
  "subTitle": null,
  "price": null,
  "menu": null,
  "categoryName": "Italian restaurant",
  "address": "4/15/25 Westwood Dr, Burnside VIC 3023, Australia",
  "locatedIn": "Floor G · Burnside Hub Shopping Centre",
  "neighborhood": "4/15/25 Westwood Dr",
  "street": "4/15/25 Westwood Dr",
  "city": "Burnside",
  "postalCode": "3023",
  "state": "Victoria",
  "countryCode": "AU",
  "plusCode": "6QR3+3Q Burnside, Victoria, Australia",
  "website": "http://properpizza-burnside.com.au/?utm_source=google&utm_medium=pin-website&utm_content=website-button",
  "phone": "+61 3 9363 0098      phone4",
  "temporarilyClosed": false,
  "location": {
    "lat": -37.759849,
    "lng": 144.7544578
  },
  "permanentlyClosed": false,
  "totalScore": 4,
  "isAdvertisement": false,
  "rank": 13,
  "placeId": "ChIJ65p3xDL11moR-zORg-kQEYs",
  "categories": [
    "Italian restaurant"
  ],
  "cid": "10020809240996819963",
  "url": "https://www.google.com/maps/place/Proper+Pizza+Burnside/@-37.759849,144.7544578,17z/data=!3m1!4b1!4m5!3m4!1s0x6ad6f532c4779aeb:0x8b1110e9839133fb!8m2!3d-37.759849!4d144.7544578?hl=en",
  "searchPageUrl": "https://www.google.com/maps/search/pizza/@-37.7867014,144.6900706,15z?hl=en",
  "searchString": "pizza",
  "scrapedAt": "2022-08-01T17:04:18.463Z",
  "popularTimesLiveText": null,
  "popularTimesLivePercent": null,
  "popularTimesHistogram": {
    "Su": [
      {
        "hour": 6,
        "occupancyPercent": 0
      },
      {
        "hour": 7,
        "occupancyPercent": 0
      },
      {
        "hour": 8,
        "occupancyPercent": 0
      },
      {
        "hour": 9,
        "occupancyPercent": 0
      },
      {
        "hour": 10,
        "occupancyPercent": 0
      },
      {
        "hour": 11,
        "occupancyPercent": 28
      },
      {
        "hour": 12,
        "occupancyPercent": 41
      },
      {
        "hour": 13,
        "occupancyPercent": 49
      },
      {
        "hour": 14,
        "occupancyPercent": 52
      },
      {
        "hour": 15,
        "occupancyPercent": 52
      },
      {
        "hour": 16,
        "occupancyPercent": 51
      },
      {
        "hour": 17,
        "occupancyPercent": 63
      },
      {
        "hour": 18,
        "occupancyPercent": 89
      },
      {
        "hour": 19,
        "occupancyPercent": 97
      },
      {
        "hour": 20,
        "occupancyPercent": 68
      },
      {
        "hour": 21,
        "occupancyPercent": 29
      },
      {
        "hour": 22,
        "occupancyPercent": 0
      },
      {
        "hour": 23,
        "occupancyPercent": 0
      }
    ],
    "Mo": [
      {
        "hour": 6,
        "occupancyPercent": 0
      },
      {
        "hour": 7,
        "occupancyPercent": 0
      },
      {
        "hour": 8,
        "occupancyPercent": 0
      },
      {
        "hour": 9,
        "occupancyPercent": 0
      },
      {
        "hour": 10,
        "occupancyPercent": 0
      },
      {
        "hour": 11,
        "occupancyPercent": 36
      },
      {
        "hour": 12,
        "occupancyPercent": 49
      },
      {
        "hour": 13,
        "occupancyPercent": 35
      },
      {
        "hour": 14,
        "occupancyPercent": 31
      },
      {
        "hour": 15,
        "occupancyPercent": 44
      },
      {
        "hour": 16,
        "occupancyPercent": 56
      },
      {
        "hour": 17,
        "occupancyPercent": 60
      },
      {
        "hour": 18,
        "occupancyPercent": 52
      },
      {
        "hour": 19,
        "occupancyPercent": 38
      },
      {
        "hour": 20,
        "occupancyPercent": 22
      },
      {
        "hour": 21,
        "occupancyPercent": 11
      },
      {
        "hour": 22,
        "occupancyPercent": 0
      },
      {
        "hour": 23,
        "occupancyPercent": 0
      }
    ],
    "Tu": [
      {
        "hour": 6,
        "occupancyPercent": 0
      },
      {
        "hour": 7,
        "occupancyPercent": 0
      },
      {
        "hour": 8,
        "occupancyPercent": 0
      },
      {
        "hour": 9,
        "occupancyPercent": 0
      },
      {
        "hour": 10,
        "occupancyPercent": 0
      },
      {
        "hour": 11,
        "occupancyPercent": 12
      },
      {
        "hour": 12,
        "occupancyPercent": 18
      },
      {
        "hour": 13,
        "occupancyPercent": 22
      },
      {
        "hour": 14,
        "occupancyPercent": 26
      },
      {
        "hour": 15,
        "occupancyPercent": 32
      },
      {
        "hour": 16,
        "occupancyPercent": 43
      },
      {
        "hour": 17,
        "occupancyPercent": 54
      },
      {
        "hour": 18,
        "occupancyPercent": 55
      },
      {
        "hour": 19,
        "occupancyPercent": 42
      },
      {
        "hour": 20,
        "occupancyPercent": 22
      },
      {
        "hour": 21,
        "occupancyPercent": 7
      },
      {
        "hour": 22,
        "occupancyPercent": 0
      },
      {
        "hour": 23,
        "occupancyPercent": 0
      }
    ],
    "We": [
      {
        "hour": 6,
        "occupancyPercent": 0
      },
      {
        "hour": 7,
        "occupancyPercent": 0
      },
      {
        "hour": 8,
        "occupancyPercent": 0
      },
      {
        "hour": 9,
        "occupancyPercent": 0
      },
      {
        "hour": 10,
        "occupancyPercent": 0
      },
      {
        "hour": 11,
        "occupancyPercent": 12
      },
      {
        "hour": 12,
        "occupancyPercent": 16
      },
      {
        "hour": 13,
        "occupancyPercent": 17
      },
      {
        "hour": 14,
        "occupancyPercent": 19
      },
      {
        "hour": 15,
        "occupancyPercent": 26
      },
      {
        "hour": 16,
        "occupancyPercent": 40
      },
      {
        "hour": 17,
        "occupancyPercent": 50
      },
      {
        "hour": 18,
        "occupancyPercent": 50
      },
      {
        "hour": 19,
        "occupancyPercent": 49
      },
      {
        "hour": 20,
        "occupancyPercent": 40
      },
      {
        "hour": 21,
        "occupancyPercent": 20
      },
      {
        "hour": 22,
        "occupancyPercent": 0
      },
      {
        "hour": 23,
        "occupancyPercent": 0
      }
    ],
    "Th": [
      {
        "hour": 6,
        "occupancyPercent": 0
      },
      {
        "hour": 7,
        "occupancyPercent": 0
      },
      {
        "hour": 8,
        "occupancyPercent": 0
      },
      {
        "hour": 9,
        "occupancyPercent": 0
      },
      {
        "hour": 10,
        "occupancyPercent": 0
      },
      {
        "hour": 11,
        "occupancyPercent": 20
      },
      {
        "hour": 12,
        "occupancyPercent": 23
      },
      {
        "hour": 13,
        "occupancyPercent": 20
      },
      {
        "hour": 14,
        "occupancyPercent": 15
      },
      {
        "hour": 15,
        "occupancyPercent": 23
      },
      {
        "hour": 16,
        "occupancyPercent": 53
      },
      {
        "hour": 17,
        "occupancyPercent": 84
      },
      {
        "hour": 18,
        "occupancyPercent": 78
      },
      {
        "hour": 19,
        "occupancyPercent": 49
      },
      {
        "hour": 20,
        "occupancyPercent": 36
      },
      {
        "hour": 21,
        "occupancyPercent": 35
      },
      {
        "hour": 22,
        "occupancyPercent": 0
      },
      {
        "hour": 23,
        "occupancyPercent": 0
      }
    ],
    "Fr": [
      {
        "hour": 6,
        "occupancyPercent": 0
      },
      {
        "hour": 7,
        "occupancyPercent": 0
      },
      {
        "hour": 8,
        "occupancyPercent": 0
      },
      {
        "hour": 9,
        "occupancyPercent": 0
      },
      {
        "hour": 10,
        "occupancyPercent": 0
      },
      {
        "hour": 11,
        "occupancyPercent": 16
      },
      {
        "hour": 12,
        "occupancyPercent": 25
      },
      {
        "hour": 13,
        "occupancyPercent": 29
      },
      {
        "hour": 14,
        "occupancyPercent": 25
      },
      {
        "hour": 15,
        "occupancyPercent": 21
      },
      {
        "hour": 16,
        "occupancyPercent": 42
      },
      {
        "hour": 17,
        "occupancyPercent": 81
      },
      {
        "hour": 18,
        "occupancyPercent": 76
      },
      {
        "hour": 19,
        "occupancyPercent": 44
      },
      {
        "hour": 20,
        "occupancyPercent": 36
      },
      {
        "hour": 21,
        "occupancyPercent": 29
      },
      {
        "hour": 22,
        "occupancyPercent": 0
      },
      {
        "hour": 23,
        "occupancyPercent": 0
      }
    ],
    "Sa": [
      {
        "hour": 6,
        "occupancyPercent": 0
      },
      {
        "hour": 7,
        "occupancyPercent": 0
      },
      {
        "hour": 8,
        "occupancyPercent": 0
      },
      {
        "hour": 9,
        "occupancyPercent": 0
      },
      {
        "hour": 10,
        "occupancyPercent": 0
      },
      {
        "hour": 11,
        "occupancyPercent": 45
      },
      {
        "hour": 12,
        "occupancyPercent": 47
      },
      {
        "hour": 13,
        "occupancyPercent": 32
      },
      {
        "hour": 14,
        "occupancyPercent": 38
      },
      {
        "hour": 15,
        "occupancyPercent": 66
      },
      {
        "hour": 16,
        "occupancyPercent": 93
      },
      {
        "hour": 17,
        "occupancyPercent": 100
      },
      {
        "hour": 18,
        "occupancyPercent": 87
      },
      {
        "hour": 19,
        "occupancyPercent": 65
      },
      {
        "hour": 20,
        "occupancyPercent": 45
      },
      {
        "hour": 21,
        "occupancyPercent": 26
      },
      {
        "hour": 22,
        "occupancyPercent": 0
      },
      {
        "hour": 23,
        "occupancyPercent": 0
      }
    ]
  },
  "openingHours": [
    {
      "day": "Tuesday,",
      "hours": "11AM to 10PM"
    },
    {
      "day": "Wednesday,",
      "hours": "11AM to 10PM"
    },
    {
      "day": "Thursday,",
      "hours": "11AM to 10PM"
    },
    {
      "day": "Friday,",
      "hours": "11AM to 10PM"
    },
    {
      "day": "Saturday,",
      "hours": "11AM to 10PM"
    },
    {
      "day": "Sunday,",
      "hours": "11AM to 10PM"
    },
    {
      "day": "Monday,",
      "hours": "11AM to 10PM"
    }
  ],
  "additionalInfo": {
    "Service options": [
      {
        "No-contact delivery": true
      },
      {
        "Delivery": true
      },
      {
        "Takeaway": true
      },
      {
        "Dine-in": true
      }
    ],
    "Health and safety": [
      {
        "Mask required": true
      },
      {
        "Staff wear masks": true
      },
      {
        "Staff required to disinfect surfaces between visits": true
      }
    ],
    "Accessibility": [
      {
        "Wheelchair-accessible car park": true
      }
    ],
    "Offerings": [
      {
        "Vegetarian options": true
      }
    ],
    "Dining options": [
      {
        "Lunch": true
      },
      {
        "Dinner": true
      },
      {
        "Dessert": true
      }
    ],
    "Amenities": [
      {
        "Good for kids": true
      }
    ],
    "Atmosphere": [
      {
        "Casual": true
      }
    ],
    "Payments": [
      {
        "Debit cards": true
      }
    ]
  },
  "reviewsCount": 188,
  "reviewsDistribution": {
    "oneStar": 24,
    "twoStar": 10,
    "threeStar": 16,
    "fourStar": 40,
    "fiveStar": 98
  },
  "reviews": [],
  "orderBy": [
    {
      "name": "foodhub.com.au",
      "url": "https://foodhub.com.au/Burnside/Proper-Pizza/ordernow"
    },
    {
      "name": "deliveroo.com.au",
      "url": "https://deliveroo.com.au/menu/melbourne/burnside/proper-pizza-burnside?utm_medium=affiliate&utm_source=google_maps_link"
    },
    {
      "name": "doordash.com",
      "url": "https://www.doordash.com/en-AU/store/proper-pizza---kensington-burnside-913823/?utm_campaign=gpa"
    },
    {
      "name": "menulog.com.au",
      "url": "https://www.menulog.com.au/restaurants-proper-pizza-burnside/menu?utm_source=google&utm_medium=organic&utm_campaign=orderaction"
    }
  ]
}