{
  "title": "Smokin Joe's Pizza & Grill Footscray",
  "subTitle": null,
  "price": "$$",
  "menu": null,
  "categoryName": "Fast food restaurant",
  "address": "234 Barkly St, Footscray VIC 3011, Australia",
  "locatedIn": null,
  "neighborhood": "234 Barkly St",
  "street": "234 Barkly St",
  "city": "Footscray",
  "postalCode": "3011",
  "state": "Victoria",
  "countryCode": "AU",
  "plusCode": "6V2W+7J Footscray, Victoria, Australia",
  "website": "http://smokinjoespizza.com.au/footscray/",
  "phone": "+61 3 9650 2188",
  "temporarilyClosed": false,
  "location": {
    "lat": -37.7992593,
    "lng": 144.8965849
  },
  "permanentlyClosed": false,
  "totalScore": 3.8,
  "isAdvertisement": false,
  "rank": 15,
  "placeId": "ChIJl0Q7T11d1moR7hRBg-OW2L0",
  "categories": [
    "Fast food restaurant",
    "Restaurant"
  ],
  "cid": "13679849772041704686",
  "url": "https://www.google.com/maps/place/Smokin+Joe's+Pizza+%26+Grill+Footscray/@-37.7992593,144.8965849,17z/data=!3m1!4b1!4m5!3m4!1s0x6ad65d5d4f3b4497:0xbdd896e3834114ee!8m2!3d-37.7992593!4d144.8965849?hl=en",
  "searchPageUrl": "https://www.google.com/maps/search/if+pizza/@-37.7867014,144.8296249,15z?hl=en",
  "searchString": "if pizza",
  "scrapedAt": "2022-08-02T11:06:29.934Z",
  "openingHours": [
    {
      "day": "Tuesday,",
      "hours": "11AM to 9PM"
    },
    {
      "day": "Wednesday,",
      "hours": "11AM to 9PM"
    },
    {
      "day": "Thursday,",
      "hours": "11AM to 9PM"
    },
    {
      "day": "Friday,",
      "hours": "11AM to 10PM"
    },
    {
      "day": "Saturday,",
      "hours": "11AM to 10PM"
    },
    {
      "day": "Sunday,",
      "hours": "11AM to 10PM"
    },
    {
      "day": "Monday,",
      "hours": "11AM to 9PM"
    }
  ],
  "additionalInfo": {
    "Service options": [
      {
        "No-contact delivery": true
      },
      {
        "Delivery": true
      },
      {
        "Takeaway": true
      },
      {
        "Dine-in": true
      }
    ],
    "Offerings": [
      {
        "Beer": true
      },
      {
        "Halal food": true
      },
      {
        "Vegetarian options": true
      },
      {
        "Wine": true
      }
    ],
    "Dining options": [
      {
        "Lunch": true
      },
      {
        "Dinner": true
      },
      {
        "Catering": true
      },
      {
        "Dessert": true
      },
      {
        "Seating": true
      }
    ],
    "Amenities": [
      {
        "Good for kids": true
      }
    ],
    "Atmosphere": [
      {
        "Casual": true
      }
    ],
    "Crowd": [
      {
        "Family friendly": true
      }
    ],
    "Payments": [
      {
        "Debit cards": true
      },
      {
        "NFC mobile payments": true
      },
      {
        "Credit cards": true
      }
    ]
  },
  "reviewsCount": 41,
  "reviewsDistribution": {
    "oneStar": 9,
    "twoStar": 2,
    "threeStar": 1,
    "fourStar": 5,
    "fiveStar": 24
  },
  "reviews": [],
  "orderBy": [
    {
      "name": "deliveroo.com.au",
      "url": "https://deliveroo.com.au/menu/melbourne/yarraville/smokin-joes-pizza-footscray?utm_medium=affiliate&utm_source=google_maps_link"
    },
    {
      "name": "menulog.com.au",
      "url": "https://www.menulog.com.au/restaurants-smokin-joes-pizza-and-grill-footscray/menu?utm_source=google&utm_medium=organic&utm_campaign=orderaction"
    },
    {
      "name": "doordash.com",
      "url": "https://www.doordash.com/en-AU/store/smokin%27-joe%27s-pizza-%26-grill-footscray-footscray-801371/?pickup=true&utm_campaign=gpa"
    }
  ]
}