{
  "title": "Pizza Hut Roxburgh Park",
  "subTitle": null,
  "price": "$",
  "menu": null,
  "categoryName": "Pizza restaurant",
  "address": "Roxburgh Park Shopping Centre, Shop 62/250 Somerton Rd, Roxburgh Park VIC 3064, Australia",
  "locatedIn": "Roxburgh Village",
  "neighborhood": "Roxburgh Park Shopping Centre, Shop 62/250 Somerton Rd",
  "street": "Roxburgh Park Shopping Centre, Shop 62/250 Somerton Rd",
  "city": "Roxburgh Park",
  "postalCode": "3064",
  "state": "Victoria",
  "countryCode": "AU",
  "plusCode": "9W6M+M8 Roxburgh Park, Victoria, Australia",
  "website": "https://www.pizzahut.com.au/stores/pizza-hut-roxburgh-park/?utm_source=Yext&utm_medium=Yext&utm_campaign=PizzaHutRoxburghParkWebsite&y_source=1_MTE5MDU1OTEtNzE1LWxvY2F0aW9uLndlYnNpdGU%3D",
  "phone": "+61 131166",
  "temporarilyClosed": false,
  "location": {
    "lat": -37.6382704,
    "lng": 144.9332821
  },
  "permanentlyClosed": false,
  "totalScore": 3.4,
  "isAdvertisement": false,
  "rank": 20,
  "placeId": "ChIJZd5L1MockWsRosNtyR4veok",
  "categories": [
    "Pizza restaurant",
    "Pizza delivery",
    "Pizza takeaway",
    "Restaurant"
  ],
  "cid": "9906282139629765538",
  "url": "https://www.google.com/maps/place/Pizza+Hut+Roxburgh+Park/@-37.6382704,144.9332821,17z/data=!3m1!4b1!4m5!3m4!1s0x6b911ccad44bde65:0x897a2f1ec96dc3a2!8m2!3d-37.6382704!4d144.9332821?hl=en",
  "searchPageUrl": "https://www.google.com/maps/search/pizza/@-37.5955738,144.8296249,15z?hl=en",
  "searchString": "pizza",
  "scrapedAt": "2022-08-01T17:05:40.887Z",
  "popularTimesLiveText": null,
  "popularTimesLivePercent": null,
  "popularTimesHistogram": {
    "Su": [
      {
        "hour": 6,
        "occupancyPercent": 0
      },
      {
        "hour": 7,
        "occupancyPercent": 0
      },
      {
        "hour": 8,
        "occupancyPercent": 0
      },
      {
        "hour": 9,
        "occupancyPercent": 0
      },
      {
        "hour": 10,
        "occupancyPercent": 0
      },
      {
        "hour": 11,
        "occupancyPercent": 22
      },
      {
        "hour": 12,
        "occupancyPercent": 45
      },
      {
        "hour": 13,
        "occupancyPercent": 55
      },
      {
        "hour": 14,
        "occupancyPercent": 46
      },
      {
        "hour": 15,
        "occupancyPercent": 44
      },
      {
        "hour": 16,
        "occupancyPercent": 60
      },
      {
        "hour": 17,
        "occupancyPercent": 75
      },
      {
        "hour": 18,
        "occupancyPercent": 70
      },
      {
        "hour": 19,
        "occupancyPercent": 60
      },
      {
        "hour": 20,
        "occupancyPercent": 51
      },
      {
        "hour": 21,
        "occupancyPercent": 34
      },
      {
        "hour": 22,
        "occupancyPercent": 12
      },
      {
        "hour": 23,
        "occupancyPercent": 0
      }
    ],
    "Mo": [
      {
        "hour": 6,
        "occupancyPercent": 0
      },
      {
        "hour": 7,
        "occupancyPercent": 0
      },
      {
        "hour": 8,
        "occupancyPercent": 0
      },
      {
        "hour": 9,
        "occupancyPercent": 0
      },
      {
        "hour": 10,
        "occupancyPercent": 0
      },
      {
        "hour": 11,
        "occupancyPercent": 13
      },
      {
        "hour": 12,
        "occupancyPercent": 32
      },
      {
        "hour": 13,
        "occupancyPercent": 45
      },
      {
        "hour": 14,
        "occupancyPercent": 42
      },
      {
        "hour": 15,
        "occupancyPercent": 36
      },
      {
        "hour": 16,
        "occupancyPercent": 42
      },
      {
        "hour": 17,
        "occupancyPercent": 51
      },
      {
        "hour": 18,
        "occupancyPercent": 52
      },
      {
        "hour": 19,
        "occupancyPercent": 44
      },
      {
        "hour": 20,
        "occupancyPercent": 30
      },
      {
        "hour": 21,
        "occupancyPercent": 16
      },
      {
        "hour": 22,
        "occupancyPercent": 0
      },
      {
        "hour": 23,
        "occupancyPercent": 0
      }
    ],
    "Tu": [
      {
        "hour": 6,
        "occupancyPercent": 0
      },
      {
        "hour": 7,
        "occupancyPercent": 0
      },
      {
        "hour": 8,
        "occupancyPercent": 0
      },
      {
        "hour": 9,
        "occupancyPercent": 0
      },
      {
        "hour": 10,
        "occupancyPercent": 0
      },
      {
        "hour": 11,
        "occupancyPercent": 24
      },
      {
        "hour": 12,
        "occupancyPercent": 61
      },
      {
        "hour": 13,
        "occupancyPercent": 60
      },
      {
        "hour": 14,
        "occupancyPercent": 33
      },
      {
        "hour": 15,
        "occupancyPercent": 36
      },
      {
        "hour": 16,
        "occupancyPercent": 62
      },
      {
        "hour": 17,
        "occupancyPercent": 89
      },
      {
        "hour": 18,
        "occupancyPercent": 100
      },
      {
        "hour": 19,
        "occupancyPercent": 89
      },
      {
        "hour": 20,
        "occupancyPercent": 63
      },
      {
        "hour": 21,
        "occupancyPercent": 35
      },
      {
        "hour": 22,
        "occupancyPercent": 15
      },
      {
        "hour": 23,
        "occupancyPercent": 0
      }
    ],
    "We": [
      {
        "hour": 6,
        "occupancyPercent": 0
      },
      {
        "hour": 7,
        "occupancyPercent": 0
      },
      {
        "hour": 8,
        "occupancyPercent": 0
      },
      {
        "hour": 9,
        "occupancyPercent": 0
      },
      {
        "hour": 10,
        "occupancyPercent": 0
      },
      {
        "hour": 11,
        "occupancyPercent": 34
      },
      {
        "hour": 12,
        "occupancyPercent": 53
      },
      {
        "hour": 13,
        "occupancyPercent": 44
      },
      {
        "hour": 14,
        "occupancyPercent": 26
      },
      {
        "hour": 15,
        "occupancyPercent": 27
      },
      {
        "hour": 16,
        "occupancyPercent": 38
      },
      {
        "hour": 17,
        "occupancyPercent": 43
      },
      {
        "hour": 18,
        "occupancyPercent": 41
      },
      {
        "hour": 19,
        "occupancyPercent": 37
      },
      {
        "hour": 20,
        "occupancyPercent": 33
      },
      {
        "hour": 21,
        "occupancyPercent": 25
      },
      {
        "hour": 22,
        "occupancyPercent": 16
      },
      {
        "hour": 23,
        "occupancyPercent": 0
      }
    ],
    "Th": [
      {
        "hour": 6,
        "occupancyPercent": 0
      },
      {
        "hour": 7,
        "occupancyPercent": 0
      },
      {
        "hour": 8,
        "occupancyPercent": 0
      },
      {
        "hour": 9,
        "occupancyPercent": 0
      },
      {
        "hour": 10,
        "occupancyPercent": 0
      },
      {
        "hour": 11,
        "occupancyPercent": 22
      },
      {
        "hour": 12,
        "occupancyPercent": 57
      },
      {
        "hour": 13,
        "occupancyPercent": 66
      },
      {
        "hour": 14,
        "occupancyPercent": 45
      },
      {
        "hour": 15,
        "occupancyPercent": 40
      },
      {
        "hour": 16,
        "occupancyPercent": 55
      },
      {
        "hour": 17,
        "occupancyPercent": 68
      },
      {
        "hour": 18,
        "occupancyPercent": 67
      },
      {
        "hour": 19,
        "occupancyPercent": 52
      },
      {
        "hour": 20,
        "occupancyPercent": 32
      },
      {
        "hour": 21,
        "occupancyPercent": 16
      },
      {
        "hour": 22,
        "occupancyPercent": 23
      },
      {
        "hour": 23,
        "occupancyPercent": 0
      }
    ],
    "Fr": [
      {
        "hour": 6,
        "occupancyPercent": 0
      },
      {
        "hour": 7,
        "occupancyPercent": 0
      },
      {
        "hour": 8,
        "occupancyPercent": 0
      },
      {
        "hour": 9,
        "occupancyPercent": 0
      },
      {
        "hour": 10,
        "occupancyPercent": 0
      },
      {
        "hour": 11,
        "occupancyPercent": 31
      },
      {
        "hour": 12,
        "occupancyPercent": 66
      },
      {
        "hour": 13,
        "occupancyPercent": 71
      },
      {
        "hour": 14,
        "occupancyPercent": 47
      },
      {
        "hour": 15,
        "occupancyPercent": 36
      },
      {
        "hour": 16,
        "occupancyPercent": 47
      },
      {
        "hour": 17,
        "occupancyPercent": 65
      },
      {
        "hour": 18,
        "occupancyPercent": 76
      },
      {
        "hour": 19,
        "occupancyPercent": 76
      },
      {
        "hour": 20,
        "occupancyPercent": 65
      },
      {
        "hour": 21,
        "occupancyPercent": 47
      },
      {
        "hour": 22,
        "occupancyPercent": 29
      },
      {
        "hour": 23,
        "occupancyPercent": 15
      }
    ],
    "Sa": [
      {
        "hour": 6,
        "occupancyPercent": 0
      },
      {
        "hour": 7,
        "occupancyPercent": 0
      },
      {
        "hour": 8,
        "occupancyPercent": 0
      },
      {
        "hour": 9,
        "occupancyPercent": 0
      },
      {
        "hour": 10,
        "occupancyPercent": 0
      },
      {
        "hour": 11,
        "occupancyPercent": 13
      },
      {
        "hour": 12,
        "occupancyPercent": 42
      },
      {
        "hour": 13,
        "occupancyPercent": 66
      },
      {
        "hour": 14,
        "occupancyPercent": 55
      },
      {
        "hour": 15,
        "occupancyPercent": 35
      },
      {
        "hour": 16,
        "occupancyPercent": 40
      },
      {
        "hour": 17,
        "occupancyPercent": 60
      },
      {
        "hour": 18,
        "occupancyPercent": 70
      },
      {
        "hour": 19,
        "occupancyPercent": 64
      },
      {
        "hour": 20,
        "occupancyPercent": 66
      },
      {
        "hour": 21,
        "occupancyPercent": 73
      },
      {
        "hour": 22,
        "occupancyPercent": 45
      },
      {
        "hour": 23,
        "occupancyPercent": 11
      }
    ]
  },
  "openingHours": [
    {
      "day": "Tuesday,",
      "hours": "11:30AM to 11PM"
    },
    {
      "day": "Wednesday,",
      "hours": "11:30AM to 11PM"
    },
    {
      "day": "Thursday,",
      "hours": "11:30AM to 11PM"
    },
    {
      "day": "Friday,",
      "hours": "11:30AM to 12AM"
    },
    {
      "day": "Saturday,",
      "hours": "11:30AM to 12AM"
    },
    {
      "day": "Sunday,",
      "hours": "11:30AM to 11PM"
    },
    {
      "day": "Monday,",
      "hours": "11:30AM to 10PM"
    }
  ],
  "additionalInfo": {
    "Service options": [
      {
        "No-contact delivery": true
      },
      {
        "Delivery": true
      },
      {
        "Takeaway": true
      }
    ],
    "Accessibility": [
      {
        "Wheelchair-accessible car park": true
      },
      {
        "Wheelchair-accessible entrance": true
      }
    ],
    "Offerings": [
      {
        "Late-night food": true
      },
      {
        "Vegetarian options": true
      }
    ],
    "Dining options": [
      {
        "Lunch": true
      },
      {
        "Dinner": true
      },
      {
        "Dessert": true
      }
    ],
    "Amenities": [
      {
        "Good for kids": true
      }
    ],
    "Atmosphere": [
      {
        "Casual": true
      }
    ],
    "Payments": [
      {
        "Debit cards": true
      },
      {
        "NFC mobile payments": true
      }
    ]
  },
  "reviewsCount": 200,
  "reviewsDistribution": {
    "oneStar": 51,
    "twoStar": 8,
    "threeStar": 26,
    "fourStar": 43,
    "fiveStar": 72
  },
  "reviews": [],
  "orderBy": [
    {
      "name": "pizzahut.com.au",
      "url": "http://www.pizzahut.com.au/?utm_source=Yext&utm_medium=Yext&utm_campaign=PizzaHutRoxburghParkOrderNow&y_source=1_MTE5MDU1OTEtNzE1LWxvY2F0aW9uLm9yZGVyX3VybA%3D%3D"
    }
  ]
}