{
  "title": "Smokin Joe's Pizza & Grill -Craigieburn",
  "subTitle": null,
  "price": "$$",
  "menu": null,
  "categoryName": "Pizza takeaway",
  "address": "264-270 Craigieburn Rd, Craigieburn VIC 3064, Australia",
  "locatedIn": null,
  "neighborhood": "264-270 Craigieburn Rd",
  "street": "264-270 Craigieburn Rd",
  "city": "Craigieburn",
  "postalCode": "3064",
  "state": "Victoria",
  "countryCode": "AU",
  "plusCode": "CW3C+C7 Craigieburn, Victoria, Australia",
  "website": "http://smokinjoespizza.com.au/craigieburn",
  "phone": "+61 3 9333 7182",
  "temporarilyClosed": false,
  "location": {
    "lat": -37.5963949,
    "lng": 144.9207266
  },
  "permanentlyClosed": false,
  "totalScore": 4.2,
  "isAdvertisement": false,
  "rank": 16,
  "placeId": "ChIJ6dtdq5dR1moRFmcta8JdVu0",
  "categories": [
    "Pizza takeaway"
  ],
  "cid": "17101959724589213462",
  "url": "https://www.google.com/maps/place/Smokin+Joe's+Pizza+%26+Grill+-Craigieburn/@-37.5963949,144.9207266,17z/data=!3m1!4b1!4m5!3m4!1s0x6ad65197ab5ddbe9:0xed565dc26b2d6716!8m2!3d-37.5963949!4d144.9207266?hl=en",
  "searchPageUrl": "https://www.google.com/maps/search/pizza/@-37.5682698,144.8994021,15z?hl=en",
  "searchString": "pizza",
  "scrapedAt": "2022-08-01T17:06:07.543Z",
  "openingHours": [
    {
      "day": "Tuesday,",
      "hours": "11AM to 9:45PM"
    },
    {
      "day": "Wednesday,",
      "hours": "11AM to 9:45PM"
    },
    {
      "day": "Thursday,",
      "hours": "11AM to 9:45PM"
    },
    {
      "day": "Friday,",
      "hours": "11AM to 10:45PM"
    },
    {
      "day": "Saturday,",
      "hours": "11AM to 10:45PM"
    },
    {
      "day": "Sunday,",
      "hours": "11AM to 9:45PM"
    },
    {
      "day": "Monday,",
      "hours": "11AM to 9:45PM"
    }
  ],
  "additionalInfo": {
    "Service options": [
      {
        "No-contact delivery": true
      },
      {
        "Delivery": true
      },
      {
        "Takeaway": true
      },
      {
        "Dine-in": true
      }
    ],
    "Accessibility": [
      {
        "Wheelchair-accessible car park": true
      }
    ],
    "Atmosphere": [
      {
        "Casual": true
      }
    ]
  },
  "reviewsCount": 43,
  "reviewsDistribution": {
    "oneStar": 8,
    "twoStar": 0,
    "threeStar": 1,
    "fourStar": 1,
    "fiveStar": 33
  },
  "reviews": [],
  "orderBy": []
}