{
  "title": "Domino's Pizza Wyndham Vale",
  "subTitle": null,
  "price": "$",
  "menu": null,
  "categoryName": "Fast food restaurant",
  "address": "1/210 Ballan Rd, Wyndham Vale VIC 3024, Australia",
  "locatedIn": null,
  "neighborhood": "1/210 Ballan Rd",
  "street": "1/210 Ballan Rd",
  "city": "Wyndham Vale",
  "postalCode": "3024",
  "state": "Victoria",
  "countryCode": "AU",
  "plusCode": "4J5J+93 Wyndham Vale, Victoria, Australia",
  "website": "https://www.dominos.com.au/store/vic-wyndham-vale-98880?utm_source=google&utm_medium=places-organic",
  "phone": "+61 3 9218 4120",
  "temporarilyClosed": false,
  "location": {
    "lat": -37.8915058,
    "lng": 144.6302076
  },
  "permanentlyClosed": false,
  "totalScore": 3.5,
  "isAdvertisement": false,
  "rank": 20,
  "placeId": "ChIJ_cR1kD2F1moRjI3BKpemIgA",
  "categories": [
    "Pizza restaurant",
    "Dessert restaurant",
    "Family restaurant",
    "Lunch restaurant",
    "Meal delivery",
    "Takeout restaurant",
    "Pizza delivery",
    "Fast food restaurant",
    "Pizza takeaway",
    "Restaurant"
  ],
  "cid": "9753317395762572",
  "url": "https://www.google.com/maps/place/Domino's+Pizza+Wyndham+Vale/@-37.8915058,144.6302076,17z/data=!3m1!4b1!4m5!3m4!1s0x6ad6853d9075c4fd:0x22a6972ac18d8c!8m2!3d-37.8915058!4d144.6302076?hl=en",
  "searchPageUrl": "https://www.google.com/maps/search/pizza/@-37.9232211,144.5505163,15z?hl=en",
  "searchString": "pizza",
  "scrapedAt": "2022-08-01T17:02:11.577Z",
  "popularTimesLiveText": null,
  "popularTimesLivePercent": null,
  "popularTimesHistogram": {
    "Su": [
      {
        "hour": 6,
        "occupancyPercent": 0
      },
      {
        "hour": 7,
        "occupancyPercent": 0
      },
      {
        "hour": 8,
        "occupancyPercent": 0
      },
      {
        "hour": 9,
        "occupancyPercent": 0
      },
      {
        "hour": 10,
        "occupancyPercent": 0
      },
      {
        "hour": 11,
        "occupancyPercent": 18
      },
      {
        "hour": 12,
        "occupancyPercent": 31
      },
      {
        "hour": 13,
        "occupancyPercent": 36
      },
      {
        "hour": 14,
        "occupancyPercent": 30
      },
      {
        "hour": 15,
        "occupancyPercent": 26
      },
      {
        "hour": 16,
        "occupancyPercent": 32
      },
      {
        "hour": 17,
        "occupancyPercent": 43
      },
      {
        "hour": 18,
        "occupancyPercent": 50
      },
      {
        "hour": 19,
        "occupancyPercent": 47
      },
      {
        "hour": 20,
        "occupancyPercent": 36
      },
      {
        "hour": 21,
        "occupancyPercent": 22
      },
      {
        "hour": 22,
        "occupancyPercent": 11
      },
      {
        "hour": 23,
        "occupancyPercent": 0
      }
    ],
    "Mo": [
      {
        "hour": 6,
        "occupancyPercent": 0
      },
      {
        "hour": 7,
        "occupancyPercent": 0
      },
      {
        "hour": 8,
        "occupancyPercent": 0
      },
      {
        "hour": 9,
        "occupancyPercent": 0
      },
      {
        "hour": 10,
        "occupancyPercent": 0
      },
      {
        "hour": 11,
        "occupancyPercent": 7
      },
      {
        "hour": 12,
        "occupancyPercent": 11
      },
      {
        "hour": 13,
        "occupancyPercent": 14
      },
      {
        "hour": 14,
        "occupancyPercent": 15
      },
      {
        "hour": 15,
        "occupancyPercent": 15
      },
      {
        "hour": 16,
        "occupancyPercent": 20
      },
      {
        "hour": 17,
        "occupancyPercent": 30
      },
      {
        "hour": 18,
        "occupancyPercent": 42
      },
      {
        "hour": 19,
        "occupancyPercent": 48
      },
      {
        "hour": 20,
        "occupancyPercent": 41
      },
      {
        "hour": 21,
        "occupancyPercent": 26
      },
      {
        "hour": 22,
        "occupancyPercent": 13
      },
      {
        "hour": 23,
        "occupancyPercent": 0
      }
    ],
    "Tu": [
      {
        "hour": 6,
        "occupancyPercent": 0
      },
      {
        "hour": 7,
        "occupancyPercent": 0
      },
      {
        "hour": 8,
        "occupancyPercent": 0
      },
      {
        "hour": 9,
        "occupancyPercent": 0
      },
      {
        "hour": 10,
        "occupancyPercent": 0
      },
      {
        "hour": 11,
        "occupancyPercent": 5
      },
      {
        "hour": 12,
        "occupancyPercent": 13
      },
      {
        "hour": 13,
        "occupancyPercent": 14
      },
      {
        "hour": 14,
        "occupancyPercent": 9
      },
      {
        "hour": 15,
        "occupancyPercent": 9
      },
      {
        "hour": 16,
        "occupancyPercent": 19
      },
      {
        "hour": 17,
        "occupancyPercent": 33
      },
      {
        "hour": 18,
        "occupancyPercent": 41
      },
      {
        "hour": 19,
        "occupancyPercent": 39
      },
      {
        "hour": 20,
        "occupancyPercent": 28
      },
      {
        "hour": 21,
        "occupancyPercent": 15
      },
      {
        "hour": 22,
        "occupancyPercent": 5
      },
      {
        "hour": 23,
        "occupancyPercent": 0
      }
    ],
    "We": [
      {
        "hour": 6,
        "occupancyPercent": 0
      },
      {
        "hour": 7,
        "occupancyPercent": 0
      },
      {
        "hour": 8,
        "occupancyPercent": 0
      },
      {
        "hour": 9,
        "occupancyPercent": 0
      },
      {
        "hour": 10,
        "occupancyPercent": 0
      },
      {
        "hour": 11,
        "occupancyPercent": 9
      },
      {
        "hour": 12,
        "occupancyPercent": 20
      },
      {
        "hour": 13,
        "occupancyPercent": 21
      },
      {
        "hour": 14,
        "occupancyPercent": 10
      },
      {
        "hour": 15,
        "occupancyPercent": 7
      },
      {
        "hour": 16,
        "occupancyPercent": 18
      },
      {
        "hour": 17,
        "occupancyPercent": 39
      },
      {
        "hour": 18,
        "occupancyPercent": 57
      },
      {
        "hour": 19,
        "occupancyPercent": 58
      },
      {
        "hour": 20,
        "occupancyPercent": 42
      },
      {
        "hour": 21,
        "occupancyPercent": 21
      },
      {
        "hour": 22,
        "occupancyPercent": 6
      },
      {
        "hour": 23,
        "occupancyPercent": 0
      }
    ],
    "Th": [
      {
        "hour": 6,
        "occupancyPercent": 0
      },
      {
        "hour": 7,
        "occupancyPercent": 0
      },
      {
        "hour": 8,
        "occupancyPercent": 0
      },
      {
        "hour": 9,
        "occupancyPercent": 0
      },
      {
        "hour": 10,
        "occupancyPercent": 0
      },
      {
        "hour": 11,
        "occupancyPercent": 7
      },
      {
        "hour": 12,
        "occupancyPercent": 11
      },
      {
        "hour": 13,
        "occupancyPercent": 10
      },
      {
        "hour": 14,
        "occupancyPercent": 9
      },
      {
        "hour": 15,
        "occupancyPercent": 15
      },
      {
        "hour": 16,
        "occupancyPercent": 27
      },
      {
        "hour": 17,
        "occupancyPercent": 41
      },
      {
        "hour": 18,
        "occupancyPercent": 49
      },
      {
        "hour": 19,
        "occupancyPercent": 47
      },
      {
        "hour": 20,
        "occupancyPercent": 36
      },
      {
        "hour": 21,
        "occupancyPercent": 23
      },
      {
        "hour": 22,
        "occupancyPercent": 13
      },
      {
        "hour": 23,
        "occupancyPercent": 0
      }
    ],
    "Fr": [
      {
        "hour": 6,
        "occupancyPercent": 0
      },
      {
        "hour": 7,
        "occupancyPercent": 0
      },
      {
        "hour": 8,
        "occupancyPercent": 0
      },
      {
        "hour": 9,
        "occupancyPercent": 0
      },
      {
        "hour": 10,
        "occupancyPercent": 0
      },
      {
        "hour": 11,
        "occupancyPercent": 3
      },
      {
        "hour": 12,
        "occupancyPercent": 14
      },
      {
        "hour": 13,
        "occupancyPercent": 19
      },
      {
        "hour": 14,
        "occupancyPercent": 13
      },
      {
        "hour": 15,
        "occupancyPercent": 11
      },
      {
        "hour": 16,
        "occupancyPercent": 24
      },
      {
        "hour": 17,
        "occupancyPercent": 52
      },
      {
        "hour": 18,
        "occupancyPercent": 85
      },
      {
        "hour": 19,
        "occupancyPercent": 100
      },
      {
        "hour": 20,
        "occupancyPercent": 82
      },
      {
        "hour": 21,
        "occupancyPercent": 49
      },
      {
        "hour": 22,
        "occupancyPercent": 22
      },
      {
        "hour": 23,
        "occupancyPercent": 9
      },
      {
        "hour": 0,
        "occupancyPercent": 4
      }
    ],
    "Sa": [
      {
        "hour": 6,
        "occupancyPercent": 0
      },
      {
        "hour": 7,
        "occupancyPercent": 0
      },
      {
        "hour": 8,
        "occupancyPercent": 0
      },
      {
        "hour": 9,
        "occupancyPercent": 0
      },
      {
        "hour": 10,
        "occupancyPercent": 0
      },
      {
        "hour": 11,
        "occupancyPercent": 13
      },
      {
        "hour": 12,
        "occupancyPercent": 35
      },
      {
        "hour": 13,
        "occupancyPercent": 37
      },
      {
        "hour": 14,
        "occupancyPercent": 19
      },
      {
        "hour": 15,
        "occupancyPercent": 17
      },
      {
        "hour": 16,
        "occupancyPercent": 36
      },
      {
        "hour": 17,
        "occupancyPercent": 67
      },
      {
        "hour": 18,
        "occupancyPercent": 91
      },
      {
        "hour": 19,
        "occupancyPercent": 88
      },
      {
        "hour": 20,
        "occupancyPercent": 61
      },
      {
        "hour": 21,
        "occupancyPercent": 32
      },
      {
        "hour": 22,
        "occupancyPercent": 14
      },
      {
        "hour": 23,
        "occupancyPercent": 7
      },
      {
        "hour": 0,
        "occupancyPercent": 5
      }
    ]
  },
  "openingHours": [
    {
      "day": "Tuesday,",
      "hours": "11AM to 11PM"
    },
    {
      "day": "Wednesday,",
      "hours": "11AM to 11PM"
    },
    {
      "day": "Thursday,",
      "hours": "11AM to 11PM"
    },
    {
      "day": "Friday,",
      "hours": "11AM to 1AM"
    },
    {
      "day": "Saturday,",
      "hours": "11AM to 1AM"
    },
    {
      "day": "Sunday,",
      "hours": "11AM to 11PM"
    },
    {
      "day": "Monday,",
      "hours": "11AM to 11PM"
    }
  ],
  "additionalInfo": {
    "Service options": [
      {
        "Kerbside pickup": true
      },
      {
        "No-contact delivery": true
      },
      {
        "Delivery": true
      },
      {
        "Takeaway": true
      }
    ],
    "Highlights": [
      {
        "Fast service": true
      }
    ],
    "Accessibility": [
      {
        "Wheelchair-accessible car park": true
      },
      {
        "Wheelchair-accessible entrance": true
      },
      {
        "Wheelchair-accessible seating": false
      },
      {
        "Wheelchair-accessible toilet": false
      }
    ],
    "Offerings": [
      {
        "Late-night food": true
      },
      {
        "Quick bite": true
      },
      {
        "Vegetarian options": true
      }
    ],
    "Dining options": [
      {
        "Lunch": true
      },
      {
        "Dinner": true
      },
      {
        "Catering": true
      },
      {
        "Dessert": true
      }
    ],
    "Amenities": [
      {
        "Good for kids": true
      }
    ],
    "Atmosphere": [
      {
        "Casual": true
      }
    ],
    "Crowd": [
      {
        "Family friendly": true
      },
      {
        "LGBTQ+ friendly": true
      },
      {
        "Transgender safe space": true
      }
    ],
    "Payments": [
      {
        "Debit cards": true
      },
      {
        "NFC mobile payments": true
      },
      {
        "Credit cards": true
      }
    ]
  },
  "reviewsCount": 373,
  "reviewsDistribution": {
    "oneStar": 81,
    "twoStar": 18,
    "threeStar": 46,
    "fourStar": 75,
    "fiveStar": 153
  },
  "reviews": [],
  "orderBy": []
}