{
  "title": "Domino's Pizza Altona North",
  "subTitle": null,
  "price": "$",
  "menu": null,
  "categoryName": "Fast food restaurant",
  "address": "96 Millers Rd, Altona North VIC 3025, Australia",
  "locatedIn": null,
  "neighborhood": "96 Millers Rd",
  "street": "96 Millers Rd",
  "city": "Altona North",
  "postalCode": "3025",
  "state": "Victoria",
  "countryCode": "AU",
  "plusCode": "5RFX+JG Altona North, Victoria, Australia",
  "website": "https://www.dominos.com.au/store/vic-altona-north-98582?utm_source=google&utm_medium=places-organic",
  "phone": "+61 3 8312 5120      phone3",
  "temporarilyClosed": false,
  "location": {
    "lat": -37.8259576,
    "lng": 144.8487516
  },
  "permanentlyClosed": false,
  "totalScore": 3.4,
  "isAdvertisement": false,
  "rank": 9,
  "placeId": "ChIJI6sf3OBg1moRyuN-yyEN2zI",
  "categories": [
    "Pizza restaurant",
    "Dessert restaurant",
    "Family restaurant",
    "Lunch restaurant",
    "Meal delivery",
    "Takeout restaurant",
    "Pizza delivery",
    "Fast food restaurant",
    "Pizza takeaway",
    "Restaurant"
  ],
  "cid": "3664537160595203018",
  "url": "https://www.google.com/maps/place/Domino's+Pizza+Altona+North/@-37.8259576,144.8487516,17z/data=!3m1!4b1!4m5!3m4!1s0x6ad660e0dc1fab23:0x32db0d21cb7ee3ca!8m2!3d-37.8259576!4d144.8487516?hl=en",
  "searchPageUrl": "https://www.google.com/maps/search/pizza/@-37.8413092,144.8296249,15z?hl=en",
  "searchString": "pizza",
  "scrapedAt": "2022-08-01T17:05:43.531Z",
  "popularTimesLiveText": null,
  "popularTimesLivePercent": null,
  "popularTimesHistogram": {
    "Su": [
      {
        "hour": 6,
        "occupancyPercent": 0
      },
      {
        "hour": 7,
        "occupancyPercent": 0
      },
      {
        "hour": 8,
        "occupancyPercent": 0
      },
      {
        "hour": 9,
        "occupancyPercent": 0
      },
      {
        "hour": 10,
        "occupancyPercent": 0
      },
      {
        "hour": 11,
        "occupancyPercent": 3
      },
      {
        "hour": 12,
        "occupancyPercent": 6
      },
      {
        "hour": 13,
        "occupancyPercent": 10
      },
      {
        "hour": 14,
        "occupancyPercent": 14
      },
      {
        "hour": 15,
        "occupancyPercent": 18
      },
      {
        "hour": 16,
        "occupancyPercent": 23
      },
      {
        "hour": 17,
        "occupancyPercent": 28
      },
      {
        "hour": 18,
        "occupancyPercent": 31
      },
      {
        "hour": 19,
        "occupancyPercent": 30
      },
      {
        "hour": 20,
        "occupancyPercent": 25
      },
      {
        "hour": 21,
        "occupancyPercent": 16
      },
      {
        "hour": 22,
        "occupancyPercent": 9
      },
      {
        "hour": 23,
        "occupancyPercent": 0
      }
    ],
    "Mo": [
      {
        "hour": 6,
        "occupancyPercent": 0
      },
      {
        "hour": 7,
        "occupancyPercent": 0
      },
      {
        "hour": 8,
        "occupancyPercent": 0
      },
      {
        "hour": 9,
        "occupancyPercent": 0
      },
      {
        "hour": 10,
        "occupancyPercent": 0
      },
      {
        "hour": 11,
        "occupancyPercent": 12
      },
      {
        "hour": 12,
        "occupancyPercent": 20
      },
      {
        "hour": 13,
        "occupancyPercent": 22
      },
      {
        "hour": 14,
        "occupancyPercent": 17
      },
      {
        "hour": 15,
        "occupancyPercent": 11
      },
      {
        "hour": 16,
        "occupancyPercent": 7
      },
      {
        "hour": 17,
        "occupancyPercent": 35
      },
      {
        "hour": 18,
        "occupancyPercent": 63
      },
      {
        "hour": 19,
        "occupancyPercent": 24
      },
      {
        "hour": 20,
        "occupancyPercent": 19
      },
      {
        "hour": 21,
        "occupancyPercent": 22
      },
      {
        "hour": 22,
        "occupancyPercent": 24
      },
      {
        "hour": 23,
        "occupancyPercent": 0
      }
    ],
    "Tu": [
      {
        "hour": 6,
        "occupancyPercent": 0
      },
      {
        "hour": 7,
        "occupancyPercent": 0
      },
      {
        "hour": 8,
        "occupancyPercent": 0
      },
      {
        "hour": 9,
        "occupancyPercent": 0
      },
      {
        "hour": 10,
        "occupancyPercent": 0
      },
      {
        "hour": 11,
        "occupancyPercent": 5
      },
      {
        "hour": 12,
        "occupancyPercent": 17
      },
      {
        "hour": 13,
        "occupancyPercent": 20
      },
      {
        "hour": 14,
        "occupancyPercent": 14
      },
      {
        "hour": 15,
        "occupancyPercent": 12
      },
      {
        "hour": 16,
        "occupancyPercent": 17
      },
      {
        "hour": 17,
        "occupancyPercent": 25
      },
      {
        "hour": 18,
        "occupancyPercent": 32
      },
      {
        "hour": 19,
        "occupancyPercent": 36
      },
      {
        "hour": 20,
        "occupancyPercent": 37
      },
      {
        "hour": 21,
        "occupancyPercent": 34
      },
      {
        "hour": 22,
        "occupancyPercent": 28
      },
      {
        "hour": 23,
        "occupancyPercent": 0
      }
    ],
    "We": [
      {
        "hour": 6,
        "occupancyPercent": 0
      },
      {
        "hour": 7,
        "occupancyPercent": 0
      },
      {
        "hour": 8,
        "occupancyPercent": 0
      },
      {
        "hour": 9,
        "occupancyPercent": 0
      },
      {
        "hour": 10,
        "occupancyPercent": 0
      },
      {
        "hour": 11,
        "occupancyPercent": 16
      },
      {
        "hour": 12,
        "occupancyPercent": 20
      },
      {
        "hour": 13,
        "occupancyPercent": 22
      },
      {
        "hour": 14,
        "occupancyPercent": 22
      },
      {
        "hour": 15,
        "occupancyPercent": 22
      },
      {
        "hour": 16,
        "occupancyPercent": 27
      },
      {
        "hour": 17,
        "occupancyPercent": 38
      },
      {
        "hour": 18,
        "occupancyPercent": 50
      },
      {
        "hour": 19,
        "occupancyPercent": 59
      },
      {
        "hour": 20,
        "occupancyPercent": 59
      },
      {
        "hour": 21,
        "occupancyPercent": 50
      },
      {
        "hour": 22,
        "occupancyPercent": 36
      },
      {
        "hour": 23,
        "occupancyPercent": 0
      }
    ],
    "Th": [
      {
        "hour": 6,
        "occupancyPercent": 0
      },
      {
        "hour": 7,
        "occupancyPercent": 0
      },
      {
        "hour": 8,
        "occupancyPercent": 0
      },
      {
        "hour": 9,
        "occupancyPercent": 0
      },
      {
        "hour": 10,
        "occupancyPercent": 0
      },
      {
        "hour": 11,
        "occupancyPercent": 17
      },
      {
        "hour": 12,
        "occupancyPercent": 30
      },
      {
        "hour": 13,
        "occupancyPercent": 30
      },
      {
        "hour": 14,
        "occupancyPercent": 22
      },
      {
        "hour": 15,
        "occupancyPercent": 19
      },
      {
        "hour": 16,
        "occupancyPercent": 29
      },
      {
        "hour": 17,
        "occupancyPercent": 44
      },
      {
        "hour": 18,
        "occupancyPercent": 55
      },
      {
        "hour": 19,
        "occupancyPercent": 59
      },
      {
        "hour": 20,
        "occupancyPercent": 52
      },
      {
        "hour": 21,
        "occupancyPercent": 39
      },
      {
        "hour": 22,
        "occupancyPercent": 24
      },
      {
        "hour": 23,
        "occupancyPercent": 0
      }
    ],
    "Fr": [
      {
        "hour": 6,
        "occupancyPercent": 0
      },
      {
        "hour": 7,
        "occupancyPercent": 0
      },
      {
        "hour": 8,
        "occupancyPercent": 0
      },
      {
        "hour": 9,
        "occupancyPercent": 0
      },
      {
        "hour": 10,
        "occupancyPercent": 0
      },
      {
        "hour": 11,
        "occupancyPercent": 13
      },
      {
        "hour": 12,
        "occupancyPercent": 19
      },
      {
        "hour": 13,
        "occupancyPercent": 22
      },
      {
        "hour": 14,
        "occupancyPercent": 23
      },
      {
        "hour": 15,
        "occupancyPercent": 26
      },
      {
        "hour": 16,
        "occupancyPercent": 34
      },
      {
        "hour": 17,
        "occupancyPercent": 50
      },
      {
        "hour": 18,
        "occupancyPercent": 66
      },
      {
        "hour": 19,
        "occupancyPercent": 72
      },
      {
        "hour": 20,
        "occupancyPercent": 62
      },
      {
        "hour": 21,
        "occupancyPercent": 44
      },
      {
        "hour": 22,
        "occupancyPercent": 30
      },
      {
        "hour": 23,
        "occupancyPercent": 19
      },
      {
        "hour": 0,
        "occupancyPercent": 11
      }
    ],
    "Sa": [
      {
        "hour": 6,
        "occupancyPercent": 0
      },
      {
        "hour": 7,
        "occupancyPercent": 0
      },
      {
        "hour": 8,
        "occupancyPercent": 0
      },
      {
        "hour": 9,
        "occupancyPercent": 0
      },
      {
        "hour": 10,
        "occupancyPercent": 0
      },
      {
        "hour": 11,
        "occupancyPercent": 24
      },
      {
        "hour": 12,
        "occupancyPercent": 50
      },
      {
        "hour": 13,
        "occupancyPercent": 55
      },
      {
        "hour": 14,
        "occupancyPercent": 33
      },
      {
        "hour": 15,
        "occupancyPercent": 17
      },
      {
        "hour": 16,
        "occupancyPercent": 27
      },
      {
        "hour": 17,
        "occupancyPercent": 66
      },
      {
        "hour": 18,
        "occupancyPercent": 100
      },
      {
        "hour": 19,
        "occupancyPercent": 81
      },
      {
        "hour": 20,
        "occupancyPercent": 40
      },
      {
        "hour": 21,
        "occupancyPercent": 19
      },
      {
        "hour": 22,
        "occupancyPercent": 14
      },
      {
        "hour": 23,
        "occupancyPercent": 11
      },
      {
        "hour": 0,
        "occupancyPercent": 10
      }
    ]
  },
  "openingHours": [
    {
      "day": "Tuesday,",
      "hours": "11AM to 11PM"
    },
    {
      "day": "Wednesday,",
      "hours": "11AM to 11PM"
    },
    {
      "day": "Thursday,",
      "hours": "11AM to 11PM"
    },
    {
      "day": "Friday,",
      "hours": "11AM to 1AM"
    },
    {
      "day": "Saturday,",
      "hours": "11AM to 1AM"
    },
    {
      "day": "Sunday,",
      "hours": "11AM to 11PM"
    },
    {
      "day": "Monday,",
      "hours": "11AM to 11PM"
    }
  ],
  "additionalInfo": {
    "Service options": [
      {
        "Kerbside pickup": true
      },
      {
        "No-contact delivery": true
      },
      {
        "Delivery": true
      },
      {
        "Takeaway": true
      }
    ],
    "Accessibility": [
      {
        "Wheelchair-accessible entrance": true
      },
      {
        "Wheelchair-accessible car park": false
      },
      {
        "Wheelchair-accessible seating": false
      },
      {
        "Wheelchair-accessible toilet": false
      }
    ],
    "Offerings": [
      {
        "Late-night food": true
      },
      {
        "Vegetarian options": true
      }
    ],
    "Dining options": [
      {
        "Lunch": true
      },
      {
        "Dinner": true
      },
      {
        "Catering": true
      },
      {
        "Dessert": true
      }
    ],
    "Amenities": [
      {
        "Good for kids": true
      }
    ],
    "Atmosphere": [
      {
        "Casual": true
      }
    ],
    "Crowd": [
      {
        "Family friendly": true
      },
      {
        "LGBTQ+ friendly": true
      },
      {
        "Transgender safe space": true
      }
    ],
    "Payments": [
      {
        "Debit cards": true
      },
      {
        "NFC mobile payments": true
      },
      {
        "Credit cards": true
      }
    ]
  },
  "reviewsCount": 244,
  "reviewsDistribution": {
    "oneStar": 59,
    "twoStar": 14,
    "threeStar": 27,
    "fourStar": 54,
    "fiveStar": 90
  },
  "reviews": [],
  "orderBy": []
}