{
  "title": "Toff Pizza",
  "subTitle": null,
  "price": null,
  "menu": null,
  "categoryName": "Pizza restaurant",
  "address": "106A Maroondah Hwy, Ringwood VIC 3134, Australia",
  "locatedIn": null,
  "neighborhood": "106A Maroondah Hwy",
  "street": "106A Maroondah Hwy",
  "city": "Ringwood",
  "postalCode": "3134",
  "state": "Victoria",
  "countryCode": "AU",
  "plusCode": "56MH+P7 Ringwood, Victoria, Australia",
  "website": null,
  "phone": "+61 3 9879 6222",
  "temporarilyClosed": false,
  "location": {
    "lat": -37.8156948,
    "lng": 145.2281804
  },
  "permanentlyClosed": true,
  "totalScore": 3,
  "isAdvertisement": false,
  "rank": 3,
  "placeId": "ChIJZZ1wstc71moRiaLuJTomXuY",
  "categories": [
    "Pizza restaurant"
  ],
  "cid": "16599747307720581769",
  "url": "https://www.google.com/maps/place/Toff+Pizza/@-37.8156948,145.2281804,17z/data=!3m1!4b1!4m5!3m4!1s0x6ad63bd7b2709d65:0xe65e263a25eea289!8m2!3d-37.8156507!4d145.2281479?hl=en",
  "searchPageUrl": "https://www.google.com/maps/search/f4+pizza/@-37.8140053,145.2482878,15z?hl=en",
  "searchString": "f4 pizza",
  "scrapedAt": "2022-08-02T06:01:49.229Z",
  "additionalInfo": {
    "Service options": [
      {
        "Dine-in": true
      }
    ],
    "Popular for": [
      {
        "Dinner": true
      }
    ],
    "Dining options": [
      {
        "Dinner": true
      }
    ],
    "Atmosphere": [
      {
        "Casual": true
      }
    ]
  },
  "reviewsCount": 2,
  "reviewsDistribution": {
    "oneStar": 1,
    "twoStar": 0,
    "threeStar": 0,
    "fourStar": 0,
    "fiveStar": 1
  },
  "reviews": [],
  "orderBy": []
}