{
  "title": "Mr Hollywood Pizza",
  "subTitle": null,
  "price": "$",
  "menu": null,
  "categoryName": "Pizza restaurant",
  "address": "25 Swan St, Richmond VIC 3121, Australia",
  "locatedIn": null,
  "neighborhood": "25 Swan St",
  "street": "25 Swan St",
  "city": "Richmond",
  "postalCode": "3121",
  "state": "Victoria",
  "countryCode": "AU",
  "plusCode": "5XGR+43 Richmond, Victoria, Australia",
  "website": "http://www.mrhollywood.com.au/",
  "phone": "+61 3 9421 8989",
  "temporarilyClosed": false,
  "location": {
    "lat": -37.8246481,
    "lng": 144.9902453
  },
  "permanentlyClosed": false,
  "totalScore": 4.5,
  "isAdvertisement": false,
  "rank": 16,
  "placeId": "ChIJ04HEopNC1moRuAkyH97kc44",
  "categories": [
    "Pizza restaurant",
    "Italian restaurant",
    "Pizza delivery",
    "Pizza takeaway"
  ],
  "cid": "10264799618364737976",
  "url": "https://www.google.com/maps/place/Mr+Hollywood+Pizza/@-37.8246481,144.9902453,17z/data=!3m1!4b1!4m5!3m4!1s0x6ad64293a2c481d3:0x8e73e4de1f3209b8!8m2!3d-37.8246205!4d144.9902479?hl=en",
  "searchPageUrl": "https://www.google.com/maps/search/pizza/@-37.8413092,144.9691792,15z?hl=en",
  "searchString": "pizza",
  "scrapedAt": "2022-08-01T17:07:34.122Z",
  "popularTimesLiveText": null,
  "popularTimesLivePercent": null,
  "popularTimesHistogram": {
    "Su": [
      {
        "hour": 6,
        "occupancyPercent": 0
      },
      {
        "hour": 7,
        "occupancyPercent": 0
      },
      {
        "hour": 8,
        "occupancyPercent": 0
      },
      {
        "hour": 9,
        "occupancyPercent": 0
      },
      {
        "hour": 10,
        "occupancyPercent": 0
      },
      {
        "hour": 11,
        "occupancyPercent": 0
      },
      {
        "hour": 12,
        "occupancyPercent": 0
      },
      {
        "hour": 13,
        "occupancyPercent": 0
      },
      {
        "hour": 14,
        "occupancyPercent": 0
      },
      {
        "hour": 15,
        "occupancyPercent": 0
      },
      {
        "hour": 16,
        "occupancyPercent": 0
      },
      {
        "hour": 17,
        "occupancyPercent": 23
      },
      {
        "hour": 18,
        "occupancyPercent": 8
      },
      {
        "hour": 19,
        "occupancyPercent": 19
      },
      {
        "hour": 20,
        "occupancyPercent": 36
      },
      {
        "hour": 21,
        "occupancyPercent": 44
      },
      {
        "hour": 22,
        "occupancyPercent": 38
      },
      {
        "hour": 23,
        "occupancyPercent": 23
      }
    ],
    "Mo": [
      {
        "hour": 6,
        "occupancyPercent": 0
      },
      {
        "hour": 7,
        "occupancyPercent": 0
      },
      {
        "hour": 8,
        "occupancyPercent": 0
      },
      {
        "hour": 9,
        "occupancyPercent": 0
      },
      {
        "hour": 10,
        "occupancyPercent": 0
      },
      {
        "hour": 11,
        "occupancyPercent": 0
      },
      {
        "hour": 12,
        "occupancyPercent": 0
      },
      {
        "hour": 13,
        "occupancyPercent": 0
      },
      {
        "hour": 14,
        "occupancyPercent": 0
      },
      {
        "hour": 15,
        "occupancyPercent": 0
      },
      {
        "hour": 16,
        "occupancyPercent": 0
      },
      {
        "hour": 17,
        "occupancyPercent": 14
      },
      {
        "hour": 18,
        "occupancyPercent": 23
      },
      {
        "hour": 19,
        "occupancyPercent": 31
      },
      {
        "hour": 20,
        "occupancyPercent": 34
      },
      {
        "hour": 21,
        "occupancyPercent": 31
      },
      {
        "hour": 22,
        "occupancyPercent": 23
      },
      {
        "hour": 23,
        "occupancyPercent": 14
      }
    ],
    "Tu": [],
    "We": [
      {
        "hour": 6,
        "occupancyPercent": 0
      },
      {
        "hour": 7,
        "occupancyPercent": 0
      },
      {
        "hour": 8,
        "occupancyPercent": 0
      },
      {
        "hour": 9,
        "occupancyPercent": 0
      },
      {
        "hour": 10,
        "occupancyPercent": 0
      },
      {
        "hour": 11,
        "occupancyPercent": 0
      },
      {
        "hour": 12,
        "occupancyPercent": 0
      },
      {
        "hour": 13,
        "occupancyPercent": 0
      },
      {
        "hour": 14,
        "occupancyPercent": 0
      },
      {
        "hour": 15,
        "occupancyPercent": 0
      },
      {
        "hour": 16,
        "occupancyPercent": 0
      },
      {
        "hour": 17,
        "occupancyPercent": 2
      },
      {
        "hour": 18,
        "occupancyPercent": 6
      },
      {
        "hour": 19,
        "occupancyPercent": 19
      },
      {
        "hour": 20,
        "occupancyPercent": 27
      },
      {
        "hour": 21,
        "occupancyPercent": 25
      },
      {
        "hour": 22,
        "occupancyPercent": 14
      },
      {
        "hour": 23,
        "occupancyPercent": 19
      }
    ],
    "Th": [
      {
        "hour": 6,
        "occupancyPercent": 0
      },
      {
        "hour": 7,
        "occupancyPercent": 0
      },
      {
        "hour": 8,
        "occupancyPercent": 0
      },
      {
        "hour": 9,
        "occupancyPercent": 0
      },
      {
        "hour": 10,
        "occupancyPercent": 0
      },
      {
        "hour": 11,
        "occupancyPercent": 0
      },
      {
        "hour": 12,
        "occupancyPercent": 0
      },
      {
        "hour": 13,
        "occupancyPercent": 0
      },
      {
        "hour": 14,
        "occupancyPercent": 0
      },
      {
        "hour": 15,
        "occupancyPercent": 0
      },
      {
        "hour": 16,
        "occupancyPercent": 0
      },
      {
        "hour": 17,
        "occupancyPercent": 19
      },
      {
        "hour": 18,
        "occupancyPercent": 65
      },
      {
        "hour": 19,
        "occupancyPercent": 38
      },
      {
        "hour": 20,
        "occupancyPercent": 25
      },
      {
        "hour": 21,
        "occupancyPercent": 36
      },
      {
        "hour": 22,
        "occupancyPercent": 29
      },
      {
        "hour": 23,
        "occupancyPercent": 12
      }
    ],
    "Fr": [
      {
        "hour": 6,
        "occupancyPercent": 0
      },
      {
        "hour": 7,
        "occupancyPercent": 0
      },
      {
        "hour": 8,
        "occupancyPercent": 0
      },
      {
        "hour": 9,
        "occupancyPercent": 0
      },
      {
        "hour": 10,
        "occupancyPercent": 0
      },
      {
        "hour": 11,
        "occupancyPercent": 0
      },
      {
        "hour": 12,
        "occupancyPercent": 0
      },
      {
        "hour": 13,
        "occupancyPercent": 0
      },
      {
        "hour": 14,
        "occupancyPercent": 0
      },
      {
        "hour": 15,
        "occupancyPercent": 0
      },
      {
        "hour": 16,
        "occupancyPercent": 0
      },
      {
        "hour": 17,
        "occupancyPercent": 19
      },
      {
        "hour": 18,
        "occupancyPercent": 65
      },
      {
        "hour": 19,
        "occupancyPercent": 27
      },
      {
        "hour": 20,
        "occupancyPercent": 29
      },
      {
        "hour": 21,
        "occupancyPercent": 57
      },
      {
        "hour": 22,
        "occupancyPercent": 61
      },
      {
        "hour": 23,
        "occupancyPercent": 38
      },
      {
        "hour": 0,
        "occupancyPercent": 12
      },
      {
        "hour": 1,
        "occupancyPercent": 2
      }
    ],
    "Sa": [
      {
        "hour": 6,
        "occupancyPercent": 0
      },
      {
        "hour": 7,
        "occupancyPercent": 0
      },
      {
        "hour": 8,
        "occupancyPercent": 0
      },
      {
        "hour": 9,
        "occupancyPercent": 0
      },
      {
        "hour": 10,
        "occupancyPercent": 0
      },
      {
        "hour": 11,
        "occupancyPercent": 0
      },
      {
        "hour": 12,
        "occupancyPercent": 0
      },
      {
        "hour": 13,
        "occupancyPercent": 0
      },
      {
        "hour": 14,
        "occupancyPercent": 0
      },
      {
        "hour": 15,
        "occupancyPercent": 0
      },
      {
        "hour": 16,
        "occupancyPercent": 0
      },
      {
        "hour": 17,
        "occupancyPercent": 36
      },
      {
        "hour": 18,
        "occupancyPercent": 46
      },
      {
        "hour": 19,
        "occupancyPercent": 51
      },
      {
        "hour": 20,
        "occupancyPercent": 44
      },
      {
        "hour": 21,
        "occupancyPercent": 48
      },
      {
        "hour": 22,
        "occupancyPercent": 78
      },
      {
        "hour": 23,
        "occupancyPercent": 100
      },
      {
        "hour": 0,
        "occupancyPercent": 76
      },
      {
        "hour": 1,
        "occupancyPercent": 34
      }
    ]
  },
  "openingHours": [
    {
      "day": "Tuesday,",
      "hours": "Closed"
    },
    {
      "day": "Wednesday,",
      "hours": "5PM to 12AM"
    },
    {
      "day": "Thursday,",
      "hours": "5PM to 12AM"
    },
    {
      "day": "Friday,",
      "hours": "5PM to 2AM"
    },
    {
      "day": "Saturday,",
      "hours": "5PM to 2AM"
    },
    {
      "day": "Sunday,",
      "hours": "5PM to 12AM"
    },
    {
      "day": "Monday,",
      "hours": "5PM to 12AM"
    }
  ],
  "additionalInfo": {
    "Service options": [
      {
        "No-contact delivery": true
      },
      {
        "Delivery": true
      },
      {
        "Takeaway": true
      },
      {
        "Dine-in": true
      }
    ],
    "Offerings": [
      {
        "Late-night food": true
      }
    ],
    "Dining options": [
      {
        "Dinner": true
      },
      {
        "Dessert": true
      }
    ],
    "Amenities": [
      {
        "Good for kids": true
      }
    ],
    "Atmosphere": [
      {
        "Casual": true
      }
    ],
    "Crowd": [
      {
        "Groups": true
      }
    ]
  },
  "reviewsCount": 128,
  "reviewsDistribution": {
    "oneStar": 7,
    "twoStar": 1,
    "threeStar": 7,
    "fourStar": 17,
    "fiveStar": 96
  },
  "reviews": [],
  "orderBy": [
    {
      "name": "menulog.com.au",
      "url": "https://www.menulog.com.au/restaurants-mr-hollywood-pizza-vic/menu?utm_source=google&utm_medium=organic&utm_campaign=orderaction"
    },
    {
      "name": "deliveroo.com.au",
      "url": "https://deliveroo.com.au/menu/melbourne/richmond/mr-hollywood-pizza?utm_medium=affiliate&utm_source=google_maps_link"
    },
    {
      "name": "doordash.com",
      "url": "https://www.doordash.com/en-AU/store/mr-hollywood-pasta-pizza-richmond-1019093/?utm_campaign=gpa"
    }
  ]
}