{
  "title": "Volpino Pizzeria and Wine Bar",
  "subTitle": null,
  "price": "$$",
  "menu": null,
  "categoryName": "Italian restaurant",
  "address": "2/42 Lochiel Ave, Mount Martha VIC 3934, Australia",
  "locatedIn": null,
  "neighborhood": "2/42 Lochiel Ave",
  "street": "2/42 Lochiel Ave",
  "city": "Mount Martha",
  "postalCode": "3934",
  "state": "Victoria",
  "countryCode": "AU",
  "plusCode": "P2M7+5G Mount Martha, Victoria, Australia",
  "website": "http://www.volpino.com.au/",
  "phone": "+61 3 5974 4435",
  "temporarilyClosed": false,
  "location": {
    "lat": -38.2670573,
    "lng": 145.0137705
  },
  "permanentlyClosed": false,
  "totalScore": 4.3,
  "isAdvertisement": false,
  "rank": 19,
  "placeId": "ChIJJ9l_KAXb1WoRpLXWhC9DsB0",
  "categories": [
    "Pizza restaurant",
    "Bar",
    "Takeout restaurant",
    "Mediterranean restaurant",
    "Italian restaurant",
    "Wine bar"
  ],
  "cid": "2139283694372173220",
  "url": "https://www.google.com/maps/place/Volpino+Pizzeria+and+Wine+Bar/@-38.2670573,145.0137705,17z/data=!3m1!4b1!4m5!3m4!1s0x6ad5db05287fd927:0x1db0432f84d6b5a4!8m2!3d-38.2670573!4d145.0137705?hl=en",
  "searchPageUrl": "https://www.google.com/maps/search/pizza/@-38.3600841,144.9342907,15z?hl=en",
  "searchString": "pizza",
  "scrapedAt": "2022-08-01T17:07:43.239Z",
  "popularTimesLiveText": null,
  "popularTimesLivePercent": null,
  "popularTimesHistogram": {
    "Su": [
      {
        "hour": 6,
        "occupancyPercent": 0
      },
      {
        "hour": 7,
        "occupancyPercent": 0
      },
      {
        "hour": 8,
        "occupancyPercent": 0
      },
      {
        "hour": 9,
        "occupancyPercent": 0
      },
      {
        "hour": 10,
        "occupancyPercent": 0
      },
      {
        "hour": 11,
        "occupancyPercent": 0
      },
      {
        "hour": 12,
        "occupancyPercent": 72
      },
      {
        "hour": 13,
        "occupancyPercent": 100
      },
      {
        "hour": 14,
        "occupancyPercent": 91
      },
      {
        "hour": 15,
        "occupancyPercent": 64
      },
      {
        "hour": 16,
        "occupancyPercent": 47
      },
      {
        "hour": 17,
        "occupancyPercent": 42
      },
      {
        "hour": 18,
        "occupancyPercent": 40
      },
      {
        "hour": 19,
        "occupancyPercent": 36
      },
      {
        "hour": 20,
        "occupancyPercent": 30
      },
      {
        "hour": 21,
        "occupancyPercent": 0
      },
      {
        "hour": 22,
        "occupancyPercent": 0
      },
      {
        "hour": 23,
        "occupancyPercent": 0
      }
    ],
    "Mo": [],
    "Tu": [
      {
        "hour": 6,
        "occupancyPercent": 0
      },
      {
        "hour": 7,
        "occupancyPercent": 0
      },
      {
        "hour": 8,
        "occupancyPercent": 0
      },
      {
        "hour": 9,
        "occupancyPercent": 0
      },
      {
        "hour": 10,
        "occupancyPercent": 0
      },
      {
        "hour": 11,
        "occupancyPercent": 0
      },
      {
        "hour": 12,
        "occupancyPercent": 0
      },
      {
        "hour": 13,
        "occupancyPercent": 0
      },
      {
        "hour": 14,
        "occupancyPercent": 0
      },
      {
        "hour": 15,
        "occupancyPercent": 0
      },
      {
        "hour": 16,
        "occupancyPercent": 0
      },
      {
        "hour": 17,
        "occupancyPercent": 21
      },
      {
        "hour": 18,
        "occupancyPercent": 38
      },
      {
        "hour": 19,
        "occupancyPercent": 48
      },
      {
        "hour": 20,
        "occupancyPercent": 38
      },
      {
        "hour": 21,
        "occupancyPercent": 0
      },
      {
        "hour": 22,
        "occupancyPercent": 0
      },
      {
        "hour": 23,
        "occupancyPercent": 0
      }
    ],
    "We": [
      {
        "hour": 6,
        "occupancyPercent": 0
      },
      {
        "hour": 7,
        "occupancyPercent": 0
      },
      {
        "hour": 8,
        "occupancyPercent": 0
      },
      {
        "hour": 9,
        "occupancyPercent": 0
      },
      {
        "hour": 10,
        "occupancyPercent": 0
      },
      {
        "hour": 11,
        "occupancyPercent": 0
      },
      {
        "hour": 12,
        "occupancyPercent": 26
      },
      {
        "hour": 13,
        "occupancyPercent": 36
      },
      {
        "hour": 14,
        "occupancyPercent": 16
      },
      {
        "hour": 15,
        "occupancyPercent": 7
      },
      {
        "hour": 16,
        "occupancyPercent": 14
      },
      {
        "hour": 17,
        "occupancyPercent": 33
      },
      {
        "hour": 18,
        "occupancyPercent": 48
      },
      {
        "hour": 19,
        "occupancyPercent": 46
      },
      {
        "hour": 20,
        "occupancyPercent": 29
      },
      {
        "hour": 21,
        "occupancyPercent": 0
      },
      {
        "hour": 22,
        "occupancyPercent": 0
      },
      {
        "hour": 23,
        "occupancyPercent": 0
      }
    ],
    "Th": [
      {
        "hour": 6,
        "occupancyPercent": 0
      },
      {
        "hour": 7,
        "occupancyPercent": 0
      },
      {
        "hour": 8,
        "occupancyPercent": 0
      },
      {
        "hour": 9,
        "occupancyPercent": 0
      },
      {
        "hour": 10,
        "occupancyPercent": 0
      },
      {
        "hour": 11,
        "occupancyPercent": 0
      },
      {
        "hour": 12,
        "occupancyPercent": 29
      },
      {
        "hour": 13,
        "occupancyPercent": 38
      },
      {
        "hour": 14,
        "occupancyPercent": 26
      },
      {
        "hour": 15,
        "occupancyPercent": 15
      },
      {
        "hour": 16,
        "occupancyPercent": 22
      },
      {
        "hour": 17,
        "occupancyPercent": 40
      },
      {
        "hour": 18,
        "occupancyPercent": 52
      },
      {
        "hour": 19,
        "occupancyPercent": 45
      },
      {
        "hour": 20,
        "occupancyPercent": 26
      },
      {
        "hour": 21,
        "occupancyPercent": 0
      },
      {
        "hour": 22,
        "occupancyPercent": 0
      },
      {
        "hour": 23,
        "occupancyPercent": 0
      }
    ],
    "Fr": [
      {
        "hour": 6,
        "occupancyPercent": 0
      },
      {
        "hour": 7,
        "occupancyPercent": 0
      },
      {
        "hour": 8,
        "occupancyPercent": 0
      },
      {
        "hour": 9,
        "occupancyPercent": 0
      },
      {
        "hour": 10,
        "occupancyPercent": 0
      },
      {
        "hour": 11,
        "occupancyPercent": 0
      },
      {
        "hour": 12,
        "occupancyPercent": 30
      },
      {
        "hour": 13,
        "occupancyPercent": 45
      },
      {
        "hour": 14,
        "occupancyPercent": 38
      },
      {
        "hour": 15,
        "occupancyPercent": 24
      },
      {
        "hour": 16,
        "occupancyPercent": 27
      },
      {
        "hour": 17,
        "occupancyPercent": 41
      },
      {
        "hour": 18,
        "occupancyPercent": 51
      },
      {
        "hour": 19,
        "occupancyPercent": 49
      },
      {
        "hour": 20,
        "occupancyPercent": 35
      },
      {
        "hour": 21,
        "occupancyPercent": 0
      },
      {
        "hour": 22,
        "occupancyPercent": 0
      },
      {
        "hour": 23,
        "occupancyPercent": 0
      }
    ],
    "Sa": [
      {
        "hour": 6,
        "occupancyPercent": 0
      },
      {
        "hour": 7,
        "occupancyPercent": 0
      },
      {
        "hour": 8,
        "occupancyPercent": 0
      },
      {
        "hour": 9,
        "occupancyPercent": 0
      },
      {
        "hour": 10,
        "occupancyPercent": 0
      },
      {
        "hour": 11,
        "occupancyPercent": 0
      },
      {
        "hour": 12,
        "occupancyPercent": 26
      },
      {
        "hour": 13,
        "occupancyPercent": 32
      },
      {
        "hour": 14,
        "occupancyPercent": 35
      },
      {
        "hour": 15,
        "occupancyPercent": 33
      },
      {
        "hour": 16,
        "occupancyPercent": 28
      },
      {
        "hour": 17,
        "occupancyPercent": 28
      },
      {
        "hour": 18,
        "occupancyPercent": 41
      },
      {
        "hour": 19,
        "occupancyPercent": 57
      },
      {
        "hour": 20,
        "occupancyPercent": 50
      },
      {
        "hour": 21,
        "occupancyPercent": 0
      },
      {
        "hour": 22,
        "occupancyPercent": 0
      },
      {
        "hour": 23,
        "occupancyPercent": 0
      }
    ]
  },
  "openingHours": [
    {
      "day": "Tuesday,",
      "hours": "5 to 9PM"
    },
    {
      "day": "Wednesday,",
      "hours": "12 to 9PM"
    },
    {
      "day": "Thursday,",
      "hours": "12 to 9PM"
    },
    {
      "day": "Friday,",
      "hours": "12 to 9PM"
    },
    {
      "day": "Saturday,",
      "hours": "12 to 9PM"
    },
    {
      "day": "Sunday,",
      "hours": "12 to 9PM"
    },
    {
      "day": "Monday,",
      "hours": "Closed"
    }
  ],
  "additionalInfo": {
    "Service options": [
      {
        "Outdoor seating": true
      },
      {
        "Takeaway": true
      },
      {
        "Dine-in": true
      },
      {
        "Delivery": false
      }
    ],
    "Accessibility": [
      {
        "Wheelchair-accessible car park": true
      },
      {
        "Wheelchair-accessible entrance": true
      },
      {
        "Wheelchair-accessible seating": true
      }
    ],
    "Offerings": [
      {
        "Alcohol": true
      },
      {
        "Coffee": true
      },
      {
        "Healthy options": true
      },
      {
        "Kids' menu": true
      },
      {
        "Small plates": true
      },
      {
        "Vegetarian options": true
      }
    ],
    "Dining options": [
      {
        "Lunch": true
      },
      {
        "Dinner": true
      },
      {
        "Dessert": true
      },
      {
        "Seating": true
      }
    ],
    "Amenities": [
      {
        "Good for kids": true
      },
      {
        "High chairs": true
      },
      {
        "Toilets": true
      }
    ],
    "Atmosphere": [
      {
        "Casual": true
      },
      {
        "Cosy": true
      },
      {
        "Romantic": true
      }
    ],
    "Crowd": [
      {
        "Family friendly": true
      },
      {
        "Groups": true
      }
    ],
    "Planning": [
      {
        "Accepts reservations": true
      }
    ],
    "Payments": [
      {
        "NFC mobile payments": true
      }
    ]
  },
  "reviewsCount": 356,
  "reviewsDistribution": {
    "oneStar": 24,
    "twoStar": 12,
    "threeStar": 17,
    "fourStar": 90,
    "fiveStar": 213
  },
  "reviews": [],
  "orderBy": [
    {
      "name": "hungryhungry.com",
      "url": "https://order.hungryhungry.com/volpino"
    }
  ]
}