{
  "title": "Pascoe Pizza",
  "subTitle": null,
  "price": null,
  "menu": null,
  "categoryName": "Italian restaurant",
  "address": "23 Pascoe St, Pascoe Vale VIC 3044, Australia",
  "locatedIn": null,
  "neighborhood": "23 Pascoe St",
  "street": "23 Pascoe St",
  "city": "Pascoe Vale",
  "postalCode": "3044",
  "state": "Victoria",
  "countryCode": "AU",
  "plusCode": "7WMM+CQ Pascoe Vale, Victoria, Australia",
  "website": null,
  "phone": "+61 3 9306 4855",
  "temporarilyClosed": false,
  "location": {
    "lat": -37.7164332,
    "lng": 144.9344436
  },
  "permanentlyClosed": true,
  "totalScore": 3.2,
  "isAdvertisement": false,
  "rank": 7,
  "placeId": "ChIJn2vfdxlb1moRIcEQQhiIk3E",
  "categories": [
    "Pizza restaurant",
    "Meal delivery",
    "Takeout restaurant",
    "Pizza delivery",
    "Italian restaurant",
    "Pizza takeaway"
  ],
  "cid": "8184034585631310113",
  "url": "https://www.google.com/maps/place/Pascoe+Pizza/@-37.7164332,144.9344436,17z/data=!3m1!4b1!4m5!3m4!1s0x6ad65b1977df6b9f:0x719388184210c121!8m2!3d-37.7164332!4d144.9344436?hl=en",
  "searchPageUrl": "https://www.google.com/maps/search/pn+pizza/@-37.7320935,144.8994021,15z?hl=en",
  "searchString": "pn pizza",
  "scrapedAt": "2022-08-03T03:04:18.059Z",
  "openingHours": [
    {
      "day": "Wednesday,",
      "hours": "4:30 to 9:30PM"
    },
    {
      "day": "Thursday,",
      "hours": "4:30 to 9:30PM"
    },
    {
      "day": "Friday,",
      "hours": "4:30 to 10:30PM"
    },
    {
      "day": "Saturday,",
      "hours": "4:30 to 10:30PM"
    },
    {
      "day": "Sunday,",
      "hours": "4:30 to 10PM"
    },
    {
      "day": "Monday,",
      "hours": "4:30 to 9:30PM"
    },
    {
      "day": "Tuesday,",
      "hours": "4:30 to 9:30PM"
    }
  ],
  "additionalInfo": {
    "Service options": [
      {
        "Dine-in": true
      }
    ],
    "Popular for": [
      {
        "Lunch": true
      },
      {
        "Dinner": true
      },
      {
        "Solo dining": true
      }
    ],
    "Offerings": [
      {
        "Quick bite": true
      },
      {
        "Vegetarian options": true
      }
    ],
    "Dining options": [
      {
        "Lunch": true
      },
      {
        "Dinner": true
      },
      {
        "Counter service": true
      }
    ],
    "Atmosphere": [
      {
        "Casual": true
      }
    ],
    "Crowd": [
      {
        "Locals": true
      }
    ],
    "Payments": [
      {
        "Debit cards": true
      }
    ]
  },
  "reviewsCount": 9,
  "reviewsDistribution": {
    "oneStar": 4,
    "twoStar": 0,
    "threeStar": 0,
    "fourStar": 0,
    "fiveStar": 5
  },
  "reviews": [],
  "orderBy": []
}