{
  "title": "Princess Pizza and Kebab",
  "subTitle": null,
  "price": null,
  "menu": null,
  "categoryName": "Pizza delivery",
  "address": "4/26 Princes Hwy, Dandenong VIC 3175, Australia",
  "locatedIn": null,
  "neighborhood": "4/26 Princes Hwy",
  "street": "4/26 Princes Hwy",
  "city": "Dandenong",
  "postalCode": "3175",
  "state": "Victoria",
  "countryCode": "AU",
  "plusCode": "2687+GG Dandenong, Victoria, Australia",
  "website": null,
  "phone": "+61 3 9794 8700",
  "temporarilyClosed": false,
  "location": {
    "lat": -37.9836769,
    "lng": 145.2138094
  },
  "permanentlyClosed": false,
  "totalScore": 3.6,
  "isAdvertisement": false,
  "rank": 13,
  "placeId": "ChIJcdHBdw8U1moRJfx7MwcuQIY",
  "categories": [
    "Pizza delivery",
    "Italian restaurant",
    "Kebab shop",
    "Meal delivery",
    "Takeout restaurant"
  ],
  "cid": "9673782608055237669",
  "url": "https://www.google.com/maps/place/Princess+Pizza+and+Kebab/@-37.9836769,145.2138094,17z/data=!3m1!4b1!4m5!3m4!1s0x6ad6140f77c1d171:0x86402e07337bfc25!8m2!3d-37.9836769!4d145.2138094?hl=en",
  "searchPageUrl": "https://www.google.com/maps/search/pizza/@-38.0051329,145.1785107,15z?hl=en",
  "searchString": "pizza",
  "scrapedAt": "2022-08-01T17:09:42.313Z",
  "popularTimesLiveText": null,
  "popularTimesLivePercent": null,
  "popularTimesHistogram": {
    "Su": [
      {
        "hour": 6,
        "occupancyPercent": 0
      },
      {
        "hour": 7,
        "occupancyPercent": 0
      },
      {
        "hour": 8,
        "occupancyPercent": 0
      },
      {
        "hour": 9,
        "occupancyPercent": 0
      },
      {
        "hour": 10,
        "occupancyPercent": 0
      },
      {
        "hour": 11,
        "occupancyPercent": 20
      },
      {
        "hour": 12,
        "occupancyPercent": 25
      },
      {
        "hour": 13,
        "occupancyPercent": 25
      },
      {
        "hour": 14,
        "occupancyPercent": 20
      },
      {
        "hour": 15,
        "occupancyPercent": 20
      },
      {
        "hour": 16,
        "occupancyPercent": 25
      },
      {
        "hour": 17,
        "occupancyPercent": 35
      },
      {
        "hour": 18,
        "occupancyPercent": 45
      },
      {
        "hour": 19,
        "occupancyPercent": 50
      },
      {
        "hour": 20,
        "occupancyPercent": 45
      },
      {
        "hour": 21,
        "occupancyPercent": 35
      },
      {
        "hour": 22,
        "occupancyPercent": 25
      },
      {
        "hour": 23,
        "occupancyPercent": 0
      }
    ],
    "Mo": [
      {
        "hour": 6,
        "occupancyPercent": 0
      },
      {
        "hour": 7,
        "occupancyPercent": 0
      },
      {
        "hour": 8,
        "occupancyPercent": 0
      },
      {
        "hour": 9,
        "occupancyPercent": 0
      },
      {
        "hour": 10,
        "occupancyPercent": 0
      },
      {
        "hour": 11,
        "occupancyPercent": 0
      },
      {
        "hour": 12,
        "occupancyPercent": 5
      },
      {
        "hour": 13,
        "occupancyPercent": 15
      },
      {
        "hour": 14,
        "occupancyPercent": 35
      },
      {
        "hour": 15,
        "occupancyPercent": 50
      },
      {
        "hour": 16,
        "occupancyPercent": 55
      },
      {
        "hour": 17,
        "occupancyPercent": 40
      },
      {
        "hour": 18,
        "occupancyPercent": 35
      },
      {
        "hour": 19,
        "occupancyPercent": 45
      },
      {
        "hour": 20,
        "occupancyPercent": 50
      },
      {
        "hour": 21,
        "occupancyPercent": 30
      },
      {
        "hour": 22,
        "occupancyPercent": 10
      },
      {
        "hour": 23,
        "occupancyPercent": 0
      }
    ],
    "Tu": [
      {
        "hour": 6,
        "occupancyPercent": 0
      },
      {
        "hour": 7,
        "occupancyPercent": 0
      },
      {
        "hour": 8,
        "occupancyPercent": 0
      },
      {
        "hour": 9,
        "occupancyPercent": 0
      },
      {
        "hour": 10,
        "occupancyPercent": 0
      },
      {
        "hour": 11,
        "occupancyPercent": 5
      },
      {
        "hour": 12,
        "occupancyPercent": 5
      },
      {
        "hour": 13,
        "occupancyPercent": 5
      },
      {
        "hour": 14,
        "occupancyPercent": 0
      },
      {
        "hour": 15,
        "occupancyPercent": 10
      },
      {
        "hour": 16,
        "occupancyPercent": 45
      },
      {
        "hour": 17,
        "occupancyPercent": 90
      },
      {
        "hour": 18,
        "occupancyPercent": 100
      },
      {
        "hour": 19,
        "occupancyPercent": 65
      },
      {
        "hour": 20,
        "occupancyPercent": 60
      },
      {
        "hour": 21,
        "occupancyPercent": 80
      },
      {
        "hour": 22,
        "occupancyPercent": 0
      },
      {
        "hour": 23,
        "occupancyPercent": 0
      }
    ],
    "We": [
      {
        "hour": 6,
        "occupancyPercent": 0
      },
      {
        "hour": 7,
        "occupancyPercent": 0
      },
      {
        "hour": 8,
        "occupancyPercent": 0
      },
      {
        "hour": 9,
        "occupancyPercent": 0
      },
      {
        "hour": 10,
        "occupancyPercent": 0
      },
      {
        "hour": 11,
        "occupancyPercent": 0
      },
      {
        "hour": 12,
        "occupancyPercent": 10
      },
      {
        "hour": 13,
        "occupancyPercent": 20
      },
      {
        "hour": 14,
        "occupancyPercent": 25
      },
      {
        "hour": 15,
        "occupancyPercent": 20
      },
      {
        "hour": 16,
        "occupancyPercent": 15
      },
      {
        "hour": 17,
        "occupancyPercent": 30
      },
      {
        "hour": 18,
        "occupancyPercent": 55
      },
      {
        "hour": 19,
        "occupancyPercent": 80
      },
      {
        "hour": 20,
        "occupancyPercent": 75
      },
      {
        "hour": 21,
        "occupancyPercent": 55
      },
      {
        "hour": 22,
        "occupancyPercent": 25
      },
      {
        "hour": 23,
        "occupancyPercent": 0
      }
    ],
    "Th": [
      {
        "hour": 6,
        "occupancyPercent": 0
      },
      {
        "hour": 7,
        "occupancyPercent": 0
      },
      {
        "hour": 8,
        "occupancyPercent": 0
      },
      {
        "hour": 9,
        "occupancyPercent": 0
      },
      {
        "hour": 10,
        "occupancyPercent": 0
      },
      {
        "hour": 11,
        "occupancyPercent": 5
      },
      {
        "hour": 12,
        "occupancyPercent": 5
      },
      {
        "hour": 13,
        "occupancyPercent": 5
      },
      {
        "hour": 14,
        "occupancyPercent": 10
      },
      {
        "hour": 15,
        "occupancyPercent": 15
      },
      {
        "hour": 16,
        "occupancyPercent": 25
      },
      {
        "hour": 17,
        "occupancyPercent": 40
      },
      {
        "hour": 18,
        "occupancyPercent": 60
      },
      {
        "hour": 19,
        "occupancyPercent": 70
      },
      {
        "hour": 20,
        "occupancyPercent": 80
      },
      {
        "hour": 21,
        "occupancyPercent": 85
      },
      {
        "hour": 22,
        "occupancyPercent": 50
      },
      {
        "hour": 23,
        "occupancyPercent": 0
      }
    ],
    "Fr": [
      {
        "hour": 6,
        "occupancyPercent": 0
      },
      {
        "hour": 7,
        "occupancyPercent": 0
      },
      {
        "hour": 8,
        "occupancyPercent": 0
      },
      {
        "hour": 9,
        "occupancyPercent": 0
      },
      {
        "hour": 10,
        "occupancyPercent": 0
      },
      {
        "hour": 11,
        "occupancyPercent": 0
      },
      {
        "hour": 12,
        "occupancyPercent": 0
      },
      {
        "hour": 13,
        "occupancyPercent": 10
      },
      {
        "hour": 14,
        "occupancyPercent": 20
      },
      {
        "hour": 15,
        "occupancyPercent": 30
      },
      {
        "hour": 16,
        "occupancyPercent": 30
      },
      {
        "hour": 17,
        "occupancyPercent": 40
      },
      {
        "hour": 18,
        "occupancyPercent": 55
      },
      {
        "hour": 19,
        "occupancyPercent": 70
      },
      {
        "hour": 20,
        "occupancyPercent": 65
      },
      {
        "hour": 21,
        "occupancyPercent": 50
      },
      {
        "hour": 22,
        "occupancyPercent": 30
      },
      {
        "hour": 23,
        "occupancyPercent": 0
      }
    ],
    "Sa": [
      {
        "hour": 6,
        "occupancyPercent": 0
      },
      {
        "hour": 7,
        "occupancyPercent": 0
      },
      {
        "hour": 8,
        "occupancyPercent": 0
      },
      {
        "hour": 9,
        "occupancyPercent": 0
      },
      {
        "hour": 10,
        "occupancyPercent": 0
      },
      {
        "hour": 11,
        "occupancyPercent": 20
      },
      {
        "hour": 12,
        "occupancyPercent": 30
      },
      {
        "hour": 13,
        "occupancyPercent": 20
      },
      {
        "hour": 14,
        "occupancyPercent": 20
      },
      {
        "hour": 15,
        "occupancyPercent": 30
      },
      {
        "hour": 16,
        "occupancyPercent": 35
      },
      {
        "hour": 17,
        "occupancyPercent": 40
      },
      {
        "hour": 18,
        "occupancyPercent": 35
      },
      {
        "hour": 19,
        "occupancyPercent": 35
      },
      {
        "hour": 20,
        "occupancyPercent": 45
      },
      {
        "hour": 21,
        "occupancyPercent": 45
      },
      {
        "hour": 22,
        "occupancyPercent": 25
      },
      {
        "hour": 23,
        "occupancyPercent": 0
      }
    ]
  },
  "openingHours": [
    {
      "day": "Tuesday,",
      "hours": "11:15AM to 11PM"
    },
    {
      "day": "Wednesday,",
      "hours": "11:15AM to 11PM"
    },
    {
      "day": "Thursday,",
      "hours": "11:15AM to 11PM"
    },
    {
      "day": "Friday,",
      "hours": "11:15AM to 11PM"
    },
    {
      "day": "Saturday,",
      "hours": "11:15AM to 11PM"
    },
    {
      "day": "Sunday,",
      "hours": "11:15AM to 11PM"
    },
    {
      "day": "Monday,",
      "hours": "11:15AM to 11PM"
    }
  ],
  "additionalInfo": {
    "Service options": [
      {
        "Delivery": true
      },
      {
        "Takeaway": true
      }
    ],
    "Accessibility": [
      {
        "Wheelchair-accessible entrance": true
      }
    ]
  },
  "reviewsCount": 105,
  "reviewsDistribution": {
    "oneStar": 26,
    "twoStar": 5,
    "threeStar": 9,
    "fourStar": 12,
    "fiveStar": 53
  },
  "reviews": [],
  "orderBy": []
}