{
  "title": "8 PIZZERIA",
  "subTitle": null,
  "price": "$$",
  "menu": null,
  "categoryName": "Pizza restaurant",
  "address": "8 Railway Parade, Camberwell VIC 3124, Australia",
  "locatedIn": null,
  "neighborhood": "8 Railway Parade",
  "street": "8 Railway Parade",
  "city": "Camberwell",
  "postalCode": "3124",
  "state": "Victoria",
  "countryCode": "AU",
  "plusCode": "53C5+X8 Camberwell, Victoria, Australia",
  "website": "http://www.8pizzeria.com.au/",
  "phone": "+61 3 9882 6441",
  "temporarilyClosed": false,
  "location": {
    "lat": -37.8275828,
    "lng": 145.0582742
  },
  "permanentlyClosed": false,
  "totalScore": 4.4,
  "isAdvertisement": false,
  "rank": 10,
  "placeId": "ChIJcRX47YJB1moRW_fLmRaJ39Q",
  "categories": [
    "Pizza restaurant",
    "Bar",
    "Cocktail bar",
    "Gluten-free restaurant",
    "Lunch restaurant",
    "Pizza delivery",
    "Pizza takeaway"
  ],
  "cid": "15339129586009765723",
  "url": "https://www.google.com/maps/place/8+PIZZERIA/@-37.8275828,145.0582742,17z/data=!3m1!4b1!4m5!3m4!1s0x6ad64182edf81571:0xd4df891699cbf75b!8m2!3d-37.8275828!4d145.0582742?hl=en",
  "searchPageUrl": "https://www.google.com/maps/search/pizza/@-37.8413092,145.0389564,15z?hl=en",
  "searchString": "pizza",
  "scrapedAt": "2022-08-01T17:08:55.214Z",
  "openingHours": [
    {
      "day": "Tuesday,",
      "hours": "Closed"
    },
    {
      "day": "Wednesday,",
      "hours": "Closed"
    },
    {
      "day": "Thursday,",
      "hours": "Closed"
    },
    {
      "day": "Friday,",
      "hours": "5:30 to 9PM"
    },
    {
      "day": "Saturday,",
      "hours": "Closed"
    },
    {
      "day": "Sunday,",
      "hours": "Closed"
    },
    {
      "day": "Monday,",
      "hours": "Closed"
    }
  ],
  "additionalInfo": {
    "Service options": [
      {
        "No-contact delivery": true
      },
      {
        "Delivery": true
      },
      {
        "Takeaway": true
      },
      {
        "Dine-in": true
      }
    ],
    "Accessibility": [
      {
        "Wheelchair-accessible car park": true
      },
      {
        "Wheelchair-accessible entrance": true
      },
      {
        "Wheelchair-accessible seating": true
      },
      {
        "Wheelchair-accessible toilet": true
      }
    ],
    "Offerings": [
      {
        "Coffee": true
      },
      {
        "Healthy options": true
      },
      {
        "Kids' menu": true
      }
    ],
    "Dining options": [
      {
        "Lunch": true
      },
      {
        "Dessert": true
      }
    ],
    "Amenities": [
      {
        "Good for kids": true
      },
      {
        "High chairs": true
      },
      {
        "Toilets": true
      }
    ],
    "Atmosphere": [
      {
        "Casual": true
      },
      {
        "Cosy": true
      }
    ],
    "Crowd": [
      {
        "Groups": true
      }
    ],
    "Planning": [
      {
        "Accepts reservations": true
      }
    ]
  },
  "reviewsCount": 328,
  "reviewsDistribution": {
    "oneStar": 10,
    "twoStar": 2,
    "threeStar": 30,
    "fourStar": 80,
    "fiveStar": 206
  },
  "reviews": [],
  "orderBy": [
    {
      "name": "8pizzeria.com.au",
      "url": "https://www.8pizzeria.com.au/"
    },
    {
      "name": "opentable.com.au",
      "url": "https://www.opentable.com.au/restaurant/profile/50255?ref=11025"
    }
  ]
}