{
  "title": "Crust Pizza Bentleigh",
  "subTitle": null,
  "price": "$$",
  "menu": null,
  "categoryName": "Pizza restaurant",
  "address": "320 Centre Rd, Bentleigh VIC 3204, Australia",
  "locatedIn": null,
  "neighborhood": "320 Centre Rd",
  "street": "320 Centre Rd",
  "city": "Bentleigh",
  "postalCode": "3204",
  "state": "Victoria",
  "countryCode": "AU",
  "plusCode": "32JM+R9 Bentleigh, Victoria, Australia",
  "website": "https://www.crust.com.au/stores/vic/bentleigh/?utm_source=google&utm_medium=organic&utm_campaign=Google+My+Business+Page",
  "phone": "+61 3 9557 8800",
  "temporarilyClosed": false,
  "location": {
    "lat": -37.9179699,
    "lng": 145.0334478
  },
  "permanentlyClosed": false,
  "totalScore": 3.9,
  "isAdvertisement": false,
  "rank": 15,
  "placeId": "ChIJVZb6LURp1moRw9P7EOEjLSA",
  "categories": [
    "Pizza restaurant",
    "Italian restaurant",
    "Meal delivery",
    "Takeout restaurant",
    "Pasta shop",
    "Pizza delivery",
    "Pizza takeaway"
  ],
  "cid": "2318548832725226435",
  "url": "https://www.google.com/maps/place/Crust+Pizza+Bentleigh/@-37.9179699,145.0334478,17z/data=!3m1!4b1!4m5!3m4!1s0x6ad669442dfa9655:0x202d23e110fbd3c3!8m2!3d-37.917889!4d145.0334623?hl=en",
  "searchPageUrl": "https://www.google.com/maps/search/pizza/@-37.9232211,145.0040678,15z?hl=en",
  "searchString": "pizza",
  "scrapedAt": "2022-08-01T17:07:22.597Z",
  "popularTimesLiveText": null,
  "popularTimesLivePercent": null,
  "popularTimesHistogram": {
    "Su": [
      {
        "hour": 6,
        "occupancyPercent": 0
      },
      {
        "hour": 7,
        "occupancyPercent": 0
      },
      {
        "hour": 8,
        "occupancyPercent": 0
      },
      {
        "hour": 9,
        "occupancyPercent": 0
      },
      {
        "hour": 10,
        "occupancyPercent": 9
      },
      {
        "hour": 11,
        "occupancyPercent": 16
      },
      {
        "hour": 12,
        "occupancyPercent": 19
      },
      {
        "hour": 13,
        "occupancyPercent": 20
      },
      {
        "hour": 14,
        "occupancyPercent": 23
      },
      {
        "hour": 15,
        "occupancyPercent": 26
      },
      {
        "hour": 16,
        "occupancyPercent": 32
      },
      {
        "hour": 17,
        "occupancyPercent": 49
      },
      {
        "hour": 18,
        "occupancyPercent": 70
      },
      {
        "hour": 19,
        "occupancyPercent": 73
      },
      {
        "hour": 20,
        "occupancyPercent": 51
      },
      {
        "hour": 21,
        "occupancyPercent": 23
      },
      {
        "hour": 22,
        "occupancyPercent": 0
      },
      {
        "hour": 23,
        "occupancyPercent": 0
      }
    ],
    "Mo": [
      {
        "hour": 6,
        "occupancyPercent": 0
      },
      {
        "hour": 7,
        "occupancyPercent": 0
      },
      {
        "hour": 8,
        "occupancyPercent": 0
      },
      {
        "hour": 9,
        "occupancyPercent": 0
      },
      {
        "hour": 10,
        "occupancyPercent": 0
      },
      {
        "hour": 11,
        "occupancyPercent": 4
      },
      {
        "hour": 12,
        "occupancyPercent": 11
      },
      {
        "hour": 13,
        "occupancyPercent": 14
      },
      {
        "hour": 14,
        "occupancyPercent": 14
      },
      {
        "hour": 15,
        "occupancyPercent": 16
      },
      {
        "hour": 16,
        "occupancyPercent": 25
      },
      {
        "hour": 17,
        "occupancyPercent": 39
      },
      {
        "hour": 18,
        "occupancyPercent": 48
      },
      {
        "hour": 19,
        "occupancyPercent": 45
      },
      {
        "hour": 20,
        "occupancyPercent": 32
      },
      {
        "hour": 21,
        "occupancyPercent": 18
      },
      {
        "hour": 22,
        "occupancyPercent": 0
      },
      {
        "hour": 23,
        "occupancyPercent": 0
      }
    ],
    "Tu": [
      {
        "hour": 6,
        "occupancyPercent": 0
      },
      {
        "hour": 7,
        "occupancyPercent": 0
      },
      {
        "hour": 8,
        "occupancyPercent": 0
      },
      {
        "hour": 9,
        "occupancyPercent": 0
      },
      {
        "hour": 10,
        "occupancyPercent": 2
      },
      {
        "hour": 11,
        "occupancyPercent": 3
      },
      {
        "hour": 12,
        "occupancyPercent": 4
      },
      {
        "hour": 13,
        "occupancyPercent": 5
      },
      {
        "hour": 14,
        "occupancyPercent": 5
      },
      {
        "hour": 15,
        "occupancyPercent": 7
      },
      {
        "hour": 16,
        "occupancyPercent": 12
      },
      {
        "hour": 17,
        "occupancyPercent": 24
      },
      {
        "hour": 18,
        "occupancyPercent": 37
      },
      {
        "hour": 19,
        "occupancyPercent": 43
      },
      {
        "hour": 20,
        "occupancyPercent": 35
      },
      {
        "hour": 21,
        "occupancyPercent": 19
      },
      {
        "hour": 22,
        "occupancyPercent": 0
      },
      {
        "hour": 23,
        "occupancyPercent": 0
      }
    ],
    "We": [
      {
        "hour": 6,
        "occupancyPercent": 0
      },
      {
        "hour": 7,
        "occupancyPercent": 0
      },
      {
        "hour": 8,
        "occupancyPercent": 0
      },
      {
        "hour": 9,
        "occupancyPercent": 0
      },
      {
        "hour": 10,
        "occupancyPercent": 5
      },
      {
        "hour": 11,
        "occupancyPercent": 7
      },
      {
        "hour": 12,
        "occupancyPercent": 9
      },
      {
        "hour": 13,
        "occupancyPercent": 10
      },
      {
        "hour": 14,
        "occupancyPercent": 11
      },
      {
        "hour": 15,
        "occupancyPercent": 12
      },
      {
        "hour": 16,
        "occupancyPercent": 18
      },
      {
        "hour": 17,
        "occupancyPercent": 32
      },
      {
        "hour": 18,
        "occupancyPercent": 48
      },
      {
        "hour": 19,
        "occupancyPercent": 50
      },
      {
        "hour": 20,
        "occupancyPercent": 33
      },
      {
        "hour": 21,
        "occupancyPercent": 14
      },
      {
        "hour": 22,
        "occupancyPercent": 0
      },
      {
        "hour": 23,
        "occupancyPercent": 0
      }
    ],
    "Th": [
      {
        "hour": 6,
        "occupancyPercent": 0
      },
      {
        "hour": 7,
        "occupancyPercent": 0
      },
      {
        "hour": 8,
        "occupancyPercent": 0
      },
      {
        "hour": 9,
        "occupancyPercent": 0
      },
      {
        "hour": 10,
        "occupancyPercent": 3
      },
      {
        "hour": 11,
        "occupancyPercent": 10
      },
      {
        "hour": 12,
        "occupancyPercent": 17
      },
      {
        "hour": 13,
        "occupancyPercent": 18
      },
      {
        "hour": 14,
        "occupancyPercent": 13
      },
      {
        "hour": 15,
        "occupancyPercent": 10
      },
      {
        "hour": 16,
        "occupancyPercent": 17
      },
      {
        "hour": 17,
        "occupancyPercent": 33
      },
      {
        "hour": 18,
        "occupancyPercent": 48
      },
      {
        "hour": 19,
        "occupancyPercent": 53
      },
      {
        "hour": 20,
        "occupancyPercent": 43
      },
      {
        "hour": 21,
        "occupancyPercent": 25
      },
      {
        "hour": 22,
        "occupancyPercent": 0
      },
      {
        "hour": 23,
        "occupancyPercent": 0
      }
    ],
    "Fr": [
      {
        "hour": 6,
        "occupancyPercent": 0
      },
      {
        "hour": 7,
        "occupancyPercent": 0
      },
      {
        "hour": 8,
        "occupancyPercent": 0
      },
      {
        "hour": 9,
        "occupancyPercent": 0
      },
      {
        "hour": 10,
        "occupancyPercent": 4
      },
      {
        "hour": 11,
        "occupancyPercent": 6
      },
      {
        "hour": 12,
        "occupancyPercent": 9
      },
      {
        "hour": 13,
        "occupancyPercent": 10
      },
      {
        "hour": 14,
        "occupancyPercent": 11
      },
      {
        "hour": 15,
        "occupancyPercent": 11
      },
      {
        "hour": 16,
        "occupancyPercent": 19
      },
      {
        "hour": 17,
        "occupancyPercent": 49
      },
      {
        "hour": 18,
        "occupancyPercent": 93
      },
      {
        "hour": 19,
        "occupancyPercent": 100
      },
      {
        "hour": 20,
        "occupancyPercent": 59
      },
      {
        "hour": 21,
        "occupancyPercent": 27
      },
      {
        "hour": 22,
        "occupancyPercent": 0
      },
      {
        "hour": 23,
        "occupancyPercent": 0
      }
    ],
    "Sa": [
      {
        "hour": 6,
        "occupancyPercent": 0
      },
      {
        "hour": 7,
        "occupancyPercent": 0
      },
      {
        "hour": 8,
        "occupancyPercent": 0
      },
      {
        "hour": 9,
        "occupancyPercent": 0
      },
      {
        "hour": 10,
        "occupancyPercent": 4
      },
      {
        "hour": 11,
        "occupancyPercent": 11
      },
      {
        "hour": 12,
        "occupancyPercent": 16
      },
      {
        "hour": 13,
        "occupancyPercent": 16
      },
      {
        "hour": 14,
        "occupancyPercent": 15
      },
      {
        "hour": 15,
        "occupancyPercent": 20
      },
      {
        "hour": 16,
        "occupancyPercent": 37
      },
      {
        "hour": 17,
        "occupancyPercent": 64
      },
      {
        "hour": 18,
        "occupancyPercent": 88
      },
      {
        "hour": 19,
        "occupancyPercent": 95
      },
      {
        "hour": 20,
        "occupancyPercent": 78
      },
      {
        "hour": 21,
        "occupancyPercent": 50
      },
      {
        "hour": 22,
        "occupancyPercent": 0
      },
      {
        "hour": 23,
        "occupancyPercent": 0
      }
    ]
  },
  "openingHours": [
    {
      "day": "Tuesday,",
      "hours": "10:30AM to 9:30PM"
    },
    {
      "day": "Wednesday,",
      "hours": "10:30AM to 9:30PM"
    },
    {
      "day": "Thursday,",
      "hours": "10:30AM to 9:30PM"
    },
    {
      "day": "Friday,",
      "hours": "10:30AM to 10PM"
    },
    {
      "day": "Saturday,",
      "hours": "10:30AM to 10PM"
    },
    {
      "day": "Sunday,",
      "hours": "10:30AM to 9:30PM"
    },
    {
      "day": "Monday,",
      "hours": "10:30AM to 9:30PM"
    }
  ],
  "additionalInfo": {
    "Service options": [
      {
        "No-contact delivery": true
      },
      {
        "Delivery": true
      },
      {
        "Takeaway": true
      },
      {
        "Dine-in": true
      }
    ],
    "Offerings": [
      {
        "Kids' menu": true
      },
      {
        "Late-night food": true
      },
      {
        "Vegetarian options": true
      }
    ],
    "Dining options": [
      {
        "Lunch": true
      },
      {
        "Dinner": true
      },
      {
        "Catering": true
      },
      {
        "Counter service": true
      },
      {
        "Dessert": true
      },
      {
        "Seating": true
      }
    ],
    "Atmosphere": [
      {
        "Casual": true
      }
    ],
    "Crowd": [
      {
        "Family friendly": true
      }
    ]
  },
  "reviewsCount": 135,
  "reviewsDistribution": {
    "oneStar": 27,
    "twoStar": 5,
    "threeStar": 8,
    "fourStar": 10,
    "fiveStar": 85
  },
  "reviews": [],
  "orderBy": [
    {
      "name": "menulog.com.au",
      "url": "https://www.menulog.com.au/restaurants-crust-pizza-bentleigh/menu?utm_source=google&utm_medium=organic&utm_campaign=orderaction"
    }
  ]
}