{
  "title": "Domino's Pizza Narre Warren",
  "subTitle": null,
  "price": "$",
  "menu": null,
  "categoryName": "Fast food restaurant",
  "address": "Shop 9/420 Princes Hwy, Narre Warren VIC 3805, Australia",
  "locatedIn": null,
  "neighborhood": "Shop 9/420 Princes Hwy",
  "street": "Shop 9/420 Princes Hwy",
  "city": "Narre Warren",
  "postalCode": "3805",
  "state": "Victoria",
  "countryCode": "AU",
  "plusCode": "X8F4+XC Narre Warren, Victoria, Australia",
  "website": "https://www.dominos.com.au/store/vic-narre-warren-98810?utm_source=google&utm_medium=places-organic",
  "phone": "+61 3 8769 5720      phone8",
  "temporarilyClosed": false,
  "location": {
    "lat": -38.0250087,
    "lng": 145.3060558
  },
  "permanentlyClosed": false,
  "totalScore": 3.2,
  "isAdvertisement": false,
  "rank": 11,
  "placeId": "ChIJl-eBs60Q1moRDCj2bCvOWFo",
  "categories": [
    "Pizza restaurant",
    "Dessert restaurant",
    "Family restaurant",
    "Lunch restaurant",
    "Meal delivery",
    "Takeout restaurant",
    "Pizza delivery",
    "Fast food restaurant",
    "Pizza takeaway",
    "Restaurant"
  ],
  "cid": "6510179947271038988",
  "url": "https://www.google.com/maps/place/Domino's+Pizza+Narre+Warren/@-38.0250087,145.3060558,17z/data=!3m1!4b1!4m5!3m4!1s0x6ad610adb381e797:0x5a58ce2b6cf6280c!8m2!3d-38.0250087!4d145.3060558?hl=en",
  "searchPageUrl": "https://www.google.com/maps/search/pizza/@-38.0051329,145.2831764,15z?hl=en",
  "searchString": "pizza",
  "scrapedAt": "2022-08-01T17:10:35.777Z",
  "popularTimesLiveText": null,
  "popularTimesLivePercent": null,
  "popularTimesHistogram": {
    "Su": [
      {
        "hour": 6,
        "occupancyPercent": 0
      },
      {
        "hour": 7,
        "occupancyPercent": 0
      },
      {
        "hour": 8,
        "occupancyPercent": 0
      },
      {
        "hour": 9,
        "occupancyPercent": 0
      },
      {
        "hour": 10,
        "occupancyPercent": 0
      },
      {
        "hour": 11,
        "occupancyPercent": 9
      },
      {
        "hour": 12,
        "occupancyPercent": 16
      },
      {
        "hour": 13,
        "occupancyPercent": 22
      },
      {
        "hour": 14,
        "occupancyPercent": 29
      },
      {
        "hour": 15,
        "occupancyPercent": 36
      },
      {
        "hour": 16,
        "occupancyPercent": 44
      },
      {
        "hour": 17,
        "occupancyPercent": 57
      },
      {
        "hour": 18,
        "occupancyPercent": 68
      },
      {
        "hour": 19,
        "occupancyPercent": 70
      },
      {
        "hour": 20,
        "occupancyPercent": 55
      },
      {
        "hour": 21,
        "occupancyPercent": 32
      },
      {
        "hour": 22,
        "occupancyPercent": 14
      },
      {
        "hour": 23,
        "occupancyPercent": 0
      }
    ],
    "Mo": [
      {
        "hour": 6,
        "occupancyPercent": 0
      },
      {
        "hour": 7,
        "occupancyPercent": 0
      },
      {
        "hour": 8,
        "occupancyPercent": 0
      },
      {
        "hour": 9,
        "occupancyPercent": 0
      },
      {
        "hour": 10,
        "occupancyPercent": 0
      },
      {
        "hour": 11,
        "occupancyPercent": 6
      },
      {
        "hour": 12,
        "occupancyPercent": 8
      },
      {
        "hour": 13,
        "occupancyPercent": 9
      },
      {
        "hour": 14,
        "occupancyPercent": 11
      },
      {
        "hour": 15,
        "occupancyPercent": 13
      },
      {
        "hour": 16,
        "occupancyPercent": 19
      },
      {
        "hour": 17,
        "occupancyPercent": 39
      },
      {
        "hour": 18,
        "occupancyPercent": 55
      },
      {
        "hour": 19,
        "occupancyPercent": 55
      },
      {
        "hour": 20,
        "occupancyPercent": 52
      },
      {
        "hour": 21,
        "occupancyPercent": 42
      },
      {
        "hour": 22,
        "occupancyPercent": 21
      },
      {
        "hour": 23,
        "occupancyPercent": 0
      }
    ],
    "Tu": [
      {
        "hour": 6,
        "occupancyPercent": 0
      },
      {
        "hour": 7,
        "occupancyPercent": 0
      },
      {
        "hour": 8,
        "occupancyPercent": 0
      },
      {
        "hour": 9,
        "occupancyPercent": 0
      },
      {
        "hour": 10,
        "occupancyPercent": 0
      },
      {
        "hour": 11,
        "occupancyPercent": 8
      },
      {
        "hour": 12,
        "occupancyPercent": 14
      },
      {
        "hour": 13,
        "occupancyPercent": 18
      },
      {
        "hour": 14,
        "occupancyPercent": 18
      },
      {
        "hour": 15,
        "occupancyPercent": 18
      },
      {
        "hour": 16,
        "occupancyPercent": 31
      },
      {
        "hour": 17,
        "occupancyPercent": 55
      },
      {
        "hour": 18,
        "occupancyPercent": 65
      },
      {
        "hour": 19,
        "occupancyPercent": 55
      },
      {
        "hour": 20,
        "occupancyPercent": 44
      },
      {
        "hour": 21,
        "occupancyPercent": 36
      },
      {
        "hour": 22,
        "occupancyPercent": 22
      },
      {
        "hour": 23,
        "occupancyPercent": 0
      }
    ],
    "We": [
      {
        "hour": 6,
        "occupancyPercent": 0
      },
      {
        "hour": 7,
        "occupancyPercent": 0
      },
      {
        "hour": 8,
        "occupancyPercent": 0
      },
      {
        "hour": 9,
        "occupancyPercent": 0
      },
      {
        "hour": 10,
        "occupancyPercent": 0
      },
      {
        "hour": 11,
        "occupancyPercent": 4
      },
      {
        "hour": 12,
        "occupancyPercent": 9
      },
      {
        "hour": 13,
        "occupancyPercent": 13
      },
      {
        "hour": 14,
        "occupancyPercent": 18
      },
      {
        "hour": 15,
        "occupancyPercent": 22
      },
      {
        "hour": 16,
        "occupancyPercent": 27
      },
      {
        "hour": 17,
        "occupancyPercent": 34
      },
      {
        "hour": 18,
        "occupancyPercent": 37
      },
      {
        "hour": 19,
        "occupancyPercent": 36
      },
      {
        "hour": 20,
        "occupancyPercent": 29
      },
      {
        "hour": 21,
        "occupancyPercent": 21
      },
      {
        "hour": 22,
        "occupancyPercent": 14
      },
      {
        "hour": 23,
        "occupancyPercent": 0
      }
    ],
    "Th": [
      {
        "hour": 6,
        "occupancyPercent": 0
      },
      {
        "hour": 7,
        "occupancyPercent": 0
      },
      {
        "hour": 8,
        "occupancyPercent": 0
      },
      {
        "hour": 9,
        "occupancyPercent": 0
      },
      {
        "hour": 10,
        "occupancyPercent": 0
      },
      {
        "hour": 11,
        "occupancyPercent": 14
      },
      {
        "hour": 12,
        "occupancyPercent": 19
      },
      {
        "hour": 13,
        "occupancyPercent": 22
      },
      {
        "hour": 14,
        "occupancyPercent": 24
      },
      {
        "hour": 15,
        "occupancyPercent": 29
      },
      {
        "hour": 16,
        "occupancyPercent": 37
      },
      {
        "hour": 17,
        "occupancyPercent": 49
      },
      {
        "hour": 18,
        "occupancyPercent": 62
      },
      {
        "hour": 19,
        "occupancyPercent": 68
      },
      {
        "hour": 20,
        "occupancyPercent": 67
      },
      {
        "hour": 21,
        "occupancyPercent": 55
      },
      {
        "hour": 22,
        "occupancyPercent": 37
      },
      {
        "hour": 23,
        "occupancyPercent": 19
      }
    ],
    "Fr": [
      {
        "hour": 6,
        "occupancyPercent": 0
      },
      {
        "hour": 7,
        "occupancyPercent": 0
      },
      {
        "hour": 8,
        "occupancyPercent": 0
      },
      {
        "hour": 9,
        "occupancyPercent": 0
      },
      {
        "hour": 10,
        "occupancyPercent": 0
      },
      {
        "hour": 11,
        "occupancyPercent": 22
      },
      {
        "hour": 12,
        "occupancyPercent": 31
      },
      {
        "hour": 13,
        "occupancyPercent": 31
      },
      {
        "hour": 14,
        "occupancyPercent": 26
      },
      {
        "hour": 15,
        "occupancyPercent": 24
      },
      {
        "hour": 16,
        "occupancyPercent": 27
      },
      {
        "hour": 17,
        "occupancyPercent": 37
      },
      {
        "hour": 18,
        "occupancyPercent": 50
      },
      {
        "hour": 19,
        "occupancyPercent": 59
      },
      {
        "hour": 20,
        "occupancyPercent": 60
      },
      {
        "hour": 21,
        "occupancyPercent": 55
      },
      {
        "hour": 22,
        "occupancyPercent": 44
      },
      {
        "hour": 23,
        "occupancyPercent": 29
      },
      {
        "hour": 0,
        "occupancyPercent": 16
      }
    ],
    "Sa": [
      {
        "hour": 6,
        "occupancyPercent": 0
      },
      {
        "hour": 7,
        "occupancyPercent": 0
      },
      {
        "hour": 8,
        "occupancyPercent": 0
      },
      {
        "hour": 9,
        "occupancyPercent": 0
      },
      {
        "hour": 10,
        "occupancyPercent": 0
      },
      {
        "hour": 11,
        "occupancyPercent": 14
      },
      {
        "hour": 12,
        "occupancyPercent": 37
      },
      {
        "hour": 13,
        "occupancyPercent": 40
      },
      {
        "hour": 14,
        "occupancyPercent": 22
      },
      {
        "hour": 15,
        "occupancyPercent": 24
      },
      {
        "hour": 16,
        "occupancyPercent": 54
      },
      {
        "hour": 17,
        "occupancyPercent": 90
      },
      {
        "hour": 18,
        "occupancyPercent": 100
      },
      {
        "hour": 19,
        "occupancyPercent": 81
      },
      {
        "hour": 20,
        "occupancyPercent": 59
      },
      {
        "hour": 21,
        "occupancyPercent": 50
      },
      {
        "hour": 22,
        "occupancyPercent": 52
      },
      {
        "hour": 23,
        "occupancyPercent": 50
      },
      {
        "hour": 0,
        "occupancyPercent": 40
      }
    ]
  },
  "openingHours": [
    {
      "day": "Tuesday,",
      "hours": "11AM to 11PM"
    },
    {
      "day": "Wednesday,",
      "hours": "11AM to 11PM"
    },
    {
      "day": "Thursday,",
      "hours": "11AM to 12AM"
    },
    {
      "day": "Friday,",
      "hours": "11AM to 1AM"
    },
    {
      "day": "Saturday,",
      "hours": "11AM to 1AM"
    },
    {
      "day": "Sunday,",
      "hours": "11AM to 11PM"
    },
    {
      "day": "Monday,",
      "hours": "11AM to 11PM"
    }
  ],
  "additionalInfo": {
    "Service options": [
      {
        "Kerbside pickup": true
      },
      {
        "No-contact delivery": true
      },
      {
        "Delivery": true
      },
      {
        "Takeaway": true
      }
    ],
    "Accessibility": [
      {
        "Wheelchair-accessible entrance": true
      },
      {
        "Wheelchair-accessible seating": false
      },
      {
        "Wheelchair-accessible toilet": false
      }
    ],
    "Offerings": [
      {
        "Late-night food": true
      },
      {
        "Vegetarian options": true
      }
    ],
    "Dining options": [
      {
        "Lunch": true
      },
      {
        "Dinner": true
      },
      {
        "Catering": true
      },
      {
        "Dessert": true
      }
    ],
    "Amenities": [
      {
        "Good for kids": true
      }
    ],
    "Atmosphere": [
      {
        "Casual": true
      }
    ],
    "Crowd": [
      {
        "Family friendly": true
      },
      {
        "LGBTQ+ friendly": true
      },
      {
        "Transgender safe space": true
      }
    ],
    "Payments": [
      {
        "Debit cards": true
      },
      {
        "NFC mobile payments": true
      },
      {
        "Credit cards": true
      }
    ]
  },
  "reviewsCount": 244,
  "reviewsDistribution": {
    "oneStar": 83,
    "twoStar": 14,
    "threeStar": 20,
    "fourStar": 28,
    "fiveStar": 99
  },
  "reviews": [],
  "orderBy": []
}