{
  "title": "Forest Pizza & Pasta",
  "subTitle": null,
  "price": null,
  "menu": null,
  "categoryName": "Pizza delivery",
  "address": "36 Forest Rd, Ferntree Gully VIC 3156, Australia",
  "locatedIn": null,
  "neighborhood": "36 Forest Rd",
  "street": "36 Forest Rd",
  "city": "Ferntree Gully",
  "postalCode": "3156",
  "state": "Victoria",
  "countryCode": "AU",
  "plusCode": "478W+HV Ferntree Gully, Victoria, Australia",
  "website": null,
  "phone": "+61 3 9752 2233      phone3",
  "temporarilyClosed": false,
  "location": {
    "lat": -37.8835189,
    "lng": 145.2971645
  },
  "permanentlyClosed": true,
  "totalScore": 3.8,
  "isAdvertisement": false,
  "rank": 19,
  "placeId": "ChIJs81qV6g91moRa63ZwnhAl8o",
  "categories": [
    "Pizza restaurant",
    "Pizza delivery",
    "Pizza takeaway",
    "Restaurant",
    "Vegan restaurant"
  ],
  "cid": "14598207604554050923",
  "url": "https://www.google.com/maps/place/Forest+Pizza+%26+Pasta/@-37.8835189,145.2971645,17z/data=!3m1!4b1!4m5!3m4!1s0x6ad63da8576acdb3:0xca974078c2d9ad6b!8m2!3d-37.8835189!4d145.2971645?hl=en",
  "searchPageUrl": "https://www.google.com/maps/search/2x+pizza/@-37.8686132,145.3878422,15z?hl=en",
  "searchString": "2x pizza",
  "scrapedAt": "2022-08-04T11:46:09.666Z",
  "openingHours": [
    {
      "day": "Thursday,",
      "hours": "5 to 9PM"
    },
    {
      "day": "Friday,",
      "hours": "5 to 10PM"
    },
    {
      "day": "Saturday,",
      "hours": "5 to 10PM"
    },
    {
      "day": "Sunday,",
      "hours": "5 to 9PM"
    },
    {
      "day": "Monday,",
      "hours": "Closed"
    },
    {
      "day": "Tuesday,",
      "hours": "Closed"
    },
    {
      "day": "Wednesday,",
      "hours": "5 to 9PM"
    }
  ],
  "additionalInfo": {
    "Service options": [
      {
        "Takeaway": true
      }
    ]
  },
  "reviewsCount": 20,
  "reviewsDistribution": {
    "oneStar": 5,
    "twoStar": 1,
    "threeStar": 0,
    "fourStar": 2,
    "fiveStar": 12
  },
  "reviews": [],
  "orderBy": []
}