{
  "title": "Zippy's Pizza & Pasta",
  "subTitle": null,
  "price": null,
  "menu": null,
  "categoryName": "Pizza takeaway",
  "address": "12 Main St, Greensborough VIC 3088, Australia",
  "locatedIn": null,
  "neighborhood": "12 Main St",
  "street": "12 Main St",
  "city": "Greensborough",
  "postalCode": "3088",
  "state": "Victoria",
  "countryCode": "AU",
  "plusCode": "74W3+68 Greensborough, Victoria, Australia",
  "website": null,
  "phone": "+61 3 9432 2711",
  "temporarilyClosed": false,
  "location": {
    "lat": -37.7044251,
    "lng": 145.1032592
  },
  "permanentlyClosed": true,
  "totalScore": 2.8,
  "isAdvertisement": false,
  "rank": 16,
  "placeId": "ChIJWxJ1P1tI1moR1eW3nw_Lzqw",
  "categories": [
    "Pizza restaurant",
    "Pasta shop",
    "Pizza delivery",
    "Pizza takeaway"
  ],
  "cid": "12452113287690577365",
  "url": "https://www.google.com/maps/place/Zippy's+Pizza+%26+Pasta/@-37.7044251,145.1032592,17z/data=!3m1!4b1!4m5!3m4!1s0x6ad6485b3f75125b:0xaccecb0f9fb7e5d5!8m2!3d-37.7044251!4d145.1032592?hl=en",
  "searchPageUrl": "https://www.google.com/maps/search/yp+pizza/@-37.7047895,145.1087335,15z?hl=en",
  "searchString": "yp pizza",
  "scrapedAt": "2022-08-04T02:26:38.070Z",
  "openingHours": [
    {
      "day": "Thursday,",
      "hours": "5 to 10:15PM"
    },
    {
      "day": "Friday,",
      "hours": "5 to 10:15PM"
    },
    {
      "day": "Saturday,",
      "hours": "5 to 10:15PM"
    },
    {
      "day": "Sunday,",
      "hours": "5 to 10:15PM"
    },
    {
      "day": "Monday,",
      "hours": "5 to 10:15PM"
    },
    {
      "day": "Tuesday,",
      "hours": "5 to 10:15PM"
    },
    {
      "day": "Wednesday,",
      "hours": "5 to 10:15PM"
    }
  ],
  "additionalInfo": {
    "Popular for": [
      {
        "Dinner": true
      },
      {
        "Solo dining": true
      }
    ],
    "Offerings": [
      {
        "Quick bite": true
      },
      {
        "Vegetarian options": true
      }
    ],
    "Dining options": [
      {
        "Dinner": true
      },
      {
        "Counter service": true
      }
    ],
    "Atmosphere": [
      {
        "Casual": true
      }
    ],
    "Crowd": [
      {
        "Locals": true
      }
    ],
    "Payments": [
      {
        "Debit cards": true
      }
    ]
  },
  "reviewsCount": 14,
  "reviewsDistribution": {
    "oneStar": 7,
    "twoStar": 0,
    "threeStar": 1,
    "fourStar": 1,
    "fiveStar": 5
  },
  "reviews": [],
  "orderBy": []
}