{
  "title": "Godfather's Pizza",
  "subTitle": null,
  "price": "$$",
  "menu": null,
  "categoryName": "Pizza restaurant",
  "address": "106 Mountain View Rd, Briar Hill VIC 3088, Australia",
  "locatedIn": null,
  "neighborhood": "106 Mountain View Rd",
  "street": "106 Mountain View Rd",
  "city": "Briar Hill",
  "postalCode": "3088",
  "state": "Victoria",
  "countryCode": "AU",
  "plusCode": "74RC+95 Briar Hill, Victoria, Australia",
  "website": "https://godfatherspizzarestaurant.com.au/",
  "phone": "+61 3 9434 4222",
  "temporarilyClosed": false,
  "location": {
    "lat": -37.7091194,
    "lng": 145.1204361
  },
  "permanentlyClosed": false,
  "totalScore": 3.9,
  "isAdvertisement": false,
  "rank": 19,
  "placeId": "ChIJn54LcTlI1moRpz3DCWG_BdU",
  "categories": [
    "Pizza restaurant",
    "Cafe",
    "Italian restaurant",
    "Meal delivery",
    "Takeout restaurant",
    "Pizza delivery",
    "Pizza takeaway",
    "Seafood restaurant"
  ],
  "cid": "15349885328458726823",
  "url": "https://www.google.com/maps/place/Godfather's+Pizza/@-37.7091194,145.1204361,17z/data=!3m1!4b1!4m5!3m4!1s0x6ad64839710b9e9f:0xd505bf6109c33da7!8m2!3d-37.7091194!4d145.1204361?hl=en",
  "searchPageUrl": "https://www.google.com/maps/search/pizza/@-37.7320935,145.1087335,15z?hl=en",
  "searchString": "pizza",
  "scrapedAt": "2022-08-01T17:08:22.581Z",
  "popularTimesLiveText": null,
  "popularTimesLivePercent": null,
  "popularTimesHistogram": {
    "Su": [
      {
        "hour": 6,
        "occupancyPercent": 0
      },
      {
        "hour": 7,
        "occupancyPercent": 0
      },
      {
        "hour": 8,
        "occupancyPercent": 0
      },
      {
        "hour": 9,
        "occupancyPercent": 0
      },
      {
        "hour": 10,
        "occupancyPercent": 0
      },
      {
        "hour": 11,
        "occupancyPercent": 0
      },
      {
        "hour": 12,
        "occupancyPercent": 0
      },
      {
        "hour": 13,
        "occupancyPercent": 0
      },
      {
        "hour": 14,
        "occupancyPercent": 0
      },
      {
        "hour": 15,
        "occupancyPercent": 0
      },
      {
        "hour": 16,
        "occupancyPercent": 0
      },
      {
        "hour": 17,
        "occupancyPercent": 35
      },
      {
        "hour": 18,
        "occupancyPercent": 64
      },
      {
        "hour": 19,
        "occupancyPercent": 63
      },
      {
        "hour": 20,
        "occupancyPercent": 33
      },
      {
        "hour": 21,
        "occupancyPercent": 8
      },
      {
        "hour": 22,
        "occupancyPercent": 0
      },
      {
        "hour": 23,
        "occupancyPercent": 0
      }
    ],
    "Mo": [
      {
        "hour": 6,
        "occupancyPercent": 0
      },
      {
        "hour": 7,
        "occupancyPercent": 0
      },
      {
        "hour": 8,
        "occupancyPercent": 0
      },
      {
        "hour": 9,
        "occupancyPercent": 0
      },
      {
        "hour": 10,
        "occupancyPercent": 0
      },
      {
        "hour": 11,
        "occupancyPercent": 0
      },
      {
        "hour": 12,
        "occupancyPercent": 0
      },
      {
        "hour": 13,
        "occupancyPercent": 0
      },
      {
        "hour": 14,
        "occupancyPercent": 0
      },
      {
        "hour": 15,
        "occupancyPercent": 0
      },
      {
        "hour": 16,
        "occupancyPercent": 0
      },
      {
        "hour": 17,
        "occupancyPercent": 16
      },
      {
        "hour": 18,
        "occupancyPercent": 31
      },
      {
        "hour": 19,
        "occupancyPercent": 38
      },
      {
        "hour": 20,
        "occupancyPercent": 28
      },
      {
        "hour": 21,
        "occupancyPercent": 0
      },
      {
        "hour": 22,
        "occupancyPercent": 0
      },
      {
        "hour": 23,
        "occupancyPercent": 0
      }
    ],
    "Tu": [
      {
        "hour": 6,
        "occupancyPercent": 0
      },
      {
        "hour": 7,
        "occupancyPercent": 0
      },
      {
        "hour": 8,
        "occupancyPercent": 0
      },
      {
        "hour": 9,
        "occupancyPercent": 0
      },
      {
        "hour": 10,
        "occupancyPercent": 0
      },
      {
        "hour": 11,
        "occupancyPercent": 0
      },
      {
        "hour": 12,
        "occupancyPercent": 0
      },
      {
        "hour": 13,
        "occupancyPercent": 0
      },
      {
        "hour": 14,
        "occupancyPercent": 0
      },
      {
        "hour": 15,
        "occupancyPercent": 0
      },
      {
        "hour": 16,
        "occupancyPercent": 0
      },
      {
        "hour": 17,
        "occupancyPercent": 23
      },
      {
        "hour": 18,
        "occupancyPercent": 31
      },
      {
        "hour": 19,
        "occupancyPercent": 33
      },
      {
        "hour": 20,
        "occupancyPercent": 36
      },
      {
        "hour": 21,
        "occupancyPercent": 0
      },
      {
        "hour": 22,
        "occupancyPercent": 0
      },
      {
        "hour": 23,
        "occupancyPercent": 0
      }
    ],
    "We": [
      {
        "hour": 6,
        "occupancyPercent": 0
      },
      {
        "hour": 7,
        "occupancyPercent": 0
      },
      {
        "hour": 8,
        "occupancyPercent": 0
      },
      {
        "hour": 9,
        "occupancyPercent": 0
      },
      {
        "hour": 10,
        "occupancyPercent": 0
      },
      {
        "hour": 11,
        "occupancyPercent": 0
      },
      {
        "hour": 12,
        "occupancyPercent": 0
      },
      {
        "hour": 13,
        "occupancyPercent": 0
      },
      {
        "hour": 14,
        "occupancyPercent": 0
      },
      {
        "hour": 15,
        "occupancyPercent": 0
      },
      {
        "hour": 16,
        "occupancyPercent": 0
      },
      {
        "hour": 17,
        "occupancyPercent": 31
      },
      {
        "hour": 18,
        "occupancyPercent": 52
      },
      {
        "hour": 19,
        "occupancyPercent": 53
      },
      {
        "hour": 20,
        "occupancyPercent": 33
      },
      {
        "hour": 21,
        "occupancyPercent": 0
      },
      {
        "hour": 22,
        "occupancyPercent": 0
      },
      {
        "hour": 23,
        "occupancyPercent": 0
      }
    ],
    "Th": [
      {
        "hour": 6,
        "occupancyPercent": 0
      },
      {
        "hour": 7,
        "occupancyPercent": 0
      },
      {
        "hour": 8,
        "occupancyPercent": 0
      },
      {
        "hour": 9,
        "occupancyPercent": 0
      },
      {
        "hour": 10,
        "occupancyPercent": 0
      },
      {
        "hour": 11,
        "occupancyPercent": 0
      },
      {
        "hour": 12,
        "occupancyPercent": 0
      },
      {
        "hour": 13,
        "occupancyPercent": 0
      },
      {
        "hour": 14,
        "occupancyPercent": 0
      },
      {
        "hour": 15,
        "occupancyPercent": 0
      },
      {
        "hour": 16,
        "occupancyPercent": 0
      },
      {
        "hour": 17,
        "occupancyPercent": 43
      },
      {
        "hour": 18,
        "occupancyPercent": 60
      },
      {
        "hour": 19,
        "occupancyPercent": 58
      },
      {
        "hour": 20,
        "occupancyPercent": 40
      },
      {
        "hour": 21,
        "occupancyPercent": 0
      },
      {
        "hour": 22,
        "occupancyPercent": 0
      },
      {
        "hour": 23,
        "occupancyPercent": 0
      }
    ],
    "Fr": [
      {
        "hour": 6,
        "occupancyPercent": 0
      },
      {
        "hour": 7,
        "occupancyPercent": 0
      },
      {
        "hour": 8,
        "occupancyPercent": 0
      },
      {
        "hour": 9,
        "occupancyPercent": 0
      },
      {
        "hour": 10,
        "occupancyPercent": 0
      },
      {
        "hour": 11,
        "occupancyPercent": 0
      },
      {
        "hour": 12,
        "occupancyPercent": 0
      },
      {
        "hour": 13,
        "occupancyPercent": 0
      },
      {
        "hour": 14,
        "occupancyPercent": 0
      },
      {
        "hour": 15,
        "occupancyPercent": 0
      },
      {
        "hour": 16,
        "occupancyPercent": 0
      },
      {
        "hour": 17,
        "occupancyPercent": 32
      },
      {
        "hour": 18,
        "occupancyPercent": 55
      },
      {
        "hour": 19,
        "occupancyPercent": 67
      },
      {
        "hour": 20,
        "occupancyPercent": 57
      },
      {
        "hour": 21,
        "occupancyPercent": 34
      },
      {
        "hour": 22,
        "occupancyPercent": 0
      },
      {
        "hour": 23,
        "occupancyPercent": 0
      }
    ],
    "Sa": [
      {
        "hour": 6,
        "occupancyPercent": 0
      },
      {
        "hour": 7,
        "occupancyPercent": 0
      },
      {
        "hour": 8,
        "occupancyPercent": 0
      },
      {
        "hour": 9,
        "occupancyPercent": 0
      },
      {
        "hour": 10,
        "occupancyPercent": 0
      },
      {
        "hour": 11,
        "occupancyPercent": 0
      },
      {
        "hour": 12,
        "occupancyPercent": 0
      },
      {
        "hour": 13,
        "occupancyPercent": 0
      },
      {
        "hour": 14,
        "occupancyPercent": 0
      },
      {
        "hour": 15,
        "occupancyPercent": 0
      },
      {
        "hour": 16,
        "occupancyPercent": 0
      },
      {
        "hour": 17,
        "occupancyPercent": 48
      },
      {
        "hour": 18,
        "occupancyPercent": 93
      },
      {
        "hour": 19,
        "occupancyPercent": 100
      },
      {
        "hour": 20,
        "occupancyPercent": 58
      },
      {
        "hour": 21,
        "occupancyPercent": 18
      },
      {
        "hour": 22,
        "occupancyPercent": 0
      },
      {
        "hour": 23,
        "occupancyPercent": 0
      }
    ]
  },
  "openingHours": [
    {
      "day": "Tuesday,",
      "hours": "5 to 9PM"
    },
    {
      "day": "Wednesday,",
      "hours": "5 to 9PM"
    },
    {
      "day": "Thursday,",
      "hours": "5 to 9PM"
    },
    {
      "day": "Friday,",
      "hours": "5 to 10PM"
    },
    {
      "day": "Saturday,",
      "hours": "5 to 10PM"
    },
    {
      "day": "Sunday,",
      "hours": "5 to 10PM"
    },
    {
      "day": "Monday,",
      "hours": "5 to 9PM"
    }
  ],
  "additionalInfo": {
    "Service options": [
      {
        "Outdoor seating": true
      },
      {
        "No-contact delivery": true
      },
      {
        "Delivery": true
      },
      {
        "Takeaway": true
      },
      {
        "Dine-in": true
      }
    ],
    "Accessibility": [
      {
        "Wheelchair-accessible car park": true
      },
      {
        "Wheelchair-accessible entrance": true
      },
      {
        "Wheelchair-accessible seating": true
      },
      {
        "Wheelchair-accessible toilet": true
      }
    ],
    "Offerings": [
      {
        "Coffee": true
      },
      {
        "Kids' menu": true
      },
      {
        "Late-night food": true
      }
    ],
    "Dining options": [
      {
        "Lunch": true
      },
      {
        "Dinner": true
      },
      {
        "Dessert": true
      }
    ],
    "Amenities": [
      {
        "Good for kids": true
      },
      {
        "High chairs": true
      },
      {
        "Toilets": true
      }
    ],
    "Atmosphere": [
      {
        "Casual": true
      },
      {
        "Cosy": true
      }
    ],
    "Crowd": [
      {
        "Groups": true
      }
    ],
    "Planning": [
      {
        "Accepts reservations": true
      }
    ],
    "Payments": [
      {
        "NFC mobile payments": true
      }
    ]
  },
  "reviewsCount": 359,
  "reviewsDistribution": {
    "oneStar": 39,
    "twoStar": 17,
    "threeStar": 43,
    "fourStar": 104,
    "fiveStar": 156
  },
  "reviews": [],
  "orderBy": [
    {
      "name": "doordash.com",
      "url": "https://www.doordash.com/en-AU/store/godfathers-restaurant-briar-hill-1895983/?utm_campaign=gpa"
    },
    {
      "name": "menulog.com.au",
      "url": "https://www.menulog.com.au/restaurants-godfathers-pizza-vic/menu?utm_source=google&utm_medium=organic&utm_campaign=orderaction"
    }
  ]
}