{
  "title": "House of Pizza n Parma",
  "subTitle": null,
  "price": null,
  "menu": null,
  "categoryName": "Restaurant",
  "address": "33 Macedon Rd, Templestowe Lower VIC 3107, Australia",
  "locatedIn": null,
  "neighborhood": "33 Macedon Rd",
  "street": "33 Macedon Rd",
  "city": "Templestowe Lower",
  "postalCode": "3107",
  "state": "Victoria",
  "countryCode": "AU",
  "plusCode": "64H6+6W Templestowe Lower, Victoria, Australia",
  "website": "http://houseofpizzanparmatemplestowe.com.au/",
  "phone": "+61 3 9078 7486",
  "temporarilyClosed": false,
  "location": {
    "lat": -37.7719734,
    "lng": 145.1122701
  },
  "permanentlyClosed": false,
  "totalScore": 4.5,
  "isAdvertisement": false,
  "rank": 7,
  "placeId": "ChIJ9w6Hx7BH1moRlzf6-ZcTwUg",
  "categories": [
    "Restaurant"
  ],
  "cid": "5242492984690882455",
  "url": "https://www.google.com/maps/place/House+of+Pizza+n+Parma/@-37.7719734,145.1122701,17z/data=!3m1!4b1!4m5!3m4!1s0x6ad647b0c7870ef7:0x48c11397f9fa3797!8m2!3d-37.7719734!4d145.1122701?hl=en",
  "searchPageUrl": "https://www.google.com/maps/search/pizza/@-37.7867014,145.1087335,15z?hl=en",
  "searchString": "pizza",
  "scrapedAt": "2022-08-01T17:08:12.655Z",
  "popularTimesLiveText": null,
  "popularTimesLivePercent": null,
  "popularTimesHistogram": {
    "Su": [
      {
        "hour": 6,
        "occupancyPercent": 0
      },
      {
        "hour": 7,
        "occupancyPercent": 0
      },
      {
        "hour": 8,
        "occupancyPercent": 0
      },
      {
        "hour": 9,
        "occupancyPercent": 0
      },
      {
        "hour": 10,
        "occupancyPercent": 0
      },
      {
        "hour": 11,
        "occupancyPercent": 0
      },
      {
        "hour": 12,
        "occupancyPercent": 0
      },
      {
        "hour": 13,
        "occupancyPercent": 0
      },
      {
        "hour": 14,
        "occupancyPercent": 45
      },
      {
        "hour": 15,
        "occupancyPercent": 28
      },
      {
        "hour": 16,
        "occupancyPercent": 28
      },
      {
        "hour": 17,
        "occupancyPercent": 52
      },
      {
        "hour": 18,
        "occupancyPercent": 40
      },
      {
        "hour": 19,
        "occupancyPercent": 9
      },
      {
        "hour": 20,
        "occupancyPercent": 2
      },
      {
        "hour": 21,
        "occupancyPercent": 2
      },
      {
        "hour": 22,
        "occupancyPercent": 0
      },
      {
        "hour": 23,
        "occupancyPercent": 0
      }
    ],
    "Mo": [],
    "Tu": [
      {
        "hour": 6,
        "occupancyPercent": 0
      },
      {
        "hour": 7,
        "occupancyPercent": 0
      },
      {
        "hour": 8,
        "occupancyPercent": 0
      },
      {
        "hour": 9,
        "occupancyPercent": 0
      },
      {
        "hour": 10,
        "occupancyPercent": 0
      },
      {
        "hour": 11,
        "occupancyPercent": 0
      },
      {
        "hour": 12,
        "occupancyPercent": 54
      },
      {
        "hour": 13,
        "occupancyPercent": 59
      },
      {
        "hour": 14,
        "occupancyPercent": 50
      },
      {
        "hour": 15,
        "occupancyPercent": 52
      },
      {
        "hour": 16,
        "occupancyPercent": 61
      },
      {
        "hour": 17,
        "occupancyPercent": 66
      },
      {
        "hour": 18,
        "occupancyPercent": 61
      },
      {
        "hour": 19,
        "occupancyPercent": 47
      },
      {
        "hour": 20,
        "occupancyPercent": 30
      },
      {
        "hour": 21,
        "occupancyPercent": 19
      },
      {
        "hour": 22,
        "occupancyPercent": 0
      },
      {
        "hour": 23,
        "occupancyPercent": 0
      }
    ],
    "We": [
      {
        "hour": 6,
        "occupancyPercent": 0
      },
      {
        "hour": 7,
        "occupancyPercent": 0
      },
      {
        "hour": 8,
        "occupancyPercent": 0
      },
      {
        "hour": 9,
        "occupancyPercent": 0
      },
      {
        "hour": 10,
        "occupancyPercent": 0
      },
      {
        "hour": 11,
        "occupancyPercent": 0
      },
      {
        "hour": 12,
        "occupancyPercent": 47
      },
      {
        "hour": 13,
        "occupancyPercent": 64
      },
      {
        "hour": 14,
        "occupancyPercent": 64
      },
      {
        "hour": 15,
        "occupancyPercent": 50
      },
      {
        "hour": 16,
        "occupancyPercent": 38
      },
      {
        "hour": 17,
        "occupancyPercent": 38
      },
      {
        "hour": 18,
        "occupancyPercent": 45
      },
      {
        "hour": 19,
        "occupancyPercent": 45
      },
      {
        "hour": 20,
        "occupancyPercent": 33
      },
      {
        "hour": 21,
        "occupancyPercent": 16
      },
      {
        "hour": 22,
        "occupancyPercent": 0
      },
      {
        "hour": 23,
        "occupancyPercent": 0
      }
    ],
    "Th": [
      {
        "hour": 6,
        "occupancyPercent": 0
      },
      {
        "hour": 7,
        "occupancyPercent": 0
      },
      {
        "hour": 8,
        "occupancyPercent": 0
      },
      {
        "hour": 9,
        "occupancyPercent": 0
      },
      {
        "hour": 10,
        "occupancyPercent": 0
      },
      {
        "hour": 11,
        "occupancyPercent": 0
      },
      {
        "hour": 12,
        "occupancyPercent": 78
      },
      {
        "hour": 13,
        "occupancyPercent": 78
      },
      {
        "hour": 14,
        "occupancyPercent": 52
      },
      {
        "hour": 15,
        "occupancyPercent": 38
      },
      {
        "hour": 16,
        "occupancyPercent": 47
      },
      {
        "hour": 17,
        "occupancyPercent": 66
      },
      {
        "hour": 18,
        "occupancyPercent": 78
      },
      {
        "hour": 19,
        "occupancyPercent": 76
      },
      {
        "hour": 20,
        "occupancyPercent": 59
      },
      {
        "hour": 21,
        "occupancyPercent": 38
      },
      {
        "hour": 22,
        "occupancyPercent": 0
      },
      {
        "hour": 23,
        "occupancyPercent": 0
      }
    ],
    "Fr": [
      {
        "hour": 6,
        "occupancyPercent": 0
      },
      {
        "hour": 7,
        "occupancyPercent": 0
      },
      {
        "hour": 8,
        "occupancyPercent": 0
      },
      {
        "hour": 9,
        "occupancyPercent": 0
      },
      {
        "hour": 10,
        "occupancyPercent": 0
      },
      {
        "hour": 11,
        "occupancyPercent": 0
      },
      {
        "hour": 12,
        "occupancyPercent": 45
      },
      {
        "hour": 13,
        "occupancyPercent": 59
      },
      {
        "hour": 14,
        "occupancyPercent": 69
      },
      {
        "hour": 15,
        "occupancyPercent": 80
      },
      {
        "hour": 16,
        "occupancyPercent": 97
      },
      {
        "hour": 17,
        "occupancyPercent": 100
      },
      {
        "hour": 18,
        "occupancyPercent": 80
      },
      {
        "hour": 19,
        "occupancyPercent": 50
      },
      {
        "hour": 20,
        "occupancyPercent": 21
      },
      {
        "hour": 21,
        "occupancyPercent": 7
      },
      {
        "hour": 22,
        "occupancyPercent": 0
      },
      {
        "hour": 23,
        "occupancyPercent": 0
      }
    ],
    "Sa": [
      {
        "hour": 6,
        "occupancyPercent": 0
      },
      {
        "hour": 7,
        "occupancyPercent": 0
      },
      {
        "hour": 8,
        "occupancyPercent": 0
      },
      {
        "hour": 9,
        "occupancyPercent": 0
      },
      {
        "hour": 10,
        "occupancyPercent": 0
      },
      {
        "hour": 11,
        "occupancyPercent": 0
      },
      {
        "hour": 12,
        "occupancyPercent": 38
      },
      {
        "hour": 13,
        "occupancyPercent": 59
      },
      {
        "hour": 14,
        "occupancyPercent": 59
      },
      {
        "hour": 15,
        "occupancyPercent": 42
      },
      {
        "hour": 16,
        "occupancyPercent": 38
      },
      {
        "hour": 17,
        "occupancyPercent": 50
      },
      {
        "hour": 18,
        "occupancyPercent": 64
      },
      {
        "hour": 19,
        "occupancyPercent": 59
      },
      {
        "hour": 20,
        "occupancyPercent": 38
      },
      {
        "hour": 21,
        "occupancyPercent": 19
      },
      {
        "hour": 22,
        "occupancyPercent": 0
      },
      {
        "hour": 23,
        "occupancyPercent": 0
      }
    ]
  },
  "openingHours": [
    {
      "day": "Tuesday,",
      "hours": "12 to 9:30PM"
    },
    {
      "day": "Wednesday,",
      "hours": "12 to 9:30PM"
    },
    {
      "day": "Thursday,",
      "hours": "12 to 9:30PM"
    },
    {
      "day": "Friday,",
      "hours": "12 to 9:30PM"
    },
    {
      "day": "Saturday,",
      "hours": "12 to 9:30PM"
    },
    {
      "day": "Sunday,",
      "hours": "2 to 9:30PM"
    },
    {
      "day": "Monday,",
      "hours": "Closed"
    }
  ],
  "additionalInfo": {
    "Service options": [
      {
        "No-contact delivery": true
      },
      {
        "Delivery": true
      },
      {
        "Takeaway": true
      },
      {
        "Dine-in": true
      }
    ],
    "Accessibility": [
      {
        "Wheelchair-accessible car park": true
      }
    ],
    "Dining options": [
      {
        "Lunch": true
      },
      {
        "Dinner": true
      },
      {
        "Dessert": true
      }
    ],
    "Amenities": [
      {
        "Good for kids": true
      }
    ],
    "Atmosphere": [
      {
        "Casual": true
      }
    ]
  },
  "reviewsCount": 51,
  "reviewsDistribution": {
    "oneStar": 3,
    "twoStar": 2,
    "threeStar": 2,
    "fourStar": 2,
    "fiveStar": 42
  },
  "reviews": [],
  "orderBy": [
    {
      "name": "menulog.com.au",
      "url": "https://www.menulog.com.au/restaurants-house-of-pizza-n-parma-templestowe-lower/menu?utm_source=google&utm_medium=organic&utm_campaign=orderaction"
    }
  ]
}