{
  "title": "Amalfi Pizza & Pasta Melton",
  "subTitle": null,
  "price": null,
  "menu": null,
  "categoryName": "Pizza takeaway",
  "address": "Shop 1A/415-429 High St, Melton VIC 3337, Australia",
  "locatedIn": null,
  "neighborhood": "Shop 1A/415-429 High St",
  "street": "Shop 1A/415-429 High St",
  "city": "Melton",
  "postalCode": "3337",
  "state": "Victoria",
  "countryCode": "AU",
  "plusCode": "8H8H+7G Melton, Victoria, Australia",
  "website": "http://www.amalfipizza.com.au/melton",
  "phone": "+61 3 8088 0571",
  "temporarilyClosed": false,
  "location": {
    "lat": -37.6842905,
    "lng": 144.5788281
  },
  "permanentlyClosed": false,
  "totalScore": 4.3,
  "isAdvertisement": false,
  "rank": 13,
  "placeId": "ChIJqyegnjPt1moRMX4yHW6jBzs",
  "categories": [
    "Pizza takeaway"
  ],
  "cid": "4253548066406301233",
  "url": "https://www.google.com/maps/place/Amalfi+Pizza+%26+Pasta+Melton/@-37.6842905,144.5788281,17z/data=!3m1!4b1!4m5!3m4!1s0x6ad6ed339ea027ab:0x3b07a36e1d327e31!8m2!3d-37.6842905!4d144.5788281?hl=en",
  "searchPageUrl": "https://www.google.com/maps/search/pizza/@-37.7867014,144.4807392,15z?hl=en",
  "searchString": "pizza",
  "scrapedAt": "2022-08-01T17:01:46.550Z",
  "popularTimesLiveText": null,
  "popularTimesLivePercent": null,
  "popularTimesHistogram": {
    "Su": [
      {
        "hour": 6,
        "occupancyPercent": 0
      },
      {
        "hour": 7,
        "occupancyPercent": 0
      },
      {
        "hour": 8,
        "occupancyPercent": 0
      },
      {
        "hour": 9,
        "occupancyPercent": 0
      },
      {
        "hour": 10,
        "occupancyPercent": 0
      },
      {
        "hour": 11,
        "occupancyPercent": 0
      },
      {
        "hour": 12,
        "occupancyPercent": 0
      },
      {
        "hour": 13,
        "occupancyPercent": 0
      },
      {
        "hour": 14,
        "occupancyPercent": 0
      },
      {
        "hour": 15,
        "occupancyPercent": 0
      },
      {
        "hour": 16,
        "occupancyPercent": 0
      },
      {
        "hour": 17,
        "occupancyPercent": 35
      },
      {
        "hour": 18,
        "occupancyPercent": 33
      },
      {
        "hour": 19,
        "occupancyPercent": 49
      },
      {
        "hour": 20,
        "occupancyPercent": 58
      },
      {
        "hour": 21,
        "occupancyPercent": 58
      },
      {
        "hour": 22,
        "occupancyPercent": 58
      },
      {
        "hour": 23,
        "occupancyPercent": 58
      },
      {
        "hour": 0,
        "occupancyPercent": 49
      },
      {
        "hour": 1,
        "occupancyPercent": 29
      }
    ],
    "Mo": [
      {
        "hour": 6,
        "occupancyPercent": 0
      },
      {
        "hour": 7,
        "occupancyPercent": 0
      },
      {
        "hour": 8,
        "occupancyPercent": 0
      },
      {
        "hour": 9,
        "occupancyPercent": 0
      },
      {
        "hour": 10,
        "occupancyPercent": 0
      },
      {
        "hour": 11,
        "occupancyPercent": 0
      },
      {
        "hour": 12,
        "occupancyPercent": 0
      },
      {
        "hour": 13,
        "occupancyPercent": 0
      },
      {
        "hour": 14,
        "occupancyPercent": 0
      },
      {
        "hour": 15,
        "occupancyPercent": 0
      },
      {
        "hour": 16,
        "occupancyPercent": 0
      },
      {
        "hour": 17,
        "occupancyPercent": 3
      },
      {
        "hour": 18,
        "occupancyPercent": 5
      },
      {
        "hour": 19,
        "occupancyPercent": 15
      },
      {
        "hour": 20,
        "occupancyPercent": 41
      },
      {
        "hour": 21,
        "occupancyPercent": 58
      },
      {
        "hour": 22,
        "occupancyPercent": 52
      },
      {
        "hour": 23,
        "occupancyPercent": 50
      },
      {
        "hour": 0,
        "occupancyPercent": 45
      },
      {
        "hour": 1,
        "occupancyPercent": 33
      }
    ],
    "Tu": [
      {
        "hour": 6,
        "occupancyPercent": 0
      },
      {
        "hour": 7,
        "occupancyPercent": 0
      },
      {
        "hour": 8,
        "occupancyPercent": 0
      },
      {
        "hour": 9,
        "occupancyPercent": 0
      },
      {
        "hour": 10,
        "occupancyPercent": 0
      },
      {
        "hour": 11,
        "occupancyPercent": 0
      },
      {
        "hour": 12,
        "occupancyPercent": 0
      },
      {
        "hour": 13,
        "occupancyPercent": 0
      },
      {
        "hour": 14,
        "occupancyPercent": 0
      },
      {
        "hour": 15,
        "occupancyPercent": 0
      },
      {
        "hour": 16,
        "occupancyPercent": 0
      },
      {
        "hour": 17,
        "occupancyPercent": 0
      },
      {
        "hour": 18,
        "occupancyPercent": 11
      },
      {
        "hour": 19,
        "occupancyPercent": 23
      },
      {
        "hour": 20,
        "occupancyPercent": 39
      },
      {
        "hour": 21,
        "occupancyPercent": 52
      },
      {
        "hour": 22,
        "occupancyPercent": 52
      },
      {
        "hour": 23,
        "occupancyPercent": 43
      },
      {
        "hour": 0,
        "occupancyPercent": 27
      },
      {
        "hour": 1,
        "occupancyPercent": 13
      }
    ],
    "We": [
      {
        "hour": 6,
        "occupancyPercent": 0
      },
      {
        "hour": 7,
        "occupancyPercent": 0
      },
      {
        "hour": 8,
        "occupancyPercent": 0
      },
      {
        "hour": 9,
        "occupancyPercent": 0
      },
      {
        "hour": 10,
        "occupancyPercent": 0
      },
      {
        "hour": 11,
        "occupancyPercent": 0
      },
      {
        "hour": 12,
        "occupancyPercent": 0
      },
      {
        "hour": 13,
        "occupancyPercent": 0
      },
      {
        "hour": 14,
        "occupancyPercent": 0
      },
      {
        "hour": 15,
        "occupancyPercent": 0
      },
      {
        "hour": 16,
        "occupancyPercent": 0
      },
      {
        "hour": 17,
        "occupancyPercent": 1
      },
      {
        "hour": 18,
        "occupancyPercent": 5
      },
      {
        "hour": 19,
        "occupancyPercent": 25
      },
      {
        "hour": 20,
        "occupancyPercent": 66
      },
      {
        "hour": 21,
        "occupancyPercent": 100
      },
      {
        "hour": 22,
        "occupancyPercent": 88
      },
      {
        "hour": 23,
        "occupancyPercent": 62
      },
      {
        "hour": 0,
        "occupancyPercent": 82
      },
      {
        "hour": 1,
        "occupancyPercent": 72
      }
    ],
    "Th": [
      {
        "hour": 6,
        "occupancyPercent": 0
      },
      {
        "hour": 7,
        "occupancyPercent": 0
      },
      {
        "hour": 8,
        "occupancyPercent": 0
      },
      {
        "hour": 9,
        "occupancyPercent": 0
      },
      {
        "hour": 10,
        "occupancyPercent": 0
      },
      {
        "hour": 11,
        "occupancyPercent": 0
      },
      {
        "hour": 12,
        "occupancyPercent": 0
      },
      {
        "hour": 13,
        "occupancyPercent": 0
      },
      {
        "hour": 14,
        "occupancyPercent": 0
      },
      {
        "hour": 15,
        "occupancyPercent": 0
      },
      {
        "hour": 16,
        "occupancyPercent": 0
      },
      {
        "hour": 17,
        "occupancyPercent": 11
      },
      {
        "hour": 18,
        "occupancyPercent": 21
      },
      {
        "hour": 19,
        "occupancyPercent": 41
      },
      {
        "hour": 20,
        "occupancyPercent": 62
      },
      {
        "hour": 21,
        "occupancyPercent": 64
      },
      {
        "hour": 22,
        "occupancyPercent": 58
      },
      {
        "hour": 23,
        "occupancyPercent": 64
      },
      {
        "hour": 0,
        "occupancyPercent": 60
      },
      {
        "hour": 1,
        "occupancyPercent": 35
      }
    ],
    "Fr": [
      {
        "hour": 6,
        "occupancyPercent": 0
      },
      {
        "hour": 7,
        "occupancyPercent": 0
      },
      {
        "hour": 8,
        "occupancyPercent": 0
      },
      {
        "hour": 9,
        "occupancyPercent": 0
      },
      {
        "hour": 10,
        "occupancyPercent": 0
      },
      {
        "hour": 11,
        "occupancyPercent": 0
      },
      {
        "hour": 12,
        "occupancyPercent": 0
      },
      {
        "hour": 13,
        "occupancyPercent": 0
      },
      {
        "hour": 14,
        "occupancyPercent": 0
      },
      {
        "hour": 15,
        "occupancyPercent": 0
      },
      {
        "hour": 16,
        "occupancyPercent": 0
      },
      {
        "hour": 17,
        "occupancyPercent": 19
      },
      {
        "hour": 18,
        "occupancyPercent": 39
      },
      {
        "hour": 19,
        "occupancyPercent": 62
      },
      {
        "hour": 20,
        "occupancyPercent": 82
      },
      {
        "hour": 21,
        "occupancyPercent": 94
      },
      {
        "hour": 22,
        "occupancyPercent": 86
      },
      {
        "hour": 23,
        "occupancyPercent": 68
      },
      {
        "hour": 0,
        "occupancyPercent": 45
      },
      {
        "hour": 1,
        "occupancyPercent": 23
      }
    ],
    "Sa": [
      {
        "hour": 6,
        "occupancyPercent": 0
      },
      {
        "hour": 7,
        "occupancyPercent": 0
      },
      {
        "hour": 8,
        "occupancyPercent": 0
      },
      {
        "hour": 9,
        "occupancyPercent": 0
      },
      {
        "hour": 10,
        "occupancyPercent": 0
      },
      {
        "hour": 11,
        "occupancyPercent": 0
      },
      {
        "hour": 12,
        "occupancyPercent": 0
      },
      {
        "hour": 13,
        "occupancyPercent": 0
      },
      {
        "hour": 14,
        "occupancyPercent": 0
      },
      {
        "hour": 15,
        "occupancyPercent": 0
      },
      {
        "hour": 16,
        "occupancyPercent": 0
      },
      {
        "hour": 17,
        "occupancyPercent": 39
      },
      {
        "hour": 18,
        "occupancyPercent": 62
      },
      {
        "hour": 19,
        "occupancyPercent": 80
      },
      {
        "hour": 20,
        "occupancyPercent": 88
      },
      {
        "hour": 21,
        "occupancyPercent": 78
      },
      {
        "hour": 22,
        "occupancyPercent": 56
      },
      {
        "hour": 23,
        "occupancyPercent": 35
      },
      {
        "hour": 0,
        "occupancyPercent": 66
      },
      {
        "hour": 1,
        "occupancyPercent": 15
      }
    ]
  },
  "openingHours": [
    {
      "day": "Tuesday,",
      "hours": "5PM to 2AM"
    },
    {
      "day": "Wednesday,",
      "hours": "5PM to 2AM"
    },
    {
      "day": "Thursday,",
      "hours": "5PM to 2AM"
    },
    {
      "day": "Friday,",
      "hours": "5PM to 2AM"
    },
    {
      "day": "Saturday,",
      "hours": "5PM to 2AM"
    },
    {
      "day": "Sunday,",
      "hours": "5PM to 2AM"
    },
    {
      "day": "Monday,",
      "hours": "5PM to 2AM"
    }
  ],
  "additionalInfo": {
    "Service options": [
      {
        "Kerbside pickup": true
      },
      {
        "No-contact delivery": true
      },
      {
        "Delivery": true
      },
      {
        "Takeaway": true
      },
      {
        "Dine-in": false
      }
    ],
    "Accessibility": [
      {
        "Wheelchair-accessible car park": true
      }
    ],
    "Offerings": [
      {
        "Late-night food": true
      },
      {
        "Vegetarian options": true
      }
    ],
    "Dining options": [
      {
        "Dinner": true
      }
    ],
    "Atmosphere": [
      {
        "Casual": true
      }
    ],
    "Payments": [
      {
        "Debit cards": true
      },
      {
        "Credit cards": true
      }
    ]
  },
  "reviewsCount": 46,
  "reviewsDistribution": {
    "oneStar": 6,
    "twoStar": 0,
    "threeStar": 3,
    "fourStar": 1,
    "fiveStar": 36
  },
  "reviews": [],
  "orderBy": [
    {
      "name": "menulog.com.au",
      "url": "https://www.menulog.com.au/restaurants-amalfi-pizza-pasta-melton/menu?utm_source=google&utm_medium=organic&utm_campaign=orderaction"
    },
    {
      "name": "doordash.com",
      "url": "https://www.doordash.com/en-AU/store/amalfi-pizza-and-pasta-melton-2580141/?utm_campaign=gpa"
    }
  ]
}